$MeshFormat
4.1 0 8
$EndMeshFormat
$PhysicalNames
9
1 1 "inlet"
1 2 "outlet_red"
1 3 "outlet_green"
1 4 "outlet_purple"
1 5 "outlet_yellow"
1 6 "fsi_interface"
1 7 "wall_outer_and_ends"
2 100 "fluid"
2 200 "wall"
$EndPhysicalNames
$Entities
269 269 2 0
1 6.495614606965984 -1.035077757820527 0 0 
2 6.440085947219854 -1.06246146238798 0 0 
3 6.297641901867899 -1.110814700232428 0 0 
4 6.150105121053059 -1.140161590579882 0 0 
5 6 -1.15 0 0 
6 5.849894878946941 -1.140161590579882 0 0 
7 5.702358098132101 -1.110814700232428 0 0 
8 5.559914052780147 -1.06246146238798 0 0 
9 5.43325473670243 -1 0 0 
10 0 -1 0 0 
11 0 1 0 0 
12 5.43325473670243 1 0 0 
13 5.559914052780146 1.062461462387979 0 0 
14 5.7023580981321 1.110814700232428 0 0 
15 5.84989487894694 1.140161590579882 0 0 
16 6 1.15 0 0 
17 6.150105121053059 1.140161590579882 0 0 
18 6.297641901867898 1.110814700232429 0 0 
19 6.440085947219853 1.06246146238798 0 0 
20 6.574999999999999 0.9959292143521048 0 0 
21 6.700075643360027 0.9123563413349211 0 0 
22 6.81317279836453 0.8131727983645298 0 0 
23 6.900168512650091 0.7139731984246621 0 0 
24 10.26066166325661 0.3779238833640103 0 0 
25 10.29992435663997 0.4123563413349202 0 0 
26 10.425 0.495929214352104 0 0 
27 10.55991405278015 0.5624614623879793 0 0 
28 10.7023580981321 0.6108147002324282 0 0 
29 10.84989487894694 0.6401615905798816 0 0 
30 11 0.6499999999999999 0 0 
31 11.15010512105306 0.6401615905798821 0 0 
32 11.2976419018679 0.6108147002324287 0 0 
33 11.44008594721985 0.56246146238798 0 0 
34 11.44060088035537 0.5622075254674891 0 0 
35 15.69130254674348 3.014495755427526 0 0 
36 16.30869745325652 1.985504244572474 0 0 
37 12.93831508853394 -0.1161526257377829 0 0 
38 17 -0.15 0 0 
39 17 -0.85 0 0 
40 13.66308295295696 -0.877807642058692 0 0 
41 16.67087153154335 -2.030103288255781 0 0 
42 16.32912846845665 -2.969896711744219 0 0 
43 11.73016286654877 -1.385970554761588 0 0 
44 11.70007564336003 -1.41235634133492 0 0 
45 11.575 -1.495929214352104 0 0 
46 11.44008594721985 -1.56246146238798 0 0 
47 11.2976419018679 -1.610814700232428 0 0 
48 11.15010512105306 -1.640161590579882 0 0 
49 11 -1.65 0 0 
50 10.84989487894694 -1.640161590579882 0 0 
51 10.7023580981321 -1.610814700232428 0 0 
52 10.55991405278015 -1.56246146238798 0 0 
53 10.425 -1.495929214352104 0 0 
54 10.29992435663997 -1.412356341334921 0 0 
55 10.18682720163547 -1.31317279836453 0 0 
56 10.09983148734991 -1.213973198424662 0 0 
57 8.610103671145241 -1.065000416804195 0 0 
58 12.27735009811262 -3.583974852831078 0 0 
59 11.72264990188738 -4.416025147168922 0 0 
60 6.483749282673817 -1.206046375955806 0 0 
61 6.345857821663373 -1.252854219656694 0 0 
62 6.326905450170318 -1.257932492292913 0 0 
63 6.179368669355478 -1.287279382640366 0 0 
64 6.15991559043758 -1.289840429065672 0 0 
65 6.009810469384521 -1.29967883848579 0 0 
66 5.990189530615479 -1.29967883848579 0 0 
67 5.84008440956242 -1.289840429065673 0 0 
68 5.820631330644521 -1.287279382640367 0 0 
69 5.673094549829681 -1.257932492292913 0 0 
70 5.654142178336627 -1.252854219656694 0 0 
71 5.511698132984673 -1.204500981812246 0 0 
72 5.493570749247297 -1.196992373617883 0 0 
73 5.3982796421269 -1.15 0 0 
74 0 -1.15 0 0 
75 -0.01957892883300775 -1.148716729206072 0 0 
76 -0.03882285676537809 -1.14488887394336 0 0 
77 -0.05740251485476355 -1.138581929876693 0 0 
78 -0.07500000000000007 -1.129903810567666 0 0 
79 -0.09131421435130813 -1.119003001043685 0 0 
80 -0.1060660171779822 -1.106066017177982 0 0 
81 -0.1190030010436853 -1.091314214351308 0 0 
82 -0.1299038105676658 -1.075 0 0 
83 -0.138581929876693 -1.057402514854763 0 0 
84 -0.1448888739433603 -1.038822856765378 0 0 
85 -0.1487167292060716 -1.019578928833008 0 0 
86 -0.15 -1 0 0 
87 -0.15 1 0 0 
88 -0.1487167292060715 1.019578928833008 0 0 
89 -0.1448888739433602 1.038822856765378 0 0 
90 -0.138581929876693 1.057402514854763 0 0 
91 -0.1299038105676658 1.075 0 0 
92 -0.1190030010436852 1.091314214351308 0 0 
93 -0.1060660171779821 1.106066017177982 0 0 
94 -0.0913142143513081 1.119003001043685 0 0 
95 -0.07500000000000002 1.129903810567666 0 0 
96 -0.05740251485476346 1.138581929876693 0 0 
97 -0.03882285676537812 1.14488887394336 0 0 
98 -0.01957892883300774 1.148716729206072 0 0 
99 0 1.15 0 0 
100 5.3982796421269 1.15 0 0 
101 5.493570749247296 1.196992373617883 0 0 
102 5.511698132984672 1.204500981812245 0 0 
103 5.654142178336626 1.252854219656694 0 0 
104 5.673094549829681 1.257932492292913 0 0 
105 5.820631330644521 1.287279382640366 0 0 
106 5.840084409562419 1.289840429065672 0 0 
107 5.990189530615479 1.29967883848579 0 0 
108 6.009810469384521 1.29967883848579 0 0 
109 6.15991559043758 1.289840429065673 0 0 
110 6.179368669355479 1.287279382640367 0 0 
111 6.326905450170318 1.257932492292913 0 0 
112 6.345857821663373 1.252854219656695 0 0 
113 6.488301867015327 1.204500981812246 0 0 
114 6.506429250752703 1.196992373617883 0 0 
115 6.64134330353285 1.130460125582008 0 0 
116 6.65833553495294 1.120649656197487 0 0 
117 6.783411178312968 1.037076783180303 0 0 
118 6.798977515625038 1.025132312456768 0 0 
119 6.91207467062954 0.9259487694863768 0 0 
120 6.925948769486377 0.91207467062954 0 0 
121 6.973946706179055 0.8573435133885792 0 0 
122 10.21197985482917 0.5335401985235673 0 0 
123 10.21658882168703 0.5370767831803016 0 0 
124 10.34166446504706 0.6206496561974855 0 0 
125 10.35865669646715 0.6304601255820073 0 0 
126 10.4935707492473 0.6969923736178826 0 0 
127 10.51169813298467 0.7045009818122452 0 0 
128 10.65414217833663 0.7528542196566941 0 0 
129 10.67309454982968 0.7579324922929128 0 0 
130 10.82063133064452 0.7872793826403662 0 0 
131 10.84008440956242 0.7898404290656722 0 0 
132 10.99018953061548 0.7996788384857905 0 0 
133 11.00981046938452 0.7996788384857905 0 0 
134 11.15991559043758 0.7898404290656726 0 0 
135 11.17936866935548 0.7872793826403667 0 0 
136 11.32690545017032 0.7579324922929133 0 0 
137 11.34585782166337 0.7528542196566945 0 0 
138 11.42398094908854 0.726334991336494 0 0 
139 15.61635772417727 3.144431407080635 0 0 
140 15.63375975890212 3.153019499123122 0 0 
141 15.6521248965698 3.159289096872735 0 0 
142 15.67114575690216 3.163135265058354 0 0 
143 15.69050398468477 3.164493629741259 0 0 
144 15.70987557812965 3.163341455752152 0 0 
145 15.72893631174559 3.159698027213357 0 0 
146 15.74736716295257 3.153624324777346 0 0 
147 15.7648596516143 3.145222004983705 0 0 
148 15.78112100312008 3.134631698817195 0 0 
149 15.79587904860086 3.12203065794422 0 0 
150 15.80888678026354 3.107629788023037 0 0 
151 15.81992648560037 3.091670118741655 0 0 
152 16.4373213921134 2.062678607886602 0 0 
153 16.44620878341921 2.045426144382868 0 0 
154 16.45279433760384 2.027170632961614 0 0 
155 16.45696781740125 2.008217657270424 0 0 
156 16.45865936187192 1.988884475988648 0 0 
157 16.45784065582282 1.969494712153691 0 0 
158 16.45452540378269 1.950372935952704 0 0 
159 16.44876910059841 1.931839231659689 0 0 
160 16.44066810249266 1.914203839663452 0 0 
161 16.43035801413262 1.897761963274842 0 0 
162 16.41801141870892 1.882788827243475 0 0 
163 16.4038349890218 1.869535070700661 0 0 
164 16.38806602793247 1.858222551647261 0 0 
165 13.4554517525485 0.02954311030500984 0 0 
166 17.00124995659948 -5.208062081707432e-06 0 0 
167 17.02071435084812 -0.001437165923165951 0 0 
168 17.03982806204942 -0.005384214300832746 0 0 
169 17.05826750514203 -0.01177953174539148 0 0 
170 17.07572051006848 -0.02051484890162084 0 0 
171 17.09189160664975 -0.03144228145191545 0 0 
172 17.10650702673984 -0.04437683371987604 0 0 
173 17.11931933897615 -0.05909953054965326 0 0 
174 17.13011163766219 -0.07536112443997815 0 0 
175 17.13870121486666 -0.09288631517305249 0 0 
176 17.14494265357259 -0.1113784105022053 0 0 
177 17.14873028951073 -0.1305243489953288 0 0 
178 17.15 -0.15 0 0 
179 17.15 -0.85 0 0 
180 17.14873028951073 -0.8694756510046712 0 0 
181 17.14494265357259 -0.8886215894977947 0 0 
182 17.13870121486666 -0.9071136848269475 0 0 
183 17.13011163766219 -0.9246388755600219 0 0 
184 17.11931933897615 -0.9409004694503468 0 0 
185 17.10650702673984 -0.955623166280124 0 0 
186 17.09189160664975 -0.9685577185480846 0 0 
187 17.07572051006848 -0.9794851510983792 0 0 
188 17.05826750514203 -0.9882204682546085 0 0 
189 17.03982806204942 -0.9946157856991673 0 0 
190 17.02071435084812 -0.998562834076834 0 0 
191 17.00124995659948 -0.9999947919379183 0 0 
192 14.45666127792239 -1.021199697593561 0 0 
193 16.72453391677733 -1.890030634211531 0 0 
194 16.74217015015044 -1.898131673941488 0 0 
195 16.75861280163981 -1.908441998102088 0 0 
196 16.77358661134106 -1.920789005647558 0 0 
197 16.78684090864741 -1.934966000223709 0 0 
198 16.79815380862677 -1.950735650389586 0 0 
199 16.80733592650941 -1.967833962688951 0 0 
200 16.81423354810319 -1.985974701059985 0 0 
201 16.81873120306189 -2.004854178599623 0 0 
202 16.82075359792847 -2.024156341465502 0 0 
203 16.82026687659292 -2.043558059807927 0 0 
204 16.81727918706399 -2.062734537158473 0 0 
205 16.81184054506662 -2.081364747718787 0 0 
206 16.47009748197991 -3.021158171207224 0 0 
207 16.46229893366179 -3.038930234014539 0 0 
208 16.45227103142594 -3.055546634017115 0 0 
209 16.44018164840477 -3.070729202655678 0 0 
210 16.42623316816253 -3.084223774572893 0 0 
211 16.41065909667236 -3.095804442494761 0 0 
212 16.39372015328552 -3.105277339054658 0 0 
213 16.37569990613208 -3.112483882249995 0 0 
214 16.35690002501945 -3.117303430200601 0 0 
215 16.33763523129779 -3.119655300766567 0 0 
216 16.31822802923477 -3.119500122215939 0 0 
217 16.29900330709962 -3.116840492331261 0 0 
218 16.28028289833748 -3.111720934921126 0 0 
219 11.75785283411364 -1.554154322794885 0 0 
220 11.65833553495294 -1.620649656197486 0 0 
221 11.64134330353285 -1.630460125582008 0 0 
222 11.5064292507527 -1.696992373617883 0 0 
223 11.48830186701533 -1.704500981812245 0 0 
224 11.34585782166337 -1.752854219656694 0 0 
225 11.32690545017032 -1.757932492292913 0 0 
226 11.17936866935548 -1.787279382640366 0 0 
227 11.15991559043758 -1.789840429065672 0 0 
228 11.00981046938452 -1.79967883848579 0 0 
229 10.99018953061548 -1.79967883848579 0 0 
230 10.84008440956242 -1.789840429065673 0 0 
231 10.82063133064452 -1.787279382640367 0 0 
232 10.67309454982968 -1.757932492292913 0 0 
233 10.65414217833663 -1.752854219656694 0 0 
234 10.51169813298467 -1.704500981812246 0 0 
235 10.4935707492473 -1.696992373617883 0 0 
236 10.35865669646715 -1.630460125582007 0 0 
237 10.34166446504706 -1.620649656197486 0 0 
238 10.21658882168703 -1.537076783180303 0 0 
239 10.20102248437496 -1.525132312456767 0 0 
240 10.08792532937046 -1.425948769486376 0 0 
241 10.07405123051362 -1.412074670629539 0 0 
242 10.02605329382095 -1.357343513388579 0 0 
243 9.177038830210408 -1.272442067027525 0 0 
244 12.36227773105118 -3.460333042898304 0 0 
245 12.37756074852752 -3.47236022321909 0 0 
246 12.39115923080643 -3.486263638963469 0 0 
247 12.40284458819274 -3.501809574522483 0 0 
248 12.41242039050932 -3.518736703624744 0 0 
249 12.4197256690769 -3.536760482215841 0 0 
250 12.42463762258821 -3.555577931627322 0 0 
251 12.42707368139077 -3.574872731630466 0 0 
252 12.42699289547798 -3.594320537760905 0 0 
253 12.42439662285635 -3.613594433530182 0 0 
254 12.41932850671743 -3.632370425872886 0 0 
255 12.41187374179836 -3.650332891451205 0 0 
256 12.40215764226329 -3.667179882264863 0 0 
257 11.84745744603806 -4.499230176602707 0 0 
258 11.83564333895433 -4.514678495717255 0 0 
259 11.82192981877398 -4.528468457788053 0 0 
260 11.80654740897261 -4.540368254355789 0 0 
261 11.78975468696314 -4.550177850533175 0 0 
262 11.77183393742457 -4.557732347579758 0 0 
263 11.75308640711299 -4.562904754840142 0 0 
264 11.73382724092112 -4.565608124449509 0 0 
265 11.71438018431104 -4.565797012922165 0 0 
266 11.69507214117181 -4.563468245053883 0 0 
267 11.67622767858414 -4.558660967296908 0 0 
268 11.65816357086667 -4.551455989710369 0 0 
269 11.64118347461812 -4.541974427547895 0 0 
1 6.440085947219854 -1.06246146238798 0 6.495614606965984 -1.035077757820527 0 1 6 2 1 -2 
2 6.297641901867899 -1.110814700232428 0 6.440085947219854 -1.06246146238798 0 1 6 2 2 -3 
3 6.150105121053059 -1.140161590579882 0 6.297641901867899 -1.110814700232428 0 1 6 2 3 -4 
4 6 -1.15 0 6.150105121053059 -1.140161590579882 0 1 6 2 4 -5 
5 5.849894878946941 -1.15 0 6 -1.140161590579882 0 1 6 2 5 -6 
6 5.702358098132101 -1.140161590579882 0 5.849894878946941 -1.110814700232428 0 1 6 2 6 -7 
7 5.559914052780147 -1.110814700232428 0 5.702358098132101 -1.06246146238798 0 1 6 2 7 -8 
8 5.43325473670243 -1.06246146238798 0 5.559914052780147 -1 0 1 6 2 8 -9 
9 0 -1 0 5.43325473670243 -1 0 1 6 2 9 -10 
10 0 -1 0 0 1 0 1 1 2 10 -11 
11 0 1 0 5.43325473670243 1 0 1 6 2 11 -12 
12 5.43325473670243 1 0 5.559914052780146 1.062461462387979 0 1 6 2 12 -13 
13 5.559914052780146 1.062461462387979 0 5.7023580981321 1.110814700232428 0 1 6 2 13 -14 
14 5.7023580981321 1.110814700232428 0 5.84989487894694 1.140161590579882 0 1 6 2 14 -15 
15 5.84989487894694 1.140161590579882 0 6 1.15 0 1 6 2 15 -16 
16 6 1.140161590579882 0 6.150105121053059 1.15 0 1 6 2 16 -17 
17 6.150105121053059 1.110814700232429 0 6.297641901867898 1.140161590579882 0 1 6 2 17 -18 
18 6.297641901867898 1.06246146238798 0 6.440085947219853 1.110814700232429 0 1 6 2 18 -19 
19 6.440085947219853 0.9959292143521048 0 6.574999999999999 1.06246146238798 0 1 6 2 19 -20 
20 6.574999999999999 0.9123563413349211 0 6.700075643360027 0.9959292143521048 0 1 6 2 20 -21 
21 6.700075643360027 0.8131727983645298 0 6.81317279836453 0.9123563413349211 0 1 6 2 21 -22 
22 6.81317279836453 0.7139731984246621 0 6.900168512650091 0.8131727983645298 0 1 6 2 22 -23 
23 6.900168512650091 0.3779238833640103 0 10.26066166325661 0.7139731984246621 0 1 6 2 23 -24 
24 10.26066166325661 0.3779238833640103 0 10.29992435663997 0.4123563413349202 0 1 6 2 24 -25 
25 10.29992435663997 0.4123563413349202 0 10.425 0.495929214352104 0 1 6 2 25 -26 
26 10.425 0.495929214352104 0 10.55991405278015 0.5624614623879793 0 1 6 2 26 -27 
27 10.55991405278015 0.5624614623879793 0 10.7023580981321 0.6108147002324282 0 1 6 2 27 -28 
28 10.7023580981321 0.6108147002324282 0 10.84989487894694 0.6401615905798816 0 1 6 2 28 -29 
29 10.84989487894694 0.6401615905798816 0 11 0.6499999999999999 0 1 6 2 29 -30 
30 11 0.6401615905798821 0 11.15010512105306 0.6499999999999999 0 1 6 2 30 -31 
31 11.15010512105306 0.6108147002324287 0 11.2976419018679 0.6401615905798821 0 1 6 2 31 -32 
32 11.2976419018679 0.56246146238798 0 11.44008594721985 0.6108147002324287 0 1 6 2 32 -33 
33 11.44008594721985 0.5622075254674891 0 11.44060088035537 0.56246146238798 0 1 6 2 33 -34 
34 11.44060088035537 0.5622075254674892 0 15.69130254674348 3.014495755427526 0 1 6 2 34 -35 
35 15.69130254674348 1.985504244572474 0 16.30869745325652 3.014495755427526 0 1 3 2 35 -36 
36 12.93831508853394 -0.116152625737783 0 16.30869745325652 1.985504244572474 0 1 6 2 36 -37 
37 12.93831508853394 -0.15 0 17 -0.1161526257377829 0 1 6 2 37 -38 
38 17 -0.85 0 17 -0.15 0 1 4 2 38 -39 
39 13.66308295295696 -0.877807642058692 0 17 -0.85 0 1 6 2 39 -40 
40 13.66308295295696 -2.030103288255781 0 16.67087153154335 -0.877807642058692 0 1 6 2 40 -41 
41 16.32912846845665 -2.969896711744219 0 16.67087153154335 -2.030103288255781 0 1 5 2 41 -42 
42 11.73016286654877 -2.969896711744219 0 16.32912846845665 -1.385970554761588 0 1 6 2 42 -43 
43 11.70007564336003 -1.41235634133492 0 11.73016286654877 -1.385970554761588 0 1 6 2 43 -44 
44 11.575 -1.495929214352104 0 11.70007564336003 -1.41235634133492 0 1 6 2 44 -45 
45 11.44008594721985 -1.56246146238798 0 11.575 -1.495929214352104 0 1 6 2 45 -46 
46 11.2976419018679 -1.610814700232428 0 11.44008594721985 -1.56246146238798 0 1 6 2 46 -47 
47 11.15010512105306 -1.640161590579882 0 11.2976419018679 -1.610814700232428 0 1 6 2 47 -48 
48 11 -1.65 0 11.15010512105306 -1.640161590579882 0 1 6 2 48 -49 
49 10.84989487894694 -1.65 0 11 -1.640161590579882 0 1 6 2 49 -50 
50 10.7023580981321 -1.640161590579882 0 10.84989487894694 -1.610814700232428 0 1 6 2 50 -51 
51 10.55991405278015 -1.610814700232428 0 10.7023580981321 -1.56246146238798 0 1 6 2 51 -52 
52 10.425 -1.56246146238798 0 10.55991405278015 -1.495929214352104 0 1 6 2 52 -53 
53 10.29992435663997 -1.495929214352104 0 10.425 -1.412356341334921 0 1 6 2 53 -54 
54 10.18682720163547 -1.412356341334921 0 10.29992435663997 -1.31317279836453 0 1 6 2 54 -55 
55 10.09983148734991 -1.31317279836453 0 10.18682720163547 -1.213973198424662 0 1 6 2 55 -56 
56 8.610103671145241 -1.213973198424662 0 10.09983148734991 -1.065000416804195 0 1 6 2 56 -57 
57 8.610103671145241 -3.583974852831078 0 12.27735009811262 -1.065000416804195 0 1 6 2 57 -58 
58 11.72264990188738 -4.416025147168922 0 12.27735009811262 -3.583974852831078 0 1 2 2 58 -59 
59 6.495614606965984 -4.416025147168922 0 11.72264990188738 -1.035077757820527 0 1 6 2 59 -1 
60 6.345857821663373 -1.252854219656694 0 6.483749282673817 -1.206046375955806 0 1 7 2 60 -61 
61 6.326905450170318 -1.257932492292913 0 6.345857821663373 -1.252854219656694 0 1 7 2 61 -62 
62 6.179368669355478 -1.287279382640366 0 6.326905450170318 -1.257932492292913 0 1 7 2 62 -63 
63 6.15991559043758 -1.289840429065672 0 6.179368669355478 -1.287279382640366 0 1 7 2 63 -64 
64 6.009810469384521 -1.29967883848579 0 6.15991559043758 -1.289840429065672 0 1 7 2 64 -65 
65 5.990189530615479 -1.29967883848579 0 6.009810469384521 -1.29967883848579 0 1 7 2 65 -66 
66 5.84008440956242 -1.29967883848579 0 5.990189530615479 -1.289840429065673 0 1 7 2 66 -67 
67 5.820631330644521 -1.289840429065673 0 5.84008440956242 -1.287279382640367 0 1 7 2 67 -68 
68 5.673094549829681 -1.287279382640367 0 5.820631330644521 -1.257932492292913 0 1 7 2 68 -69 
69 5.654142178336627 -1.257932492292913 0 5.673094549829681 -1.252854219656694 0 1 7 2 69 -70 
70 5.511698132984673 -1.252854219656694 0 5.654142178336627 -1.204500981812246 0 1 7 2 70 -71 
71 5.493570749247297 -1.204500981812246 0 5.511698132984673 -1.196992373617883 0 1 7 2 71 -72 
72 5.3982796421269 -1.196992373617883 0 5.493570749247297 -1.15 0 1 7 2 72 -73 
73 0 -1.15 0 5.3982796421269 -1.15 0 1 7 2 73 -74 
74 -0.01957892883300775 -1.15 0 0 -1.148716729206072 0 1 7 2 74 -75 
75 -0.03882285676537809 -1.148716729206072 0 -0.01957892883300775 -1.14488887394336 0 1 7 2 75 -76 
76 -0.05740251485476355 -1.14488887394336 0 -0.03882285676537809 -1.138581929876693 0 1 7 2 76 -77 
77 -0.07500000000000007 -1.138581929876693 0 -0.05740251485476355 -1.129903810567666 0 1 7 2 77 -78 
78 -0.09131421435130813 -1.129903810567666 0 -0.07500000000000007 -1.119003001043685 0 1 7 2 78 -79 
79 -0.1060660171779822 -1.119003001043685 0 -0.09131421435130813 -1.106066017177982 0 1 7 2 79 -80 
80 -0.1190030010436853 -1.106066017177982 0 -0.1060660171779822 -1.091314214351308 0 1 7 2 80 -81 
81 -0.1299038105676658 -1.091314214351308 0 -0.1190030010436853 -1.075 0 1 7 2 81 -82 
82 -0.138581929876693 -1.075 0 -0.1299038105676658 -1.057402514854763 0 1 7 2 82 -83 
83 -0.1448888739433603 -1.057402514854763 0 -0.138581929876693 -1.038822856765378 0 1 7 2 83 -84 
84 -0.1487167292060716 -1.038822856765378 0 -0.1448888739433603 -1.019578928833008 0 1 7 2 84 -85 
85 -0.15 -1.019578928833008 0 -0.1487167292060716 -1 0 1 7 2 85 -86 
86 -0.15 -1 0 -0.15 1 0 1 7 2 86 -87 
87 -0.15 1 0 -0.1487167292060715 1.019578928833008 0 1 7 2 87 -88 
88 -0.1487167292060715 1.019578928833008 0 -0.1448888739433602 1.038822856765378 0 1 7 2 88 -89 
89 -0.1448888739433602 1.038822856765378 0 -0.138581929876693 1.057402514854763 0 1 7 2 89 -90 
90 -0.138581929876693 1.057402514854763 0 -0.1299038105676658 1.075 0 1 7 2 90 -91 
91 -0.1299038105676658 1.075 0 -0.1190030010436852 1.091314214351308 0 1 7 2 91 -92 
92 -0.1190030010436852 1.091314214351308 0 -0.1060660171779821 1.106066017177982 0 1 7 2 92 -93 
93 -0.1060660171779821 1.106066017177982 0 -0.0913142143513081 1.119003001043685 0 1 7 2 93 -94 
94 -0.0913142143513081 1.119003001043685 0 -0.07500000000000002 1.129903810567666 0 1 7 2 94 -95 
95 -0.07500000000000002 1.129903810567666 0 -0.05740251485476346 1.138581929876693 0 1 7 2 95 -96 
96 -0.05740251485476346 1.138581929876693 0 -0.03882285676537812 1.14488887394336 0 1 7 2 96 -97 
97 -0.03882285676537812 1.14488887394336 0 -0.01957892883300774 1.148716729206072 0 1 7 2 97 -98 
98 -0.01957892883300774 1.148716729206072 0 0 1.15 0 1 7 2 98 -99 
99 0 1.15 0 5.3982796421269 1.15 0 1 7 2 99 -100 
100 5.3982796421269 1.15 0 5.493570749247296 1.196992373617883 0 1 7 2 100 -101 
101 5.493570749247296 1.196992373617883 0 5.511698132984672 1.204500981812245 0 1 7 2 101 -102 
102 5.511698132984672 1.204500981812245 0 5.654142178336626 1.252854219656694 0 1 7 2 102 -103 
103 5.654142178336626 1.252854219656694 0 5.673094549829681 1.257932492292913 0 1 7 2 103 -104 
104 5.673094549829681 1.257932492292913 0 5.820631330644521 1.287279382640366 0 1 7 2 104 -105 
105 5.820631330644521 1.287279382640366 0 5.840084409562419 1.289840429065672 0 1 7 2 105 -106 
106 5.840084409562419 1.289840429065672 0 5.990189530615479 1.29967883848579 0 1 7 2 106 -107 
107 5.990189530615479 1.29967883848579 0 6.009810469384521 1.29967883848579 0 1 7 2 107 -108 
108 6.009810469384521 1.289840429065673 0 6.15991559043758 1.29967883848579 0 1 7 2 108 -109 
109 6.15991559043758 1.287279382640367 0 6.179368669355479 1.289840429065673 0 1 7 2 109 -110 
110 6.179368669355479 1.257932492292913 0 6.326905450170318 1.287279382640367 0 1 7 2 110 -111 
111 6.326905450170318 1.252854219656695 0 6.345857821663373 1.257932492292913 0 1 7 2 111 -112 
112 6.345857821663373 1.204500981812246 0 6.488301867015327 1.252854219656695 0 1 7 2 112 -113 
113 6.488301867015327 1.196992373617883 0 6.506429250752703 1.204500981812246 0 1 7 2 113 -114 
114 6.506429250752703 1.130460125582008 0 6.64134330353285 1.196992373617883 0 1 7 2 114 -115 
115 6.64134330353285 1.120649656197487 0 6.65833553495294 1.130460125582008 0 1 7 2 115 -116 
116 6.65833553495294 1.037076783180303 0 6.783411178312968 1.120649656197487 0 1 7 2 116 -117 
117 6.783411178312968 1.025132312456768 0 6.798977515625038 1.037076783180303 0 1 7 2 117 -118 
118 6.798977515625038 0.9259487694863768 0 6.91207467062954 1.025132312456768 0 1 7 2 118 -119 
119 6.91207467062954 0.91207467062954 0 6.925948769486377 0.9259487694863768 0 1 7 2 119 -120 
120 6.925948769486377 0.8573435133885792 0 6.973946706179055 0.91207467062954 0 1 7 2 120 -121 
121 6.973946706179055 0.5335401985235673 0 10.21197985482917 0.8573435133885792 0 1 7 2 121 -122 
122 10.21197985482917 0.5335401985235673 0 10.21658882168703 0.5370767831803016 0 1 7 2 122 -123 
123 10.21658882168703 0.5370767831803016 0 10.34166446504706 0.6206496561974855 0 1 7 2 123 -124 
124 10.34166446504706 0.6206496561974855 0 10.35865669646715 0.6304601255820073 0 1 7 2 124 -125 
125 10.35865669646715 0.6304601255820073 0 10.4935707492473 0.6969923736178826 0 1 7 2 125 -126 
126 10.4935707492473 0.6969923736178826 0 10.51169813298467 0.7045009818122452 0 1 7 2 126 -127 
127 10.51169813298467 0.7045009818122452 0 10.65414217833663 0.7528542196566941 0 1 7 2 127 -128 
128 10.65414217833663 0.7528542196566941 0 10.67309454982968 0.7579324922929128 0 1 7 2 128 -129 
129 10.67309454982968 0.7579324922929128 0 10.82063133064452 0.7872793826403662 0 1 7 2 129 -130 
130 10.82063133064452 0.7872793826403662 0 10.84008440956242 0.7898404290656722 0 1 7 2 130 -131 
131 10.84008440956242 0.7898404290656722 0 10.99018953061548 0.7996788384857905 0 1 7 2 131 -132 
132 10.99018953061548 0.7996788384857905 0 11.00981046938452 0.7996788384857905 0 1 7 2 132 -133 
133 11.00981046938452 0.7898404290656726 0 11.15991559043758 0.7996788384857905 0 1 7 2 133 -134 
134 11.15991559043758 0.7872793826403667 0 11.17936866935548 0.7898404290656726 0 1 7 2 134 -135 
135 11.17936866935548 0.7579324922929133 0 11.32690545017032 0.7872793826403667 0 1 7 2 135 -136 
136 11.32690545017032 0.7528542196566945 0 11.34585782166337 0.7579324922929133 0 1 7 2 136 -137 
137 11.34585782166337 0.726334991336494 0 11.42398094908854 0.7528542196566945 0 1 7 2 137 -138 
138 11.42398094908854 0.726334991336494 0 15.61635772417727 3.144431407080635 0 1 7 2 138 -139 
139 15.61635772417727 3.144431407080635 0 15.63375975890212 3.153019499123122 0 1 7 2 139 -140 
140 15.63375975890212 3.153019499123122 0 15.6521248965698 3.159289096872735 0 1 7 2 140 -141 
141 15.6521248965698 3.159289096872735 0 15.67114575690216 3.163135265058354 0 1 7 2 141 -142 
142 15.67114575690216 3.163135265058354 0 15.69050398468477 3.164493629741259 0 1 7 2 142 -143 
143 15.69050398468477 3.163341455752152 0 15.70987557812965 3.164493629741259 0 1 7 2 143 -144 
144 15.70987557812965 3.159698027213357 0 15.72893631174559 3.163341455752152 0 1 7 2 144 -145 
145 15.72893631174559 3.153624324777346 0 15.74736716295257 3.159698027213357 0 1 7 2 145 -146 
146 15.74736716295257 3.145222004983705 0 15.7648596516143 3.153624324777346 0 1 7 2 146 -147 
147 15.7648596516143 3.134631698817195 0 15.78112100312008 3.145222004983705 0 1 7 2 147 -148 
148 15.78112100312008 3.12203065794422 0 15.79587904860086 3.134631698817195 0 1 7 2 148 -149 
149 15.79587904860086 3.107629788023037 0 15.80888678026354 3.12203065794422 0 1 7 2 149 -150 
150 15.80888678026354 3.091670118741655 0 15.81992648560037 3.107629788023037 0 1 7 2 150 -151 
151 15.81992648560037 2.062678607886602 0 16.4373213921134 3.091670118741655 0 1 7 2 151 -152 
152 16.4373213921134 2.045426144382868 0 16.44620878341921 2.062678607886602 0 1 7 2 152 -153 
153 16.44620878341921 2.027170632961614 0 16.45279433760384 2.045426144382868 0 1 7 2 153 -154 
154 16.45279433760384 2.008217657270424 0 16.45696781740125 2.027170632961614 0 1 7 2 154 -155 
155 16.45696781740125 1.988884475988648 0 16.45865936187192 2.008217657270424 0 1 7 2 155 -156 
156 16.45784065582282 1.969494712153691 0 16.45865936187192 1.988884475988648 0 1 7 2 156 -157 
157 16.45452540378269 1.950372935952704 0 16.45784065582282 1.969494712153691 0 1 7 2 157 -158 
158 16.44876910059841 1.931839231659689 0 16.45452540378269 1.950372935952704 0 1 7 2 158 -159 
159 16.44066810249266 1.914203839663452 0 16.44876910059841 1.931839231659689 0 1 7 2 159 -160 
160 16.43035801413262 1.897761963274842 0 16.44066810249266 1.914203839663452 0 1 7 2 160 -161 
161 16.41801141870892 1.882788827243475 0 16.43035801413262 1.897761963274842 0 1 7 2 161 -162 
162 16.4038349890218 1.869535070700661 0 16.41801141870892 1.882788827243475 0 1 7 2 162 -163 
163 16.38806602793247 1.858222551647261 0 16.4038349890218 1.869535070700661 0 1 7 2 163 -164 
164 13.4554517525485 0.02954311030500989 0 16.38806602793247 1.858222551647261 0 1 7 2 164 -165 
165 13.4554517525485 -5.208062081707432e-06 0 17.00124995659948 0.02954311030500984 0 1 7 2 165 -166 
166 17.00124995659948 -0.001437165923165951 0 17.02071435084812 -5.208062081707432e-06 0 1 7 2 166 -167 
167 17.02071435084812 -0.005384214300832746 0 17.03982806204942 -0.001437165923165951 0 1 7 2 167 -168 
168 17.03982806204942 -0.01177953174539148 0 17.05826750514203 -0.005384214300832746 0 1 7 2 168 -169 
169 17.05826750514203 -0.02051484890162084 0 17.07572051006848 -0.01177953174539148 0 1 7 2 169 -170 
170 17.07572051006848 -0.03144228145191545 0 17.09189160664975 -0.02051484890162084 0 1 7 2 170 -171 
171 17.09189160664975 -0.04437683371987604 0 17.10650702673984 -0.03144228145191545 0 1 7 2 171 -172 
172 17.10650702673984 -0.05909953054965326 0 17.11931933897615 -0.04437683371987604 0 1 7 2 172 -173 
173 17.11931933897615 -0.07536112443997815 0 17.13011163766219 -0.05909953054965326 0 1 7 2 173 -174 
174 17.13011163766219 -0.09288631517305249 0 17.13870121486666 -0.07536112443997815 0 1 7 2 174 -175 
175 17.13870121486666 -0.1113784105022053 0 17.14494265357259 -0.09288631517305249 0 1 7 2 175 -176 
176 17.14494265357259 -0.1305243489953288 0 17.14873028951073 -0.1113784105022053 0 1 7 2 176 -177 
177 17.14873028951073 -0.15 0 17.15 -0.1305243489953288 0 1 7 2 177 -178 
178 17.15 -0.85 0 17.15 -0.15 0 1 7 2 178 -179 
179 17.14873028951073 -0.8694756510046712 0 17.15 -0.85 0 1 7 2 179 -180 
180 17.14494265357259 -0.8886215894977947 0 17.14873028951073 -0.8694756510046712 0 1 7 2 180 -181 
181 17.13870121486666 -0.9071136848269475 0 17.14494265357259 -0.8886215894977947 0 1 7 2 181 -182 
182 17.13011163766219 -0.9246388755600219 0 17.13870121486666 -0.9071136848269475 0 1 7 2 182 -183 
183 17.11931933897615 -0.9409004694503468 0 17.13011163766219 -0.9246388755600219 0 1 7 2 183 -184 
184 17.10650702673984 -0.955623166280124 0 17.11931933897615 -0.9409004694503468 0 1 7 2 184 -185 
185 17.09189160664975 -0.9685577185480846 0 17.10650702673984 -0.955623166280124 0 1 7 2 185 -186 
186 17.07572051006848 -0.9794851510983792 0 17.09189160664975 -0.9685577185480846 0 1 7 2 186 -187 
187 17.05826750514203 -0.9882204682546085 0 17.07572051006848 -0.9794851510983792 0 1 7 2 187 -188 
188 17.03982806204942 -0.9946157856991673 0 17.05826750514203 -0.9882204682546085 0 1 7 2 188 -189 
189 17.02071435084812 -0.998562834076834 0 17.03982806204942 -0.9946157856991673 0 1 7 2 189 -190 
190 17.00124995659948 -0.9999947919379183 0 17.02071435084812 -0.998562834076834 0 1 7 2 190 -191 
191 14.45666127792239 -1.021199697593561 0 17.00124995659948 -0.9999947919379183 0 1 7 2 191 -192 
192 14.45666127792239 -1.890030634211531 0 16.72453391677733 -1.021199697593561 0 1 7 2 192 -193 
193 16.72453391677733 -1.898131673941488 0 16.74217015015044 -1.890030634211531 0 1 7 2 193 -194 
194 16.74217015015044 -1.908441998102088 0 16.75861280163981 -1.898131673941488 0 1 7 2 194 -195 
195 16.75861280163981 -1.920789005647558 0 16.77358661134106 -1.908441998102088 0 1 7 2 195 -196 
196 16.77358661134106 -1.934966000223709 0 16.78684090864741 -1.920789005647558 0 1 7 2 196 -197 
197 16.78684090864741 -1.950735650389586 0 16.79815380862677 -1.934966000223709 0 1 7 2 197 -198 
198 16.79815380862677 -1.967833962688951 0 16.80733592650941 -1.950735650389586 0 1 7 2 198 -199 
199 16.80733592650941 -1.985974701059985 0 16.81423354810319 -1.967833962688951 0 1 7 2 199 -200 
200 16.81423354810319 -2.004854178599623 0 16.81873120306189 -1.985974701059985 0 1 7 2 200 -201 
201 16.81873120306189 -2.024156341465502 0 16.82075359792847 -2.004854178599623 0 1 7 2 201 -202 
202 16.82026687659292 -2.043558059807927 0 16.82075359792847 -2.024156341465502 0 1 7 2 202 -203 
203 16.81727918706399 -2.062734537158473 0 16.82026687659292 -2.043558059807927 0 1 7 2 203 -204 
204 16.81184054506662 -2.081364747718787 0 16.81727918706399 -2.062734537158473 0 1 7 2 204 -205 
205 16.47009748197991 -3.021158171207224 0 16.81184054506662 -2.081364747718787 0 1 7 2 205 -206 
206 16.46229893366179 -3.038930234014539 0 16.47009748197991 -3.021158171207224 0 1 7 2 206 -207 
207 16.45227103142594 -3.055546634017115 0 16.46229893366179 -3.038930234014539 0 1 7 2 207 -208 
208 16.44018164840477 -3.070729202655678 0 16.45227103142594 -3.055546634017115 0 1 7 2 208 -209 
209 16.42623316816253 -3.084223774572893 0 16.44018164840477 -3.070729202655678 0 1 7 2 209 -210 
210 16.41065909667236 -3.095804442494761 0 16.42623316816253 -3.084223774572893 0 1 7 2 210 -211 
211 16.39372015328552 -3.105277339054658 0 16.41065909667236 -3.095804442494761 0 1 7 2 211 -212 
212 16.37569990613208 -3.112483882249995 0 16.39372015328552 -3.105277339054658 0 1 7 2 212 -213 
213 16.35690002501945 -3.117303430200601 0 16.37569990613208 -3.112483882249995 0 1 7 2 213 -214 
214 16.33763523129779 -3.119655300766567 0 16.35690002501945 -3.117303430200601 0 1 7 2 214 -215 
215 16.31822802923477 -3.119655300766567 0 16.33763523129779 -3.119500122215939 0 1 7 2 215 -216 
216 16.29900330709962 -3.119500122215939 0 16.31822802923477 -3.116840492331261 0 1 7 2 216 -217 
217 16.28028289833748 -3.116840492331261 0 16.29900330709962 -3.111720934921126 0 1 7 2 217 -218 
218 11.75785283411364 -3.111720934921126 0 16.28028289833748 -1.554154322794885 0 1 7 2 218 -219 
219 11.65833553495294 -1.620649656197486 0 11.75785283411364 -1.554154322794885 0 1 7 2 219 -220 
220 11.64134330353285 -1.630460125582008 0 11.65833553495294 -1.620649656197486 0 1 7 2 220 -221 
221 11.5064292507527 -1.696992373617883 0 11.64134330353285 -1.630460125582008 0 1 7 2 221 -222 
222 11.48830186701533 -1.704500981812245 0 11.5064292507527 -1.696992373617883 0 1 7 2 222 -223 
223 11.34585782166337 -1.752854219656694 0 11.48830186701533 -1.704500981812245 0 1 7 2 223 -224 
224 11.32690545017032 -1.757932492292913 0 11.34585782166337 -1.752854219656694 0 1 7 2 224 -225 
225 11.17936866935548 -1.787279382640366 0 11.32690545017032 -1.757932492292913 0 1 7 2 225 -226 
226 11.15991559043758 -1.789840429065672 0 11.17936866935548 -1.787279382640366 0 1 7 2 226 -227 
227 11.00981046938452 -1.79967883848579 0 11.15991559043758 -1.789840429065672 0 1 7 2 227 -228 
228 10.99018953061548 -1.79967883848579 0 11.00981046938452 -1.79967883848579 0 1 7 2 228 -229 
229 10.84008440956242 -1.79967883848579 0 10.99018953061548 -1.789840429065673 0 1 7 2 229 -230 
230 10.82063133064452 -1.789840429065673 0 10.84008440956242 -1.787279382640367 0 1 7 2 230 -231 
231 10.67309454982968 -1.787279382640367 0 10.82063133064452 -1.757932492292913 0 1 7 2 231 -232 
232 10.65414217833663 -1.757932492292913 0 10.67309454982968 -1.752854219656694 0 1 7 2 232 -233 
233 10.51169813298467 -1.752854219656694 0 10.65414217833663 -1.704500981812246 0 1 7 2 233 -234 
234 10.4935707492473 -1.704500981812246 0 10.51169813298467 -1.696992373617883 0 1 7 2 234 -235 
235 10.35865669646715 -1.696992373617883 0 10.4935707492473 -1.630460125582007 0 1 7 2 235 -236 
236 10.34166446504706 -1.630460125582007 0 10.35865669646715 -1.620649656197486 0 1 7 2 236 -237 
237 10.21658882168703 -1.620649656197486 0 10.34166446504706 -1.537076783180303 0 1 7 2 237 -238 
238 10.20102248437496 -1.537076783180303 0 10.21658882168703 -1.525132312456767 0 1 7 2 238 -239 
239 10.08792532937046 -1.525132312456767 0 10.20102248437496 -1.425948769486376 0 1 7 2 239 -240 
240 10.07405123051362 -1.425948769486376 0 10.08792532937046 -1.412074670629539 0 1 7 2 240 -241 
241 10.02605329382095 -1.412074670629539 0 10.07405123051362 -1.357343513388579 0 1 7 2 241 -242 
242 9.177038830210408 -1.357343513388579 0 10.02605329382095 -1.272442067027525 0 1 7 2 242 -243 
243 9.177038830210408 -3.460333042898305 0 12.36227773105118 -1.272442067027525 0 1 7 2 243 -244 
244 12.36227773105118 -3.47236022321909 0 12.37756074852752 -3.460333042898304 0 1 7 2 244 -245 
245 12.37756074852752 -3.486263638963469 0 12.39115923080643 -3.47236022321909 0 1 7 2 245 -246 
246 12.39115923080643 -3.501809574522483 0 12.40284458819274 -3.486263638963469 0 1 7 2 246 -247 
247 12.40284458819274 -3.518736703624744 0 12.41242039050932 -3.501809574522483 0 1 7 2 247 -248 
248 12.41242039050932 -3.536760482215841 0 12.4197256690769 -3.518736703624744 0 1 7 2 248 -249 
249 12.4197256690769 -3.555577931627322 0 12.42463762258821 -3.536760482215841 0 1 7 2 249 -250 
250 12.42463762258821 -3.574872731630466 0 12.42707368139077 -3.555577931627322 0 1 7 2 250 -251 
251 12.42699289547798 -3.594320537760905 0 12.42707368139077 -3.574872731630466 0 1 7 2 251 -252 
252 12.42439662285635 -3.613594433530182 0 12.42699289547798 -3.594320537760905 0 1 7 2 252 -253 
253 12.41932850671743 -3.632370425872886 0 12.42439662285635 -3.613594433530182 0 1 7 2 253 -254 
254 12.41187374179836 -3.650332891451205 0 12.41932850671743 -3.632370425872886 0 1 7 2 254 -255 
255 12.40215764226329 -3.667179882264863 0 12.41187374179836 -3.650332891451205 0 1 7 2 255 -256 
256 11.84745744603806 -4.499230176602707 0 12.40215764226329 -3.667179882264863 0 1 7 2 256 -257 
257 11.83564333895433 -4.514678495717255 0 11.84745744603806 -4.499230176602707 0 1 7 2 257 -258 
258 11.82192981877398 -4.528468457788053 0 11.83564333895433 -4.514678495717255 0 1 7 2 258 -259 
259 11.80654740897261 -4.540368254355789 0 11.82192981877398 -4.528468457788053 0 1 7 2 259 -260 
260 11.78975468696314 -4.550177850533175 0 11.80654740897261 -4.540368254355789 0 1 7 2 260 -261 
261 11.77183393742457 -4.557732347579758 0 11.78975468696314 -4.550177850533175 0 1 7 2 261 -262 
262 11.75308640711299 -4.562904754840142 0 11.77183393742457 -4.557732347579758 0 1 7 2 262 -263 
263 11.73382724092112 -4.565608124449509 0 11.75308640711299 -4.562904754840142 0 1 7 2 263 -264 
264 11.71438018431104 -4.565797012922165 0 11.73382724092112 -4.565608124449509 0 1 7 2 264 -265 
265 11.69507214117181 -4.565797012922165 0 11.71438018431104 -4.563468245053883 0 1 7 2 265 -266 
266 11.67622767858414 -4.563468245053883 0 11.69507214117181 -4.558660967296908 0 1 7 2 266 -267 
267 11.65816357086667 -4.558660967296908 0 11.67622767858414 -4.551455989710369 0 1 7 2 267 -268 
268 11.64118347461812 -4.551455989710369 0 11.65816357086667 -4.541974427547895 0 1 7 2 268 -269 
269 6.483749282673817 -4.541974427547895 0 11.64118347461812 -1.206046375955806 0 1 7 2 269 -60 
1 0 -4.416025147168922 0 17 3.014495755427527 0 1 100 59 1 2 3 4 5 6 7 8 9 10 11 12 13 14 15 16 17 18 19 20 21 22 23 24 25 26 27 28 29 30 31 32 33 34 35 36 37 38 39 40 41 42 43 44 45 46 47 48 49 50 51 52 53 54 55 56 57 58 59 
2 -0.1500000000000004 -4.565797012922165 0 17.15 3.164493629741259 0 1 200 269 60 61 62 63 64 65 66 67 68 69 70 71 72 73 74 75 76 77 78 79 80 81 82 83 84 85 86 87 88 89 90 91 92 93 94 95 96 97 98 99 100 101 102 103 104 105 106 107 108 109 110 111 112 113 114 115 116 117 118 119 120 121 122 123 124 125 126 127 128 129 130 131 132 133 134 135 136 137 138 139 140 141 142 143 144 145 146 147 148 149 150 151 152 153 154 155 156 157 158 159 160 161 162 163 164 165 166 167 168 169 170 171 172 173 174 175 176 177 178 179 180 181 182 183 184 185 186 187 188 189 190 191 192 193 194 195 196 197 198 199 200 201 202 203 204 205 206 207 208 209 210 211 212 213 214 215 216 217 218 219 220 221 222 223 224 225 226 227 228 229 230 231 232 233 234 235 236 237 238 239 240 241 242 243 244 245 246 247 248 249 250 251 252 253 254 255 256 257 258 259 260 261 262 263 264 265 266 267 268 269 -59 -58 -57 -56 -55 -54 -53 -52 -51 -50 -49 -48 -47 -46 -45 -44 -43 -42 -41 -40 -39 -38 -37 -36 -35 -34 -33 -32 -31 -30 -29 -28 -27 -26 -25 -24 -23 -22 -21 -20 -19 -18 -17 -16 -15 -14 -13 -12 -11 -10 -9 -8 -7 -6 -5 -4 -3 -2 -1 
$EndEntities
$Nodes
540 3683 1 3683
0 1 0 1
1
6.495614606965984 -1.035077757820527 0
0 2 0 1
2
6.440085947219854 -1.06246146238798 0
0 3 0 1
3
6.297641901867899 -1.110814700232428 0
0 4 0 1
4
6.150105121053059 -1.140161590579882 0
0 5 0 1
5
6 -1.15 0
0 6 0 1
6
5.849894878946941 -1.140161590579882 0
0 7 0 1
7
5.702358098132101 -1.110814700232428 0
0 8 0 1
8
5.559914052780147 -1.06246146238798 0
0 9 0 1
9
5.43325473670243 -1 0
0 10 0 1
10
0 -1 0
0 11 0 1
11
0 1 0
0 12 0 1
12
5.43325473670243 1 0
0 13 0 1
13
5.559914052780146 1.062461462387979 0
0 14 0 1
14
5.7023580981321 1.110814700232428 0
0 15 0 1
15
5.84989487894694 1.140161590579882 0
0 16 0 1
16
6 1.15 0
0 17 0 1
17
6.150105121053059 1.140161590579882 0
0 18 0 1
18
6.297641901867898 1.110814700232429 0
0 19 0 1
19
6.440085947219853 1.06246146238798 0
0 20 0 1
20
6.574999999999999 0.9959292143521048 0
0 21 0 1
21
6.700075643360027 0.9123563413349211 0
0 22 0 1
22
6.81317279836453 0.8131727983645298 0
0 23 0 1
23
6.900168512650091 0.7139731984246621 0
0 24 0 1
24
10.26066166325661 0.3779238833640103 0
0 25 0 1
25
10.29992435663997 0.4123563413349202 0
0 26 0 1
26
10.425 0.495929214352104 0
0 27 0 1
27
10.55991405278015 0.5624614623879793 0
0 28 0 1
28
10.7023580981321 0.6108147002324282 0
0 29 0 1
29
10.84989487894694 0.6401615905798816 0
0 30 0 1
30
11 0.6499999999999999 0
0 31 0 1
31
11.15010512105306 0.6401615905798821 0
0 32 0 1
32
11.2976419018679 0.6108147002324287 0
0 33 0 1
33
11.44008594721985 0.56246146238798 0
0 34 0 1
34
11.44060088035537 0.5622075254674891 0
0 35 0 1
35
15.69130254674348 3.014495755427526 0
0 36 0 1
36
16.30869745325652 1.985504244572474 0
0 37 0 1
37
12.93831508853394 -0.1161526257377829 0
0 38 0 1
38
17 -0.15 0
0 39 0 1
39
17 -0.85 0
0 40 0 1
40
13.66308295295696 -0.877807642058692 0
0 41 0 1
41
16.67087153154335 -2.030103288255781 0
0 42 0 1
42
16.32912846845665 -2.969896711744219 0
0 43 0 1
43
11.73016286654877 -1.385970554761588 0
0 44 0 1
44
11.70007564336003 -1.41235634133492 0
0 45 0 1
45
11.575 -1.495929214352104 0
0 46 0 1
46
11.44008594721985 -1.56246146238798 0
0 47 0 1
47
11.2976419018679 -1.610814700232428 0
0 48 0 1
48
11.15010512105306 -1.640161590579882 0
0 49 0 1
49
11 -1.65 0
0 50 0 1
50
10.84989487894694 -1.640161590579882 0
0 51 0 1
51
10.7023580981321 -1.610814700232428 0
0 52 0 1
52
10.55991405278015 -1.56246146238798 0
0 53 0 1
53
10.425 -1.495929214352104 0
0 54 0 1
54
10.29992435663997 -1.412356341334921 0
0 55 0 1
55
10.18682720163547 -1.31317279836453 0
0 56 0 1
56
10.09983148734991 -1.213973198424662 0
0 57 0 1
57
8.610103671145241 -1.065000416804195 0
0 58 0 1
58
12.27735009811262 -3.583974852831078 0
0 59 0 1
59
11.72264990188738 -4.416025147168922 0
0 60 0 1
60
6.483749282673817 -1.206046375955806 0
0 61 0 1
61
6.345857821663373 -1.252854219656694 0
0 62 0 1
62
6.326905450170318 -1.257932492292913 0
0 63 0 1
63
6.179368669355478 -1.287279382640366 0
0 64 0 1
64
6.15991559043758 -1.289840429065672 0
0 65 0 1
65
6.009810469384521 -1.29967883848579 0
0 66 0 1
66
5.990189530615479 -1.29967883848579 0
0 67 0 1
67
5.84008440956242 -1.289840429065673 0
0 68 0 1
68
5.820631330644521 -1.287279382640367 0
0 69 0 1
69
5.673094549829681 -1.257932492292913 0
0 70 0 1
70
5.654142178336627 -1.252854219656694 0
0 71 0 1
71
5.511698132984673 -1.204500981812246 0
0 72 0 1
72
5.493570749247297 -1.196992373617883 0
0 73 0 1
73
5.3982796421269 -1.15 0
0 74 0 1
74
0 -1.15 0
0 75 0 1
75
-0.01957892883300775 -1.148716729206072 0
0 76 0 1
76
-0.03882285676537809 -1.14488887394336 0
0 77 0 1
77
-0.05740251485476355 -1.138581929876693 0
0 78 0 1
78
-0.07500000000000007 -1.129903810567666 0
0 79 0 1
79
-0.09131421435130813 -1.119003001043685 0
0 80 0 1
80
-0.1060660171779822 -1.106066017177982 0
0 81 0 1
81
-0.1190030010436853 -1.091314214351308 0
0 82 0 1
82
-0.1299038105676658 -1.075 0
0 83 0 1
83
-0.138581929876693 -1.057402514854763 0
0 84 0 1
84
-0.1448888739433603 -1.038822856765378 0
0 85 0 1
85
-0.1487167292060716 -1.019578928833008 0
0 86 0 1
86
-0.15 -1 0
0 87 0 1
87
-0.15 1 0
0 88 0 1
88
-0.1487167292060715 1.019578928833008 0
0 89 0 1
89
-0.1448888739433602 1.038822856765378 0
0 90 0 1
90
-0.138581929876693 1.057402514854763 0
0 91 0 1
91
-0.1299038105676658 1.075 0
0 92 0 1
92
-0.1190030010436852 1.091314214351308 0
0 93 0 1
93
-0.1060660171779821 1.106066017177982 0
0 94 0 1
94
-0.0913142143513081 1.119003001043685 0
0 95 0 1
95
-0.07500000000000002 1.129903810567666 0
0 96 0 1
96
-0.05740251485476346 1.138581929876693 0
0 97 0 1
97
-0.03882285676537812 1.14488887394336 0
0 98 0 1
98
-0.01957892883300774 1.148716729206072 0
0 99 0 1
99
0 1.15 0
0 100 0 1
100
5.3982796421269 1.15 0
0 101 0 1
101
5.493570749247296 1.196992373617883 0
0 102 0 1
102
5.511698132984672 1.204500981812245 0
0 103 0 1
103
5.654142178336626 1.252854219656694 0
0 104 0 1
104
5.673094549829681 1.257932492292913 0
0 105 0 1
105
5.820631330644521 1.287279382640366 0
0 106 0 1
106
5.840084409562419 1.289840429065672 0
0 107 0 1
107
5.990189530615479 1.29967883848579 0
0 108 0 1
108
6.009810469384521 1.29967883848579 0
0 109 0 1
109
6.15991559043758 1.289840429065673 0
0 110 0 1
110
6.179368669355479 1.287279382640367 0
0 111 0 1
111
6.326905450170318 1.257932492292913 0
0 112 0 1
112
6.345857821663373 1.252854219656695 0
0 113 0 1
113
6.488301867015327 1.204500981812246 0
0 114 0 1
114
6.506429250752703 1.196992373617883 0
0 115 0 1
115
6.64134330353285 1.130460125582008 0
0 116 0 1
116
6.65833553495294 1.120649656197487 0
0 117 0 1
117
6.783411178312968 1.037076783180303 0
0 118 0 1
118
6.798977515625038 1.025132312456768 0
0 119 0 1
119
6.91207467062954 0.9259487694863768 0
0 120 0 1
120
6.925948769486377 0.91207467062954 0
0 121 0 1
121
6.973946706179055 0.8573435133885792 0
0 122 0 1
122
10.21197985482917 0.5335401985235673 0
0 123 0 1
123
10.21658882168703 0.5370767831803016 0
0 124 0 1
124
10.34166446504706 0.6206496561974855 0
0 125 0 1
125
10.35865669646715 0.6304601255820073 0
0 126 0 1
126
10.4935707492473 0.6969923736178826 0
0 127 0 1
127
10.51169813298467 0.7045009818122452 0
0 128 0 1
128
10.65414217833663 0.7528542196566941 0
0 129 0 1
129
10.67309454982968 0.7579324922929128 0
0 130 0 1
130
10.82063133064452 0.7872793826403662 0
0 131 0 1
131
10.84008440956242 0.7898404290656722 0
0 132 0 1
132
10.99018953061548 0.7996788384857905 0
0 133 0 1
133
11.00981046938452 0.7996788384857905 0
0 134 0 1
134
11.15991559043758 0.7898404290656726 0
0 135 0 1
135
11.17936866935548 0.7872793826403667 0
0 136 0 1
136
11.32690545017032 0.7579324922929133 0
0 137 0 1
137
11.34585782166337 0.7528542196566945 0
0 138 0 1
138
11.42398094908854 0.726334991336494 0
0 139 0 1
139
15.61635772417727 3.144431407080635 0
0 140 0 1
140
15.63375975890212 3.153019499123122 0
0 141 0 1
141
15.6521248965698 3.159289096872735 0
0 142 0 1
142
15.67114575690216 3.163135265058354 0
0 143 0 1
143
15.69050398468477 3.164493629741259 0
0 144 0 1
144
15.70987557812965 3.163341455752152 0
0 145 0 1
145
15.72893631174559 3.159698027213357 0
0 146 0 1
146
15.74736716295257 3.153624324777346 0
0 147 0 1
147
15.7648596516143 3.145222004983705 0
0 148 0 1
148
15.78112100312008 3.134631698817195 0
0 149 0 1
149
15.79587904860086 3.12203065794422 0
0 150 0 1
150
15.80888678026354 3.107629788023037 0
0 151 0 1
151
15.81992648560037 3.091670118741655 0
0 152 0 1
152
16.4373213921134 2.062678607886602 0
0 153 0 1
153
16.44620878341921 2.045426144382868 0
0 154 0 1
154
16.45279433760384 2.027170632961614 0
0 155 0 1
155
16.45696781740125 2.008217657270424 0
0 156 0 1
156
16.45865936187192 1.988884475988648 0
0 157 0 1
157
16.45784065582282 1.969494712153691 0
0 158 0 1
158
16.45452540378269 1.950372935952704 0
0 159 0 1
159
16.44876910059841 1.931839231659689 0
0 160 0 1
160
16.44066810249266 1.914203839663452 0
0 161 0 1
161
16.43035801413262 1.897761963274842 0
0 162 0 1
162
16.41801141870892 1.882788827243475 0
0 163 0 1
163
16.4038349890218 1.869535070700661 0
0 164 0 1
164
16.38806602793247 1.858222551647261 0
0 165 0 1
165
13.4554517525485 0.02954311030500984 0
0 166 0 1
166
17.00124995659948 -5.208062081707432e-06 0
0 167 0 1
167
17.02071435084812 -0.001437165923165951 0
0 168 0 1
168
17.03982806204942 -0.005384214300832746 0
0 169 0 1
169
17.05826750514203 -0.01177953174539148 0
0 170 0 1
170
17.07572051006848 -0.02051484890162084 0
0 171 0 1
171
17.09189160664975 -0.03144228145191545 0
0 172 0 1
172
17.10650702673984 -0.04437683371987604 0
0 173 0 1
173
17.11931933897615 -0.05909953054965326 0
0 174 0 1
174
17.13011163766219 -0.07536112443997815 0
0 175 0 1
175
17.13870121486666 -0.09288631517305249 0
0 176 0 1
176
17.14494265357259 -0.1113784105022053 0
0 177 0 1
177
17.14873028951073 -0.1305243489953288 0
0 178 0 1
178
17.15 -0.15 0
0 179 0 1
179
17.15 -0.85 0
0 180 0 1
180
17.14873028951073 -0.8694756510046712 0
0 181 0 1
181
17.14494265357259 -0.8886215894977947 0
0 182 0 1
182
17.13870121486666 -0.9071136848269475 0
0 183 0 1
183
17.13011163766219 -0.9246388755600219 0
0 184 0 1
184
17.11931933897615 -0.9409004694503468 0
0 185 0 1
185
17.10650702673984 -0.955623166280124 0
0 186 0 1
186
17.09189160664975 -0.9685577185480846 0
0 187 0 1
187
17.07572051006848 -0.9794851510983792 0
0 188 0 1
188
17.05826750514203 -0.9882204682546085 0
0 189 0 1
189
17.03982806204942 -0.9946157856991673 0
0 190 0 1
190
17.02071435084812 -0.998562834076834 0
0 191 0 1
191
17.00124995659948 -0.9999947919379183 0
0 192 0 1
192
14.45666127792239 -1.021199697593561 0
0 193 0 1
193
16.72453391677733 -1.890030634211531 0
0 194 0 1
194
16.74217015015044 -1.898131673941488 0
0 195 0 1
195
16.75861280163981 -1.908441998102088 0
0 196 0 1
196
16.77358661134106 -1.920789005647558 0
0 197 0 1
197
16.78684090864741 -1.934966000223709 0
0 198 0 1
198
16.79815380862677 -1.950735650389586 0
0 199 0 1
199
16.80733592650941 -1.967833962688951 0
0 200 0 1
200
16.81423354810319 -1.985974701059985 0
0 201 0 1
201
16.81873120306189 -2.004854178599623 0
0 202 0 1
202
16.82075359792847 -2.024156341465502 0
0 203 0 1
203
16.82026687659292 -2.043558059807927 0
0 204 0 1
204
16.81727918706399 -2.062734537158473 0
0 205 0 1
205
16.81184054506662 -2.081364747718787 0
0 206 0 1
206
16.47009748197991 -3.021158171207224 0
0 207 0 1
207
16.46229893366179 -3.038930234014539 0
0 208 0 1
208
16.45227103142594 -3.055546634017115 0
0 209 0 1
209
16.44018164840477 -3.070729202655678 0
0 210 0 1
210
16.42623316816253 -3.084223774572893 0
0 211 0 1
211
16.41065909667236 -3.095804442494761 0
0 212 0 1
212
16.39372015328552 -3.105277339054658 0
0 213 0 1
213
16.37569990613208 -3.112483882249995 0
0 214 0 1
214
16.35690002501945 -3.117303430200601 0
0 215 0 1
215
16.33763523129779 -3.119655300766567 0
0 216 0 1
216
16.31822802923477 -3.119500122215939 0
0 217 0 1
217
16.29900330709962 -3.116840492331261 0
0 218 0 1
218
16.28028289833748 -3.111720934921126 0
0 219 0 1
219
11.75785283411364 -1.554154322794885 0
0 220 0 1
220
11.65833553495294 -1.620649656197486 0
0 221 0 1
221
11.64134330353285 -1.630460125582008 0
0 222 0 1
222
11.5064292507527 -1.696992373617883 0
0 223 0 1
223
11.48830186701533 -1.704500981812245 0
0 224 0 1
224
11.34585782166337 -1.752854219656694 0
0 225 0 1
225
11.32690545017032 -1.757932492292913 0
0 226 0 1
226
11.17936866935548 -1.787279382640366 0
0 227 0 1
227
11.15991559043758 -1.789840429065672 0
0 228 0 1
228
11.00981046938452 -1.79967883848579 0
0 229 0 1
229
10.99018953061548 -1.79967883848579 0
0 230 0 1
230
10.84008440956242 -1.789840429065673 0
0 231 0 1
231
10.82063133064452 -1.787279382640367 0
0 232 0 1
232
10.67309454982968 -1.757932492292913 0
0 233 0 1
233
10.65414217833663 -1.752854219656694 0
0 234 0 1
234
10.51169813298467 -1.704500981812246 0
0 235 0 1
235
10.4935707492473 -1.696992373617883 0
0 236 0 1
236
10.35865669646715 -1.630460125582007 0
0 237 0 1
237
10.34166446504706 -1.620649656197486 0
0 238 0 1
238
10.21658882168703 -1.537076783180303 0
0 239 0 1
239
10.20102248437496 -1.525132312456767 0
0 240 0 1
240
10.08792532937046 -1.425948769486376 0
0 241 0 1
241
10.07405123051362 -1.412074670629539 0
0 242 0 1
242
10.02605329382095 -1.357343513388579 0
0 243 0 1
243
9.177038830210408 -1.272442067027525 0
0 244 0 1
244
12.36227773105118 -3.460333042898304 0
0 245 0 1
245
12.37756074852752 -3.47236022321909 0
0 246 0 1
246
12.39115923080643 -3.486263638963469 0
0 247 0 1
247
12.40284458819274 -3.501809574522483 0
0 248 0 1
248
12.41242039050932 -3.518736703624744 0
0 249 0 1
249
12.4197256690769 -3.536760482215841 0
0 250 0 1
250
12.42463762258821 -3.555577931627322 0
0 251 0 1
251
12.42707368139077 -3.574872731630466 0
0 252 0 1
252
12.42699289547798 -3.594320537760905 0
0 253 0 1
253
12.42439662285635 -3.613594433530182 0
0 254 0 1
254
12.41932850671743 -3.632370425872886 0
0 255 0 1
255
12.41187374179836 -3.650332891451205 0
0 256 0 1
256
12.40215764226329 -3.667179882264863 0
0 257 0 1
257
11.84745744603806 -4.499230176602707 0
0 258 0 1
258
11.83564333895433 -4.514678495717255 0
0 259 0 1
259
11.82192981877398 -4.528468457788053 0
0 260 0 1
260
11.80654740897261 -4.540368254355789 0
0 261 0 1
261
11.78975468696314 -4.550177850533175 0
0 262 0 1
262
11.77183393742457 -4.557732347579758 0
0 263 0 1
263
11.75308640711299 -4.562904754840142 0
0 264 0 1
264
11.73382724092112 -4.565608124449509 0
0 265 0 1
265
11.71438018431104 -4.565797012922165 0
0 266 0 1
266
11.69507214117181 -4.563468245053883 0
0 267 0 1
267
11.67622767858414 -4.558660967296908 0
0 268 0 1
268
11.65816357086667 -4.551455989710369 0
0 269 0 1
269
11.64118347461812 -4.541974427547895 0
1 1 0 0
1 2 0 0
1 3 0 0
1 4 0 0
1 5 0 0
1 6 0 0
1 7 0 0
1 8 0 0
1 9 0 36
270
271
272
273
274
275
276
277
278
279
280
281
282
283
284
285
286
287
288
289
290
291
292
293
294
295
296
297
298
299
300
301
302
303
304
305
5.286410014089006 -1 0
5.139565291475581 -1 0
4.992720568862157 -1 0
4.845875846248732 -1 0
4.699031123635359 -1 0
4.55218640102223 -1 0
4.405341678409364 -1 0
4.258496955796193 -1 0
4.111652233183346 -1 0
3.964807510570407 -1 0
3.817962787957113 -1 0
3.67111806534394 -1 0
3.52427334273086 -1 0
3.377428620117438 -1 0
3.230583897504265 -1 0
3.083739174891227 -1 0
2.936894452278016 -1 0
2.790049729664806 -1 0
2.643205007051318 -1 0
2.496360284437396 -1 0
2.349515561823441 -1 0
2.202670839209417 -1 0
2.055826116595392 -1 0
1.908981393981539 -1 0
1.762136671367556 -1 0
1.615291948753663 -1 0
1.468447226139638 -1 0
1.321602503525677 -1 0
1.174757780911675 -1 0
1.027913058297997 -1 0
0.8810683356836684 -1 0
0.7342236130694806 -1 0
0.5873788904557511 -1 0
0.440534167841661 -1 0
0.2936894452277024 -1 0
0.1468447226140244 -1 0
1 10 0 13
306
307
308
309
310
311
312
313
314
315
316
317
318
0 -0.8571428571432541 0
0 -0.7142857142865082 0
0 -0.5714285714297623 0
0 -0.4285714285730164 0
0 -0.2857142857162706 0
0 -0.1428571428595247 0
0 -2.757016837051651e-12 0
0 0.1428571428547603 0
0 0.2857142857122996 0
0 0.4285714285698397 0
0 0.5714285714273799 0
0 0.7142857142849199 0
0 0.85714285714246 0
1 11 0 36
319
320
321
322
323
324
325
326
327
328
329
330
331
332
333
334
335
336
337
338
339
340
341
342
343
344
345
346
347
348
349
350
351
352
353
354
0.146844722613304 1 0
0.2936894452265734 1 0
0.4405341678398913 1 0
0.5873788904532111 1 0
0.7342236130665072 1 0
0.8810683356796495 1 0
1.027913058292776 1 0
1.174757780905904 1 0
1.321602503519037 1 0
1.468447226132245 1 0
1.615291948745373 1 0
1.762136671358566 1 0
1.908981393971714 1 0
2.055826116584922 1 0
2.202670839198099 1 0
2.34951556181114 1 0
2.496360284424354 1 0
2.643205007037567 1 0
2.790049729651058 1 0
2.936894452264983 1 0
3.08373917487894 1 0
3.230583897492968 1 0
3.377428620106997 1 0
3.524273342720851 1 0
3.671118065334837 1 0
3.817962787948734 1 0
3.964807510562762 1 0
4.111652233176725 1 0
4.25849695579073 1 0
4.405341678404411 1 0
4.552186401018743 1 0
4.699031123632935 1 0
4.845875846246667 1 0
4.99272056886076 1 0
5.139565291474722 1 0
5.286410014088402 1 0
1 12 0 0
1 13 0 0
1 14 0 0
1 15 0 0
1 16 0 0
1 17 0 0
1 18 0 0
1 19 0 0
1 20 0 0
1 21 0 0
1 22 0 0
1 23 0 22
355
356
357
358
359
360
361
362
363
364
365
366
367
368
369
370
371
372
373
374
375
376
7.046276910502456 0.6993623586394255 0
7.192385308354632 0.684751518854208 0
7.338493706206902 0.670140679068981 0
7.484602104058869 0.6555298392837843 0
7.630710501910744 0.6409189994985969 0
7.776818899762596 0.6263081597134116 0
7.922927297614581 0.6116973199282132 0
8.069035695466583 0.5970864801430129 0
8.215144093318616 0.5824756403578096 0
8.36125249116995 0.5678648005726762 0
8.507360889022578 0.5532539607874134 0
8.653469286873996 0.5386431210022716 0
8.799577684727394 0.5240322812169319 0
8.94568608258011 0.5094214414316602 0
9.091794480432823 0.494810601646389 0
9.237902878286224 0.4801997618610487 0
9.38401127613894 0.4655889220757772 0
9.530119673991656 0.4509780822905055 0
9.676228071844969 0.4363672425051743 0
9.822336469697776 0.4217564027198937 0
9.968444867551135 0.4071455629345578 0
10.11455326540389 0.3925347231492819 0
1 24 0 0
1 25 0 0
1 26 0 0
1 27 0 0
1 28 0 0
1 29 0 0
1 30 0 0
1 31 0 0
1 32 0 0
1 33 0 0
1 34 0 32
377
378
379
380
381
382
383
384
385
386
387
388
389
390
391
392
393
394
395
396
397
398
399
400
401
402
403
404
405
406
407
408
11.56941002176088 0.6365192900116254 0
11.69821916316639 0.7108310545557562 0
11.8270283045719 0.7851428190998906 0
11.95583744597742 0.8594545836440315 0
12.08464658738293 0.933766348188163 0
12.21345572878841 1.008078112732281 0
12.34226487019337 1.082389877276098 0
12.47107401159832 1.156701641819908 0
12.59988315300333 1.231013406363752 0
12.72869229440855 1.30532517090772 0
12.85750143581353 1.379636935451547 0
12.98631057721868 1.453948699995474 0
13.11511971862418 1.528260464539599 0
13.24392886002967 1.602572229083723 0
13.37273800143515 1.676883993627838 0
13.50154714284008 1.75119575817164 0
13.63035628424564 1.825507522715801 0
13.75916542565197 1.899819287260406 0
13.88797456705795 1.97413105180481 0
14.01678370846413 2.048442816349335 0
14.14559284987032 2.122754580893861 0
14.27440199127634 2.197066345438287 0
14.4032111326825 2.271378109982795 0
14.5320202740884 2.345689874527152 0
14.66082941549449 2.420001639071621 0
14.78963855690068 2.494313403616146 0
14.91844769830687 2.568625168160672 0
15.04725683971306 2.642936932705198 0
15.17606598111885 2.717248697249496 0
15.30487512252527 2.791560461794154 0
15.43368426393111 2.865872226338475 0
15.56249340533733 2.940183990883019 0
1 35 0 7
409
410
411
412
413
414
415
15.76847691005738 2.885871816571036 0
15.8456512733722 2.757247877713001 0
15.92282563668487 2.628623938858551 0
15.99999999999909 2.500000000001512 0
16.07717436331335 2.371376061144421 0
16.15434872662844 2.24275212228594 0
16.23152308994147 2.11412818343089 0
1 36 0 26
416
417
418
419
420
421
422
423
424
425
426
427
428
429
430
431
432
433
434
435
436
437
438
439
440
441
16.18386847678543 1.907665101227726 0
16.05903950031435 1.829825957882979 0
15.93421052384317 1.751986814538173 0
15.80938154737191 1.67414767119331 0
15.68455257090143 1.596308527848938 0
15.55972359443081 1.518469384504481 0
15.43489461796026 1.440630241160069 0
15.31006564149022 1.362791097815969 0
15.18523666501901 1.284951954471142 0
15.06040768854803 1.20711281112646 0
14.93557871207705 1.129273667781777 0
14.81074973560582 1.051434524436938 0
14.6859207591355 0.9735953810926656 0
14.56109178266441 0.8957562377479136 0
14.4362628061923 0.817917094402526 0
14.31143382972084 0.7400779510575481 0
14.18660485324968 0.6622388077127499 0
14.06177587677843 0.5843996643678999 0
13.93694690030662 0.506560521022698 0
13.81211792383494 0.4287213776775773 0
13.68728894736314 0.350882234332381 0
13.56245997089186 0.2730430909875139 0
13.4376309944202 0.1952039476424043 0
13.31280201794878 0.1173648042974502 0
13.18797304147721 0.03952566095239773 0
13.06314406500585 -0.03831348239252419 0
1 37 0 27
442
443
444
445
446
447
448
449
450
451
452
453
454
455
456
457
458
459
460
461
462
463
464
465
466
467
468
13.08337526394454 -0.1173614605328711 0
13.2284354393526 -0.1185702953279383 0
13.37349561476002 -0.1197791301230002 0
13.51855579016937 -0.1209879649180781 0
13.66361596557997 -0.1221967997131664 0
13.80867614098992 -0.1234056345082493 0
13.95373631639734 -0.1246144693033111 0
14.09879649180495 -0.1258233040983746 0
14.2438566672147 -0.1270321388934559 0
14.3889168426253 -0.1282409736885441 0
14.53397701803465 -0.1294498084836221 0
14.67903719344207 -0.1306586432786839 0
14.82409736885033 -0.1318674780737528 0
14.96915754426073 -0.1330763128688394 0
15.11421771967132 -0.1342851476639277 0
15.25927789508082 -0.1354939824590068 0
15.40433807049017 -0.1367028172540848 0
15.54939824590032 -0.1379116520491694 0
15.69445842131091 -0.1391204868442576 0
15.83951859672136 -0.1403293216393447 0
15.98457877213071 -0.1415381564344226 0
16.1296389475413 -0.1427469912295109 0
16.27469912295051 -0.1439558260245876 0
16.41975929835971 -0.1451646608196643 0
16.56481947376892 -0.146373495614741 0
16.70987964917951 -0.1475823304098293 0
16.8549398245901 -0.1487911652049175 0
1 38 0 4
469
470
471
472
17 -0.2899999999997377 0
17 -0.4299999999994082 0
17 -0.5699999999992977 0
17 -0.7099999999996276 0
1 39 0 22
473
474
475
476
477
478
479
480
481
482
483
484
485
486
487
488
489
490
491
492
493
494
16.85491665012865 -0.8512090279155945 0
16.70983330025869 -0.8524180558311775 0
16.56474995038735 -0.8536270837467721 0
16.419666600516 -0.8548361116623666 0
16.27458325064604 -0.8560451395779496 0
16.1294999007747 -0.8572541674935441 0
15.98441655090335 -0.8584631954091387 0
15.83933320103201 -0.8596722233247333 0
15.69424985116066 -0.8608812512403278 0
15.54916650128931 -0.8620902791559224 0
15.40408315141797 -0.8632993070715169 0
15.25899980154662 -0.8645083349871114 0
15.11391645167527 -0.8657173629027061 0
14.96883310180326 -0.8669263908183061 0
14.82374975193137 -0.8681354187339052 0
14.67866640205985 -0.8693444466495013 0
14.5335830521878 -0.8705534745651016 0
14.38849970231577 -0.8717625024807019 0
14.24341635244442 -0.8729715303962965 0
14.09833300257238 -0.8741805583118968 0
13.95324965270034 -0.8753895862274971 0
13.80816630282899 -0.8765986141430917 0
1 40 0 21
495
496
497
498
499
500
501
502
503
504
505
506
507
508
509
510
511
512
513
514
515
13.79980061561957 -0.9301847168856782 0
13.93651827828221 -0.9825617917126717 0
14.07323594094474 -1.034938866539628 0
14.20995360360746 -1.087315941366655 0
14.34667126626983 -1.139693016193547 0
14.48338892893254 -1.19207009102057 0
14.62010659159496 -1.244447165847478 0
14.75682425425767 -1.2968242406745 0
14.89354191692039 -1.349201315501526 0
15.03025957958281 -1.40157839032844 0
15.16697724224545 -1.453955465155436 0
15.30369490490883 -1.506332539982713 0
15.44041256757161 -1.558709614809764 0
15.57713023023547 -1.611086689637226 0
15.71384789289833 -1.663463764464307 0
15.85056555556132 -1.715840839291434 0
15.98728321822494 -1.768217914118806 0
16.12400088088886 -1.820594988946294 0
16.26071854355278 -1.872972063773779 0
16.39743620621674 -1.925349138601281 0
16.53415386887944 -1.977726213428299 0
1 41 0 6
516
517
518
519
520
521
16.62205109395948 -2.164359491611419 0
16.57323065637586 -2.298615694966401 0
16.52441021879227 -2.43287189832126 0
16.4755897812084 -2.567128101676898 0
16.42676934362454 -2.701384305032525 0
16.37794890604068 -2.83564050838812 0
1 42 0 32
522
523
524
525
526
527
528
529
530
531
532
533
534
535
536
537
538
539
540
541
542
543
544
545
546
547
548
549
550
551
552
553
16.18976587445895 -2.921898949411242 0
16.05040328046217 -2.873901187078582 0
15.91104068646598 -2.825903424746127 0
15.77167809246876 -2.777905662413317 0
15.63231549847156 -2.729907900080511 0
15.49295290447498 -2.681910137747922 0
15.3535903104781 -2.633912375415227 0
15.21422771648158 -2.585914613082657 0
15.07486512248444 -2.537916850749875 0
14.93550252848782 -2.489919088417269 0
14.79613993449088 -2.441921326084556 0
14.6567773404943 -2.393923563751965 0
14.5174147464976 -2.345925801419334 0
14.37805215250104 -2.297928039086751 0
14.23868955850445 -2.249930276754157 0
14.09932696450777 -2.201932514421532 0
13.95996437051054 -2.153934752088715 0
13.82060177651243 -2.1059369897556 0
13.68123918251472 -2.057939227422621 0
13.54187658851724 -2.00994146508972 0
13.40251399451999 -1.961943702756897 0
13.2631514005223 -1.913945940423926 0
13.12378880652507 -1.86594817809111 0
12.98442621252663 -1.817950415757881 0
12.84506361853 -1.769952653425271 0
12.70570102453153 -1.721954891092031 0
12.5663384305343 -1.673957128759216 0
12.42697583653664 -1.625959366426253 0
12.28761324253923 -1.577961604093378 0
12.1482506485413 -1.529963841760322 0
12.00888805454415 -1.481966079427535 0
11.86952546054668 -1.433968317094638 0
1 43 0 0
1 44 0 0
1 45 0 0
1 46 0 0
1 47 0 0
1 48 0 0
1 49 0 0
1 50 0 0
1 51 0 0
1 52 0 0
1 53 0 0
1 54 0 0
1 55 0 0
1 56 0 9
554
555
556
557
558
559
560
561
562
9.950858705729992 -1.19907592026267 0
9.801885924109046 -1.184178642100576 0
9.652913142490165 -1.169281363938688 0
9.503940360869226 -1.154384085776594 0
9.354967579248971 -1.139486807614568 0
9.205994797628009 -1.124589529452472 0
9.057022016006854 -1.109692251290357 0
8.908049234387358 -1.094794973128407 0
8.759076452765845 -1.079897694966256 0
1 57 0 29
563
564
565
566
567
568
569
570
571
572
573
574
575
576
577
578
579
580
581
582
583
584
585
586
587
588
589
590
591
8.732345218710655 -1.148966231338312 0
8.854586766275816 -1.232932045872253 0
8.976828313841009 -1.316897860406218 0
9.099069861406644 -1.400863674940485 0
9.221311408971763 -1.484829489474399 0
9.34355295653689 -1.568795304008317 0
9.465794504102025 -1.652761118542242 0
9.588036051667645 -1.736726933076499 0
9.71027759923278 -1.820692747610424 0
9.8325191467979 -1.904658562144338 0
9.954760694362783 -1.988624376678089 0
10.07700224192816 -2.072590191212182 0
10.19924378949328 -2.156556005746094 0
10.32148533705841 -2.240521820280015 0
10.44372688462407 -2.3244876348143 0
10.56596843218987 -2.408453449348683 0
10.68820997975568 -2.492419263883066 0
10.81045152732156 -2.576385078417506 0
10.93269307488744 -2.660350892951945 0
11.0549346224533 -2.744316707486364 0
11.1771761700196 -2.82828252202109 0
11.2994177175854 -2.912248336555472 0
11.42165926515121 -2.996214151089855 0
11.54390081271701 -3.080179965624239 0
11.66614236028328 -3.164145780158946 0
11.78838390784909 -3.248111594693328 0
11.91062545541489 -3.332077409227712 0
12.03286700298069 -3.416043223762094 0
12.1551085505465 -3.500009038296477 0
1 58 0 6
592
593
594
595
596
597
12.19810721293765 -3.70283918059353 0
12.11886432776302 -3.821703508355464 0
12.03962144258775 -3.940567836118374 0
11.96037855741352 -4.059432163879719 0
11.88113567223774 -4.178296491643389 0
11.80189278706309 -4.297160819405367 0
1 59 0 41
598
599
600
601
602
603
604
605
606
607
608
609
610
611
612
613
614
615
616
617
618
619
620
621
622
623
624
625
626
627
628
629
630
631
632
633
634
635
636
637
638
11.59819668058031 -4.335526399803859 0
11.4737434592726 -4.255027652438382 0
11.34929023796503 -4.174528905072997 0
11.22483701665776 -4.094030157707807 0
11.10038379535073 -4.013531410342769 0
10.97593057404333 -3.933032662977498 0
10.85147735273591 -3.852533915612208 0
10.72702413142831 -3.772035168246803 0
10.60257091012102 -3.6915364208816 0
10.47811768881405 -3.611037673516603 0
10.35366446750682 -3.530538926151441 0
10.2292112461993 -3.450040178786087 0
10.1047580248922 -3.369541431421009 0
9.980304803585035 -3.289042684055885 0
9.855851582277928 -3.208543936690799 0
9.731398360970339 -3.128045189325402 0
9.606945139662768 -3.047546441960018 0
9.48249191835558 -2.967047694594879 0
9.358038697047984 -2.886548947229477 0
9.233585475740909 -2.806050199864413 0
9.10913225443376 -2.725551452499301 0
8.984679033126024 -2.64505270513381 0
8.860225811817671 -2.564553957767918 0
8.735772590509793 -2.484055210402333 0
8.611319369201537 -2.403556463036505 0
8.486866147893705 -2.323057715670951 0
8.362412926585904 -2.242558968305417 0
8.237959705277644 -2.162060220939586 0
8.11350648396971 -2.081561473573966 0
7.989053262661512 -2.001062726208175 0
7.864600041353672 -1.920563978842615 0
7.740146820045585 -1.840065231476897 0
7.615693598737744 -1.759566484111337 0
7.491240377429942 -1.679067736745802 0
7.366787156121816 -1.598568989380058 0
7.242333934813528 -1.518070242014208 0
7.117880713505795 -1.437571494648719 0
6.993427492197963 -1.357072747283164 0
6.868974270890122 -1.276573999917604 0
6.744521049581729 -1.196075252551687 0
6.620067828273824 -1.115576505186086 0
1 60 0 0
1 61 0 0
1 62 0 0
1 63 0 0
1 64 0 0
1 65 0 0
1 66 0 0
1 67 0 0
1 68 0 0
1 69 0 0
1 70 0 0
1 71 0 0
1 72 0 0
1 73 0 35
639
640
641
642
643
644
645
646
647
648
649
650
651
652
653
654
655
656
657
658
659
660
661
662
663
664
665
666
667
668
669
670
671
672
673
5.248327429846354 -1.15 0
5.098375217564902 -1.15 0
4.948423005283527 -1.15 0
4.798470793002981 -1.15 0
4.648518580721991 -1.15 0
4.498566368440501 -1.15 0
4.348614156159955 -1.15 0
4.198661943879408 -1.15 0
4.048709731598688 -1.15 0
3.898757519317313 -1.15 0
3.748805307036728 -1.15 0
3.59885309475598 -1.15 0
3.448900882474816 -1.15 0
3.298948670193721 -1.15 0
3.148996457913011 -1.15 0
2.999044245631925 -1.15 0
2.849092033351205 -1.15 0
2.699139821070215 -1.15 0
2.549187608788657 -1.15 0
2.399235396506916 -1.15 0
2.249283184225281 -1.15 0
2.099330971943529 -1.15 0
1.949378759661923 -1.15 0
1.799426547380172 -1.15 0
1.649474335098537 -1.15 0
1.499522122816796 -1.15 0
1.349569910535151 -1.15 0
1.199617698253371 -1.15 0
1.049665485971938 -1.15 0
0.8997132736901587 -1.15 0
0.7497610614083783 -1.15 0
0.5998088491265987 -1.15 0
0.4498566368451655 -1.15 0
0.299904424563386 -1.15 0
0.1499522122816064 -1.15 0
1 74 0 0
1 75 0 0
1 76 0 0
1 77 0 0
1 78 0 0
1 79 0 0
1 80 0 0
1 81 0 0
1 82 0 0
1 83 0 0
1 84 0 0
1 85 0 0
1 86 0 13
674
675
676
677
678
679
680
681
682
683
684
685
686
-0.15 -0.8571428571432541 0
-0.15 -0.7142857142865082 0
-0.15 -0.5714285714297623 0
-0.15 -0.4285714285730164 0
-0.15 -0.2857142857162706 0
-0.15 -0.1428571428595247 0
-0.15 -2.757016837051651e-12 0
-0.15 0.1428571428547603 0
-0.15 0.2857142857122996 0
-0.15 0.4285714285698397 0
-0.15 0.5714285714273799 0
-0.15 0.7142857142849199 0
-0.15 0.85714285714246 0
1 87 0 0
1 88 0 0
1 89 0 0
1 90 0 0
1 91 0 0
1 92 0 0
1 93 0 0
1 94 0 0
1 95 0 0
1 96 0 0
1 97 0 0
1 98 0 0
1 99 0 35
687
688
689
690
691
692
693
694
695
696
697
698
699
700
701
702
703
704
705
706
707
708
709
710
711
712
713
714
715
716
717
718
719
720
721
0.1499522122810198 1.15 0
0.2999044245619837 1.15 0
0.4498566368430349 1.15 0
0.5998088491241103 1.15 0
0.7497610614050686 1.15 0
0.8997132736859715 1.15 0
1.049665485966831 1.15 0
1.199617698247691 1.15 0
1.349569910528594 1.15 0
1.499522122809497 1.15 0
1.649474335090356 1.15 0
1.799426547371216 1.15 0
1.949378759652075 1.15 0
2.099330971933065 1.15 0
2.24928318421378 1.15 0
2.399235396494872 1.15 0
2.549187608775597 1.15 0
2.699139821056592 1.15 0
2.849092033338155 1.15 0
2.999044245619902 1.15 0
3.148996457901542 1.15 0
3.298948670183298 1.15 0
3.44890088246491 1.15 0
3.598853094746666 1.15 0
3.748805307028306 1.15 0
3.898757519310053 1.15 0
4.048709731591702 1.15 0
4.198661943873487 1.15 0
4.348614156154925 1.15 0
4.498566368436711 1.15 0
4.648518580718496 1.15 0
4.798470793000281 1.15 0
4.948423005281718 1.15 0
5.098375217563503 1.15 0
5.248327429845289 1.15 0
1 100 0 0
1 101 0 0
1 102 0 0
1 103 0 0
1 104 0 0
1 105 0 0
1 106 0 0
1 107 0 0
1 108 0 0
1 109 0 0
1 110 0 0
1 111 0 0
1 112 0 0
1 113 0 0
1 114 0 0
1 115 0 0
1 116 0 0
1 117 0 0
1 118 0 0
1 119 0 0
1 120 0 0
1 121 0 21
722
723
724
725
726
727
728
729
730
731
732
733
734
735
736
737
738
739
740
741
742
7.121130031117177 0.8426251808947669 0
7.268313356055302 0.8279068484009544 0
7.415496680994282 0.8131885159070564 0
7.562680005932748 0.7984701834132099 0
7.709863330870871 0.7837518509193976 0
7.857046655808991 0.7690335184255855 0
8.004229980747112 0.7543151859317734 0
8.1514133056855 0.7395968534379346 0
8.298596630623248 0.7248785209441599 0
8.445779955561681 0.7101601884503166 0
8.592963280499772 0.6954418559565074 0
8.740146605438555 0.6807235234626291 0
8.887329930377685 0.6660051909687161 0
9.034513255316316 0.6512868584748531 0
9.181696580255258 0.6365685259809588 0
9.328879905194388 0.621850193487046 0
9.476063230133519 0.6071318609931329 0
9.623246555072651 0.5924135284992196 0
9.770429880011784 0.5776951960053063 0
9.917613204950916 0.562976863511393 0
10.06479652989005 0.54825853101748 0
1 122 0 0
1 123 0 0
1 124 0 0
1 125 0 0
1 126 0 0
1 127 0 0
1 128 0 0
1 129 0 0
1 130 0 0
1 131 0 0
1 132 0 0
1 133 0 0
1 134 0 0
1 135 0 0
1 136 0 0
1 137 0 0
1 138 0 32
743
744
745
746
747
748
749
750
751
752
753
754
755
756
757
758
759
760
761
762
763
764
765
766
767
768
769
770
771
772
773
774
11.55102266954554 0.7996106402983028 0
11.67806439000227 0.8728862892599547 0
11.80510611045906 0.9461619382216397 0
11.93214783091594 1.019437587183379 0
12.05918955137296 1.0927132361452 0
12.18623127182978 1.165988885106907 0
12.3132729922865 1.239264534068555 0
12.44031471274322 1.312540183030203 0
12.56735643320023 1.385815831992014 0
12.69439815365719 1.459091480953798 0
12.82143987411391 1.532367129915446 0
12.94848159457063 1.605642778877094 0
13.0755233150275 1.678918427838828 0
13.20256503548451 1.752194076800644 0
13.32960675594131 1.825469725762338 0
13.45664847639803 1.898745374723985 0
13.58369019685486 1.972021023685695 0
13.71073191731256 2.045296672647906 0
13.83777363777012 2.118572321610038 0
13.96481535822724 2.191847970571914 0
14.09185707868447 2.265123619533857 0
14.2188987991424 2.338399268496201 0
14.34594051960031 2.411674917458534 0
14.47298224005805 2.484950566420771 0
14.60002396051571 2.558226215382962 0
14.72706568097362 2.631501864345292 0
14.85410740143153 2.704777513307628 0
14.98114912188935 2.778053162269909 0
15.10819084234705 2.851328811232119 0
15.23523256280483 2.924604460194381 0
15.36227428326276 2.997880109156727 0
15.48931600372063 3.071155758119038 0
1 139 0 0
1 140 0 0
1 141 0 0
1 142 0 0
1 143 0 0
1 144 0 0
1 145 0 0
1 146 0 0
1 147 0 0
1 148 0 0
1 149 0 0
1 150 0 0
1 151 0 7
775
776
777
778
779
780
781
15.89710084891444 2.963046179884866 0
15.9742752122284 2.834422241028268 0
16.05144957554165 2.705798302172857 0
16.12862393885582 2.577174363315902 0
16.20579830216999 2.448550424458947 0
16.28297266548431 2.31992648560175 0
16.36014702879867 2.191302546744488 0
1 152 0 0
1 153 0 0
1 154 0 0
1 155 0 0
1 156 0 0
1 157 0 0
1 158 0 0
1 159 0 0
1 160 0 0
1 161 0 0
1 162 0 0
1 163 0 0
1 164 0 23
782
783
784
785
786
787
788
789
790
791
792
793
794
795
796
797
798
799
800
801
802
803
804
16.26587376645824 1.782027574924735 0
16.14368150498452 1.705832598202519 0
16.02148924350925 1.629637621479345 0
15.89929698203519 1.553442644756919 0
15.7771047205615 1.477247668034724 0
15.65491245908799 1.40105269131264 0
15.53272019761405 1.324857714590294 0
15.41052793613991 1.248662737867819 0
15.28833567466587 1.172467761145408 0
15.16614341319194 1.096272784423065 0
15.04395115171793 1.02007780770067 0
14.9217588902438 0.9438828309782054 0
14.79956662876968 0.8676878542557434 0
14.67737436729481 0.7914928775328118 0
14.55518210582017 0.7152979008100282 0
14.43298984434588 0.6391029240874562 0
14.31079758287108 0.5629079473645722 0
14.1886053213963 0.486712970641701 0
14.06641305992224 0.4105179939192765 0
13.94422079844743 0.3343230171963845 0
13.82202853697262 0.2581280404734929 0
13.69983627549765 0.1819330637505012 0
13.57764401402293 0.1057380870276656 0
1 165 0 23
805
806
807
808
809
810
811
812
813
814
815
816
817
818
819
820
821
822
823
824
825
826
827
13.60319334438375 0.02831193037304938 0
13.75093493621866 0.02708075044109181 0
13.89867652805392 0.02584957050913135 0
14.04641811988883 0.02461839057717378 0
14.19415971172397 0.02338721064521428 0
14.34190130355934 0.02215603071325285 0
14.48964289539425 0.02092485078129529 0
14.63738448722869 0.01969367084934157 0
14.78512607906441 0.01846249091737726 0
14.93286767089943 0.01723131098541873 0
15.08060926273411 0.01600013105346309 0
15.22835085456913 0.01476895112150456 0
15.37609244640485 0.01353777118954026 0
15.52383403824091 0.01230659125757305 0
15.67157563007698 0.01107541132560585 0
15.81931722191235 0.009844231393644431 0
15.96705881374841 0.008613051461677221 0
16.11480040558448 0.00738187152971001 0
16.26254199742054 0.006150691597742796 0
16.41028358925661 0.004919511665775578 0
16.55802518109267 0.003688331733808368 0
16.70576677292735 0.002457151801852721 0
16.85350836476342 0.001225971869885507 0
1 166 0 0
1 167 0 0
1 168 0 0
1 169 0 0
1 170 0 0
1 171 0 0
1 172 0 0
1 173 0 0
1 174 0 0
1 175 0 0
1 176 0 0
1 177 0 0
1 178 0 4
828
829
830
831
17.15 -0.2899999999997377 0
17.15 -0.4299999999994082 0
17.15 -0.5699999999992977 0
17.15 -0.7099999999996276 0
1 179 0 0
1 180 0 0
1 181 0 0
1 182 0 0
1 183 0 0
1 184 0 0
1 185 0 0
1 186 0 0
1 187 0 0
1 188 0 0
1 189 0 0
1 190 0 0
1 191 0 16
832
833
834
835
836
837
838
839
840
841
842
843
844
845
846
847
16.85156826961852 -1.001242139329426 0
16.70188658263751 -1.002489486720935 0
16.55220489565757 -1.003736834112434 0
16.40252320867554 -1.004984181503951 0
16.2528415216956 -1.006231528895451 0
16.10315983471496 -1.007478876286956 0
15.95347814773477 -1.008726223678458 0
15.80379646075464 -1.009973571069959 0
15.65411477377278 -1.011220918461474 0
15.50443308679126 -1.012468265852987 0
15.35475139981003 -1.013715613244497 0
15.20506971282927 -1.014962960636003 0
15.05538802584845 -1.01621030802751 0
14.90570633886659 -1.017457655419026 0
14.75602465188507 -1.018705002810538 0
14.60634296490339 -1.019952350202052 0
1 192 0 16
848
849
850
851
852
853
854
855
856
857
858
859
860
861
862
863
14.59006555079592 -1.072307399747448 0
14.72346982366916 -1.123415101901227 0
14.85687409654262 -1.174522804055085 0
14.99027836941585 -1.225630506208859 0
15.12368264228955 -1.276738208362808 0
15.25708691516257 -1.327845910516503 0
15.39049118803626 -1.378953612670451 0
15.52389546090935 -1.430061314824168 0
15.65729973378304 -1.481169016978117 0
15.79070400665676 -1.532276719132077 0
15.92410827953113 -1.583384421286285 0
16.05751255240549 -1.634492123440491 0
16.19091682527985 -1.685599825594697 0
16.32432109815421 -1.7367075277489 0
16.45772537102859 -1.787815229903114 0
16.59112964390297 -1.838922932057325 0
1 193 0 0
1 194 0 0
1 195 0 0
1 196 0 0
1 197 0 0
1 198 0 0
1 199 0 0
1 200 0 0
1 201 0 0
1 202 0 0
1 203 0 0
1 204 0 0
1 205 0 6
864
865
866
867
868
869
16.76302010748275 -2.215620951074425 0
16.71419966989912 -2.349877154429406 0
16.66537923231553 -2.484133357784266 0
16.61655879473167 -2.618389561139904 0
16.5677383571478 -2.752645764495531 0
16.51891791956395 -2.886901967851125 0
1 206 0 0
1 207 0 0
1 208 0 0
1 209 0 0
1 210 0 0
1 211 0 0
1 212 0 0
1 213 0 0
1 214 0 0
1 215 0 0
1 216 0 0
1 217 0 0
1 218 0 31
870
871
872
873
874
875
876
877
878
879
880
881
882
883
884
885
886
887
888
889
890
891
892
893
894
895
896
897
898
899
900
16.13895695883169 -3.063046978292596 0
15.99763101932593 -3.014373021664076 0
15.85630507981893 -2.965699065035129 0
15.71497914031184 -2.917025108406154 0
15.57365320080487 -2.868351151777215 0
15.43232726129781 -2.819677195148249 0
15.29100132179081 -2.771003238519302 0
15.14967538228384 -2.722329281890363 0
15.00834944277683 -2.673655325261416 0
14.86702350326978 -2.624981368632449 0
14.7256975637628 -2.576307412003511 0
14.58437162425639 -2.527633455374768 0
14.44304568474998 -2.478959498746025 0
14.30171974524363 -2.4302855421173 0
14.16039380573722 -2.381611585488557 0
14.01906786623019 -2.332937628859599 0
13.87774192672308 -2.284263672230615 0
13.73641598721602 -2.23558971560165 0
13.59509004770863 -2.186915758972568 0
13.45376410820087 -2.13824180234336 0
13.31243816869309 -2.089567845714144 0
13.1711122291857 -2.040893889085063 0
13.02978628967868 -1.99221993245611 0
12.8884603501716 -1.943545975827135 0
12.74713441066449 -1.894872019198151 0
12.60580847115741 -1.846198062569176 0
12.46448253164971 -1.797524105939988 0
12.32315659214201 -1.748850149310799 0
12.1818306526349 -1.700176192681814 0
12.04050471312781 -1.65150223605284 0
11.89917877362073 -1.602828279423864 0
1 219 0 0
1 220 0 0
1 221 0 0
1 222 0 0
1 223 0 0
1 224 0 0
1 225 0 0
1 226 0 0
1 227 0 0
1 228 0 0
1 229 0 0
1 230 0 0
1 231 0 0
1 232 0 0
1 233 0 0
1 234 0 0
1 235 0 0
1 236 0 0
1 237 0 0
1 238 0 0
1 239 0 0
1 240 0 0
1 241 0 0
1 242 0 5
901
902
903
904
905
9.884550883219667 -1.343193272328452 0
9.743048472618044 -1.329043031268289 0
9.601546062016704 -1.314892790208155 0
9.460043651413997 -1.300742549147884 0
9.318541240812374 -1.286592308087722 0
1 243 0 25
906
907
908
909
910
911
912
913
914
915
916
917
918
919
920
921
922
923
924
925
926
927
928
929
930
9.299548018703605 -1.356591719945166 0
9.42205720719682 -1.440741372862819 0
9.544566395690117 -1.524891025780528 0
9.667075584183285 -1.609040678698149 0
9.789584772676436 -1.693190331615757 0
9.912093961169573 -1.777339984533357 0
10.03460314966277 -1.861489637450997 0
10.15711233815599 -1.945639290368652 0
10.27962152664919 -2.029788943286297 0
10.40213071514244 -2.113938596203973 0
10.52463990363558 -2.198088249121573 0
10.64714909212879 -2.282237902039227 0
10.76965828062193 -2.366387554956829 0
10.89216746911621 -2.450537207875212 0
11.01467665761093 -2.534686860793896 0
11.13718584610576 -2.618836513712662 0
11.25969503460019 -2.702986166631147 0
11.38220422309451 -2.787135819549557 0
11.50471341158916 -2.871285472468198 0
11.62722260008394 -2.955435125386923 0
11.74973178857849 -3.039584778305493 0
11.87224097707288 -3.123734431223959 0
11.99475016556738 -3.207884084142494 0
12.11725935406215 -3.292033737061209 0
12.23976854255694 -3.376183389979946 0
1 244 0 0
1 245 0 0
1 246 0 0
1 247 0 0
1 248 0 0
1 249 0 0
1 250 0 0
1 251 0 0
1 252 0 0
1 253 0 0
1 254 0 0
1 255 0 0
1 256 0 6
931
932
933
934
935
936
12.32291475708834 -3.786044210027298 0
12.24367187191372 -3.904908537789215 0
12.16442898673838 -4.023772865552235 0
12.08518610156416 -4.142637193313555 0
12.0059432163884 -4.261501521077208 0
11.92670033121376 -4.380365848839168 0
1 257 0 0
1 258 0 0
1 259 0 0
1 260 0 0
1 261 0 0
1 262 0 0
1 263 0 0
1 264 0 0
1 265 0 0
1 266 0 0
1 267 0 0
1 268 0 0
1 269 0 40
937
938
939
940
941
942
943
944
945
946
947
948
949
950
951
952
953
954
955
956
957
958
959
960
961
962
963
964
965
966
967
968
969
970
971
972
973
974
975
976
11.51539239676588 -4.460610328728618 0
11.3896013189147 -4.37924622991002 0
11.26381024106182 -4.297882131090324 0
11.1380191632097 -4.216518032271123 0
11.01222808535836 -4.135153933452422 0
10.88643700750535 -4.053789834632649 0
10.76064592965348 -3.972425735813609 0
10.63485485180197 -3.891061636994798 0
10.50906377394927 -3.809697538175217 0
10.38327269609789 -3.728333439356493 0
10.25748161824619 -3.646969340537566 0
10.13169054039365 -3.565605241718087 0
10.00589946254229 -3.484241142899381 0
9.880108384690486 -3.402877044080379 0
9.754317306838104 -3.321512945261007 0
9.628526228986781 -3.24014884644232 0
9.502735151134775 -3.158784747623192 0
9.376944073282521 -3.077420648803902 0
9.251152995431202 -2.996056549985217 0
9.125361917578974 -2.914692451165946 0
8.999570839726497 -2.833328352346511 0
8.873779761874211 -2.751964253527201 0
8.747988684021163 -2.670600154707397 0
8.622197606168751 -2.589236055888006 0
8.496406528316374 -2.507871957068637 0
8.370615450463369 -2.426507858248861 0
8.244824372611076 -2.345143759429547 0
8.119033294758539 -2.263779660610075 0
7.993242216905556 -2.182415561790314 0
7.867451139053162 -2.101051462970934 0
7.741660061200538 -2.019687364151404 0
7.615868983347599 -1.938323265331672 0
7.490077905494774 -1.856959166512013 0
7.364286827642309 -1.775595067692588 0
7.238495749789807 -1.694230968873138 0
7.112704671937043 -1.612866870053518 0
6.986913594084274 -1.531502771233895 0
6.861122516231773 -1.450138672414446 0
6.735331438379066 -1.368774573594864 0
6.609540360526239 -1.287410474775204 0
2 1 0 2480
977
978
979
980
981
982
983
984
985
986
987
988
989
990
991
992
993
994
995
996
997
998
999
1000
1001
1002
1003
1004
1005
1006
1007
1008
1009
1010
1011
1012
1013
1014
1015
1016
1017
1018
1019
1020
1021
1022
1023
1024
1025
1026
1027
1028
1029
1030
1031
1032
1033
1034
1035
1036
1037
1038
1039
1040
1041
1042
1043
1044
1045
1046
1047
1048
1049
1050
1051
1052
1053
1054
1055
1056
1057
1058
1059
1060
1061
1062
1063
1064
1065
1066
1067
1068
1069
1070
1071
1072
1073
1074
1075
1076
1077
1078
1079
1080
1081
1082
1083
1084
1085
1086
1087
1088
1089
1090
1091
1092
1093
1094
1095
1096
1097
1098
1099
1100
1101
1102
1103
1104
1105
1106
1107
1108
1109
1110
1111
1112
1113
1114
1115
1116
1117
1118
1119
1120
1121
1122
1123
1124
1125
1126
1127
1128
1129
1130
1131
1132
1133
1134
1135
1136
1137
1138
1139
1140
1141
1142
1143
1144
1145
1146
1147
1148
1149
1150
1151
1152
1153
1154
1155
1156
1157
1158
1159
1160
1161
1162
1163
1164
1165
1166
1167
1168
1169
1170
1171
1172
1173
1174
1175
1176
1177
1178
1179
1180
1181
1182
1183
1184
1185
1186
1187
1188
1189
1190
1191
1192
1193
1194
1195
1196
1197
1198
1199
1200
1201
1202
1203
1204
1205
1206
1207
1208
1209
1210
1211
1212
1213
1214
1215
1216
1217
1218
1219
1220
1221
1222
1223
1224
1225
1226
1227
1228
1229
1230
1231
1232
1233
1234
1235
1236
1237
1238
1239
1240
1241
1242
1243
1244
1245
1246
1247
1248
1249
1250
1251
1252
1253
1254
1255
1256
1257
1258
1259
1260
1261
1262
1263
1264
1265
1266
1267
1268
1269
1270
1271
1272
1273
1274
1275
1276
1277
1278
1279
1280
1281
1282
1283
1284
1285
1286
1287
1288
1289
1290
1291
1292
1293
1294
1295
1296
1297
1298
1299
1300
1301
1302
1303
1304
1305
1306
1307
1308
1309
1310
1311
1312
1313
1314
1315
1316
1317
1318
1319
1320
1321
1322
1323
1324
1325
1326
1327
1328
1329
1330
1331
1332
1333
1334
1335
1336
1337
1338
1339
1340
1341
1342
1343
1344
1345
1346
1347
1348
1349
1350
1351
1352
1353
1354
1355
1356
1357
1358
1359
1360
1361
1362
1363
1364
1365
1366
1367
1368
1369
1370
1371
1372
1373
1374
1375
1376
1377
1378
1379
1380
1381
1382
1383
1384
1385
1386
1387
1388
1389
1390
1391
1392
1393
1394
1395
1396
1397
1398
1399
1400
1401
1402
1403
1404
1405
1406
1407
1408
1409
1410
1411
1412
1413
1414
1415
1416
1417
1418
1419
1420
1421
1422
1423
1424
1425
1426
1427
1428
1429
1430
1431
1432
1433
1434
1435
1436
1437
1438
1439
1440
1441
1442
1443
1444
1445
1446
1447
1448
1449
1450
1451
1452
1453
1454
1455
1456
1457
1458
1459
1460
1461
1462
1463
1464
1465
1466
1467
1468
1469
1470
1471
1472
1473
1474
1475
1476
1477
1478
1479
1480
1481
1482
1483
1484
1485
1486
1487
1488
1489
1490
1491
1492
1493
1494
1495
1496
1497
1498
1499
1500
1501
1502
1503
1504
1505
1506
1507
1508
1509
1510
1511
1512
1513
1514
1515
1516
1517
1518
1519
1520
1521
1522
1523
1524
1525
1526
1527
1528
1529
1530
1531
1532
1533
1534
1535
1536
1537
1538
1539
1540
1541
1542
1543
1544
1545
1546
1547
1548
1549
1550
1551
1552
1553
1554
1555
1556
1557
1558
1559
1560
1561
1562
1563
1564
1565
1566
1567
1568
1569
1570
1571
1572
1573
1574
1575
1576
1577
1578
1579
1580
1581
1582
1583
1584
1585
1586
1587
1588
1589
1590
1591
1592
1593
1594
1595
1596
1597
1598
1599
1600
1601
1602
1603
1604
1605
1606
1607
1608
1609
1610
1611
1612
1613
1614
1615
1616
1617
1618
1619
1620
1621
1622
1623
1624
1625
1626
1627
1628
1629
1630
1631
1632
1633
1634
1635
1636
1637
1638
1639
1640
1641
1642
1643
1644
1645
1646
1647
1648
1649
1650
1651
1652
1653
1654
1655
1656
1657
1658
1659
1660
1661
1662
1663
1664
1665
1666
1667
1668
1669
1670
1671
1672
1673
1674
1675
1676
1677
1678
1679
1680
1681
1682
1683
1684
1685
1686
1687
1688
1689
1690
1691
1692
1693
1694
1695
1696
1697
1698
1699
1700
1701
1702
1703
1704
1705
1706
1707
1708
1709
1710
1711
1712
1713
1714
1715
1716
1717
1718
1719
1720
1721
1722
1723
1724
1725
1726
1727
1728
1729
1730
1731
1732
1733
1734
1735
1736
1737
1738
1739
1740
1741
1742
1743
1744
1745
1746
1747
1748
1749
1750
1751
1752
1753
1754
1755
1756
1757
1758
1759
1760
1761
1762
1763
1764
1765
1766
1767
1768
1769
1770
1771
1772
1773
1774
1775
1776
1777
1778
1779
1780
1781
1782
1783
1784
1785
1786
1787
1788
1789
1790
1791
1792
1793
1794
1795
1796
1797
1798
1799
1800
1801
1802
1803
1804
1805
1806
1807
1808
1809
1810
1811
1812
1813
1814
1815
1816
1817
1818
1819
1820
1821
1822
1823
1824
1825
1826
1827
1828
1829
1830
1831
1832
1833
1834
1835
1836
1837
1838
1839
1840
1841
1842
1843
1844
1845
1846
1847
1848
1849
1850
1851
1852
1853
1854
1855
1856
1857
1858
1859
1860
1861
1862
1863
1864
1865
1866
1867
1868
1869
1870
1871
1872
1873
1874
1875
1876
1877
1878
1879
1880
1881
1882
1883
1884
1885
1886
1887
1888
1889
1890
1891
1892
1893
1894
1895
1896
1897
1898
1899
1900
1901
1902
1903
1904
1905
1906
1907
1908
1909
1910
1911
1912
1913
1914
1915
1916
1917
1918
1919
1920
1921
1922
1923
1924
1925
1926
1927
1928
1929
1930
1931
1932
1933
1934
1935
1936
1937
1938
1939
1940
1941
1942
1943
1944
1945
1946
1947
1948
1949
1950
1951
1952
1953
1954
1955
1956
1957
1958
1959
1960
1961
1962
1963
1964
1965
1966
1967
1968
1969
1970
1971
1972
1973
1974
1975
1976
1977
1978
1979
1980
1981
1982
1983
1984
1985
1986
1987
1988
1989
1990
1991
1992
1993
1994
1995
1996
1997
1998
1999
2000
2001
2002
2003
2004
2005
2006
2007
2008
2009
2010
2011
2012
2013
2014
2015
2016
2017
2018
2019
2020
2021
2022
2023
2024
2025
2026
2027
2028
2029
2030
2031
2032
2033
2034
2035
2036
2037
2038
2039
2040
2041
2042
2043
2044
2045
2046
2047
2048
2049
2050
2051
2052
2053
2054
2055
2056
2057
2058
2059
2060
2061
2062
2063
2064
2065
2066
2067
2068
2069
2070
2071
2072
2073
2074
2075
2076
2077
2078
2079
2080
2081
2082
2083
2084
2085
2086
2087
2088
2089
2090
2091
2092
2093
2094
2095
2096
2097
2098
2099
2100
2101
2102
2103
2104
2105
2106
2107
2108
2109
2110
2111
2112
2113
2114
2115
2116
2117
2118
2119
2120
2121
2122
2123
2124
2125
2126
2127
2128
2129
2130
2131
2132
2133
2134
2135
2136
2137
2138
2139
2140
2141
2142
2143
2144
2145
2146
2147
2148
2149
2150
2151
2152
2153
2154
2155
2156
2157
2158
2159
2160
2161
2162
2163
2164
2165
2166
2167
2168
2169
2170
2171
2172
2173
2174
2175
2176
2177
2178
2179
2180
2181
2182
2183
2184
2185
2186
2187
2188
2189
2190
2191
2192
2193
2194
2195
2196
2197
2198
2199
2200
2201
2202
2203
2204
2205
2206
2207
2208
2209
2210
2211
2212
2213
2214
2215
2216
2217
2218
2219
2220
2221
2222
2223
2224
2225
2226
2227
2228
2229
2230
2231
2232
2233
2234
2235
2236
2237
2238
2239
2240
2241
2242
2243
2244
2245
2246
2247
2248
2249
2250
2251
2252
2253
2254
2255
2256
2257
2258
2259
2260
2261
2262
2263
2264
2265
2266
2267
2268
2269
2270
2271
2272
2273
2274
2275
2276
2277
2278
2279
2280
2281
2282
2283
2284
2285
2286
2287
2288
2289
2290
2291
2292
2293
2294
2295
2296
2297
2298
2299
2300
2301
2302
2303
2304
2305
2306
2307
2308
2309
2310
2311
2312
2313
2314
2315
2316
2317
2318
2319
2320
2321
2322
2323
2324
2325
2326
2327
2328
2329
2330
2331
2332
2333
2334
2335
2336
2337
2338
2339
2340
2341
2342
2343
2344
2345
2346
2347
2348
2349
2350
2351
2352
2353
2354
2355
2356
2357
2358
2359
2360
2361
2362
2363
2364
2365
2366
2367
2368
2369
2370
2371
2372
2373
2374
2375
2376
2377
2378
2379
2380
2381
2382
2383
2384
2385
2386
2387
2388
2389
2390
2391
2392
2393
2394
2395
2396
2397
2398
2399
2400
2401
2402
2403
2404
2405
2406
2407
2408
2409
2410
2411
2412
2413
2414
2415
2416
2417
2418
2419
2420
2421
2422
2423
2424
2425
2426
2427
2428
2429
2430
2431
2432
2433
2434
2435
2436
2437
2438
2439
2440
2441
2442
2443
2444
2445
2446
2447
2448
2449
2450
2451
2452
2453
2454
2455
2456
2457
2458
2459
2460
2461
2462
2463
2464
2465
2466
2467
2468
2469
2470
2471
2472
2473
2474
2475
2476
2477
2478
2479
2480
2481
2482
2483
2484
2485
2486
2487
2488
2489
2490
2491
2492
2493
2494
2495
2496
2497
2498
2499
2500
2501
2502
2503
2504
2505
2506
2507
2508
2509
2510
2511
2512
2513
2514
2515
2516
2517
2518
2519
2520
2521
2522
2523
2524
2525
2526
2527
2528
2529
2530
2531
2532
2533
2534
2535
2536
2537
2538
2539
2540
2541
2542
2543
2544
2545
2546
2547
2548
2549
2550
2551
2552
2553
2554
2555
2556
2557
2558
2559
2560
2561
2562
2563
2564
2565
2566
2567
2568
2569
2570
2571
2572
2573
2574
2575
2576
2577
2578
2579
2580
2581
2582
2583
2584
2585
2586
2587
2588
2589
2590
2591
2592
2593
2594
2595
2596
2597
2598
2599
2600
2601
2602
2603
2604
2605
2606
2607
2608
2609
2610
2611
2612
2613
2614
2615
2616
2617
2618
2619
2620
2621
2622
2623
2624
2625
2626
2627
2628
2629
2630
2631
2632
2633
2634
2635
2636
2637
2638
2639
2640
2641
2642
2643
2644
2645
2646
2647
2648
2649
2650
2651
2652
2653
2654
2655
2656
2657
2658
2659
2660
2661
2662
2663
2664
2665
2666
2667
2668
2669
2670
2671
2672
2673
2674
2675
2676
2677
2678
2679
2680
2681
2682
2683
2684
2685
2686
2687
2688
2689
2690
2691
2692
2693
2694
2695
2696
2697
2698
2699
2700
2701
2702
2703
2704
2705
2706
2707
2708
2709
2710
2711
2712
2713
2714
2715
2716
2717
2718
2719
2720
2721
2722
2723
2724
2725
2726
2727
2728
2729
2730
2731
2732
2733
2734
2735
2736
2737
2738
2739
2740
2741
2742
2743
2744
2745
2746
2747
2748
2749
2750
2751
2752
2753
2754
2755
2756
2757
2758
2759
2760
2761
2762
2763
2764
2765
2766
2767
2768
2769
2770
2771
2772
2773
2774
2775
2776
2777
2778
2779
2780
2781
2782
2783
2784
2785
2786
2787
2788
2789
2790
2791
2792
2793
2794
2795
2796
2797
2798
2799
2800
2801
2802
2803
2804
2805
2806
2807
2808
2809
2810
2811
2812
2813
2814
2815
2816
2817
2818
2819
2820
2821
2822
2823
2824
2825
2826
2827
2828
2829
2830
2831
2832
2833
2834
2835
2836
2837
2838
2839
2840
2841
2842
2843
2844
2845
2846
2847
2848
2849
2850
2851
2852
2853
2854
2855
2856
2857
2858
2859
2860
2861
2862
2863
2864
2865
2866
2867
2868
2869
2870
2871
2872
2873
2874
2875
2876
2877
2878
2879
2880
2881
2882
2883
2884
2885
2886
2887
2888
2889
2890
2891
2892
2893
2894
2895
2896
2897
2898
2899
2900
2901
2902
2903
2904
2905
2906
2907
2908
2909
2910
2911
2912
2913
2914
2915
2916
2917
2918
2919
2920
2921
2922
2923
2924
2925
2926
2927
2928
2929
2930
2931
2932
2933
2934
2935
2936
2937
2938
2939
2940
2941
2942
2943
2944
2945
2946
2947
2948
2949
2950
2951
2952
2953
2954
2955
2956
2957
2958
2959
2960
2961
2962
2963
2964
2965
2966
2967
2968
2969
2970
2971
2972
2973
2974
2975
2976
2977
2978
2979
2980
2981
2982
2983
2984
2985
2986
2987
2988
2989
2990
2991
2992
2993
2994
2995
2996
2997
2998
2999
3000
3001
3002
3003
3004
3005
3006
3007
3008
3009
3010
3011
3012
3013
3014
3015
3016
3017
3018
3019
3020
3021
3022
3023
3024
3025
3026
3027
3028
3029
3030
3031
3032
3033
3034
3035
3036
3037
3038
3039
3040
3041
3042
3043
3044
3045
3046
3047
3048
3049
3050
3051
3052
3053
3054
3055
3056
3057
3058
3059
3060
3061
3062
3063
3064
3065
3066
3067
3068
3069
3070
3071
3072
3073
3074
3075
3076
3077
3078
3079
3080
3081
3082
3083
3084
3085
3086
3087
3088
3089
3090
3091
3092
3093
3094
3095
3096
3097
3098
3099
3100
3101
3102
3103
3104
3105
3106
3107
3108
3109
3110
3111
3112
3113
3114
3115
3116
3117
3118
3119
3120
3121
3122
3123
3124
3125
3126
3127
3128
3129
3130
3131
3132
3133
3134
3135
3136
3137
3138
3139
3140
3141
3142
3143
3144
3145
3146
3147
3148
3149
3150
3151
3152
3153
3154
3155
3156
3157
3158
3159
3160
3161
3162
3163
3164
3165
3166
3167
3168
3169
3170
3171
3172
3173
3174
3175
3176
3177
3178
3179
3180
3181
3182
3183
3184
3185
3186
3187
3188
3189
3190
3191
3192
3193
3194
3195
3196
3197
3198
3199
3200
3201
3202
3203
3204
3205
3206
3207
3208
3209
3210
3211
3212
3213
3214
3215
3216
3217
3218
3219
3220
3221
3222
3223
3224
3225
3226
3227
3228
3229
3230
3231
3232
3233
3234
3235
3236
3237
3238
3239
3240
3241
3242
3243
3244
3245
3246
3247
3248
3249
3250
3251
3252
3253
3254
3255
3256
3257
3258
3259
3260
3261
3262
3263
3264
3265
3266
3267
3268
3269
3270
3271
3272
3273
3274
3275
3276
3277
3278
3279
3280
3281
3282
3283
3284
3285
3286
3287
3288
3289
3290
3291
3292
3293
3294
3295
3296
3297
3298
3299
3300
3301
3302
3303
3304
3305
3306
3307
3308
3309
3310
3311
3312
3313
3314
3315
3316
3317
3318
3319
3320
3321
3322
3323
3324
3325
3326
3327
3328
3329
3330
3331
3332
3333
3334
3335
3336
3337
3338
3339
3340
3341
3342
3343
3344
3345
3346
3347
3348
3349
3350
3351
3352
3353
3354
3355
3356
3357
3358
3359
3360
3361
3362
3363
3364
3365
3366
3367
3368
3369
3370
3371
3372
3373
3374
3375
3376
3377
3378
3379
3380
3381
3382
3383
3384
3385
3386
3387
3388
3389
3390
3391
3392
3393
3394
3395
3396
3397
3398
3399
3400
3401
3402
3403
3404
3405
3406
3407
3408
3409
3410
3411
3412
3413
3414
3415
3416
3417
3418
3419
3420
3421
3422
3423
3424
3425
3426
3427
3428
3429
3430
3431
3432
3433
3434
3435
3436
3437
3438
3439
3440
3441
3442
3443
3444
3445
3446
3447
3448
3449
3450
3451
3452
3453
3454
3455
3456
11.18967573683725 0.5104645632066256 0
5.788802005086656 -1.008620911125095 0
10.32141788572553 -1.272720157264657 0
6.669586011418443 0.7730643433941364 0
11.53548248611029 0.5283395396071194 0
6.614402629056643 -0.9944553517089912 0
6.52418149542094 -0.9338382980539264 0
6.621214392122007 -0.8901760761083508 0
6.535260155139163 -0.8323798197478985 0
7.691064546792347 0.5115465803130745 0
11.84016117795177 -1.338562877803075 0
11.67260416585143 -1.350684280251812 0
6.627995214073382 -0.7879791230524551 0
6.543766936143582 -0.7317063537739381 0
7.122573555776906 -1.287905402540475 0
5.341041399260781 -0.8810852396295641 0
10.17811744551175 0.2903291150716243 0
10.28174807295928 0.2753301789771463 0
4.178704641756493 -0.8653494582032786 0
1.099083355969867 0.8831245305767209 0
3.598286068179786 -0.8795750717179822 0
2.125370584777821 0.8811406291338818 0
4.767846283666763 -0.8755906572036297 0
3.015460652916991 -0.8611800608979585 0
6.63403778043561 -0.6857533779875549 0
6.550216527704494 -0.6301789355793873 0
5.549604749608674 0.921674567962409 0
1.541869587446668 -0.876044734556519 0
2.71772418778014 0.8753665108765951 0
5.036671945806398 0.8703778591081727 0
4.482186590544074 0.8748047504490992 0
3.888391245646894 0.8750440067148542 0
3.302762452942884 0.8753831509992949 0
2.428141342725544 -0.8749309677441428 0
0.122688323718994 -0.05597629244334057 0
10.21743175148017 0.1888708331847419 0
10.32751214349049 0.1786753640709602 0
6.639820401582598 -0.583270059029332 0
6.554365586023931 -0.527518967953836 0
11.21178270930526 -1.501508841574263 0
10.26438979331701 0.08724469935327464 0
10.37041615863381 0.07589938953436554 0
8.268135501184867 0.4349137668747332 0
6.646193695433177 -0.4791496710565777 0
6.733557149400976 -0.541215648023993 0
6.558150961620069 -0.4234172633185145 0
0.9544914508714243 -0.8747042743023741 0
9.590492481612262 -1.033943546499693 0
10.3111110907811 -0.01387034104648617 0
10.41746677658751 -0.02511030249968752 0
10.20007306729775 -0.004930932947453039 0
12.26371309501769 -1.42490691425437 0
1.68802479262588 0.8848309898586028 0
1.992648139205866 -0.8669747535802511 0
9.304758109323455 0.3423752964368481 0
8.713870127376076 0.4048041168634687 0
6.467221819488287 -0.4727352697785641 0
6.468418766401403 -0.366429450236178 0
6.37292898406243 -0.419024045336218 0
6.375326281815651 -0.3076287462718252 0
12.66667610119086 -1.563756891634656 0
6.742958868221266 -0.4263458689585303 0
6.837304742635149 -0.4928759149308117 0
10.35983213298594 -0.1142543372795203 0
10.47013927776312 -0.122752173931448 0
6.27561966187511 -0.3625762847626602 0
6.275300259117324 -0.2523016978483689 0
7.497404437611448 -1.532649504901334 0
8.846414043878994 -0.9644837677578539 0
6.177660961681078 -0.3003040090910968 0
6.177516150380249 -0.1713023191649826 0
6.058922892725692 -0.2489156955439624 0
11.96216992764019 0.7198243976940101 0
6.066023085328219 -0.1190737963219857 0
5.963434492819513 -0.1782039787627598 0
10.53177346555424 -0.01817053541644097 0
10.58032083570205 -0.1292903285014484 0
10.51876165985409 -0.2213043119122108 0
10.62785088269264 -0.2277264294699615 0
10.68747242048355 -0.140390153752479 0
10.73337911980555 -0.2330597255347297 0
10.79048626362998 -0.1493617995103222 0
10.83463600932138 -0.2382130084952861 0
10.88969866295071 -0.1570669546779626 0
10.93236158897862 -0.2447438718793973 0
10.87888313989585 -0.3254323357252258 0
10.97555291977099 -0.3298256968010319 0
11.02719805433731 -0.2510154536179344 0
11.06977305674915 -0.3337668980968905 0
11.11994776323569 -0.2563738818106526 0
11.16204261999428 -0.3348430765618534 0
11.2114480113162 -0.2605980246043609 0
11.25322211580401 -0.3403990204312018 0
11.30252570206356 -0.2649001926000566 0
11.34458486771936 -0.3436261814957547 0
11.39505324301274 -0.2676246350712169 0
11.43818254476653 -0.3472985411012346 0
11.49026846207969 -0.2696391963609402 0
11.53550917874217 -0.3591678120612269 0
11.38568107819984 -0.4301560897837983 0
11.59055382416673 -0.2718100383824742 0
11.63784687042502 -0.371906321197344 0
11.69610602280627 -0.2755525651976152 0
11.74518271325253 -0.3763674204090389 0
10.9239094056007 -0.4121127354147268 0
11.80559954964996 -0.280201657539301 0
11.85670607869652 -0.3833053211062659 0
6.844965153490442 -0.3690837541591345 0
6.94706447637341 -0.4339821258546711 0
11.91861148119313 -0.2854563984438868 0
11.97179680063464 -0.3880313551399549 0
11.68485625406535 -0.4719859322106906 0
11.35386856577545 -0.1922248457757635 0
13.00979829459773 -0.2423828401172325 0
6.3646874739854 -0.206431509624313 0
0.6509212989509087 0.8586463581558531 0
12.93378728349938 0.03012087600798735 0
5.967630568676825 -0.05622695566478476 0
5.859177504774662 -0.116101014739641 0
10.56795641144874 -0.3198159881405025 0
6.952451975219043 -0.310726706571491 0
7.057533688323526 -0.3765364022111712 0
11.86558157026017 -0.1848120942333715 0
13.32201368708073 0.2816012535595037 0
11.97965404378003 -0.1884066382090772 0
13.6924145238109 0.4957508407803426 0
10.03368235437093 -1.083445142640319 0
14.07063773688255 0.7467424185851322 0
14.44659983553045 0.9676514334151589 0
14.8057535482963 1.19845916086135 0
6.205212219856726 1.012272230693276 0
15.17181216455352 1.423130965282916 0
15.55472740712105 1.665494020928578 0
7.063345130175579 -0.2526116557309044 0
7.166755229738638 -0.3231852048626625 0
6.962181019549731 -0.1812945321718111 0
12.59951470654476 1.082123466583454 0
6.079409242383186 0.003355524076840796 0
5.863786077846636 0.00997423301049101 0
5.751989684938744 -0.05498954855073014 0
12.98881380817824 1.299667102794438 0
13.37741482483208 1.537154106782147 0
13.09579005441225 -1.721333073052221 0
13.75758643026296 1.751353734553986 0
7.162873685313866 -0.446225119294685 0
7.276358101470487 -0.3962116225347352 0
7.873365489807977 -1.780891150071247 0
12.86560120778055 -0.2480262639330411 0
12.93638216567278 -0.3671121037493353 0
14.14281781790555 1.973664867548372 0
7.270794291552062 -0.518018771693971 0
7.389389812391533 -0.4619504778732389 0
7.381422436119637 -0.5883939781650318 0
7.498940809910792 -0.5281927968683773 0
7.518953379687166 -0.3892603815074085 0
7.622388725052777 -0.4697699472582675 0
7.610540111121978 -0.5995098277525718 0
7.732220213019982 -0.5387271879720215 0
7.725194709560282 -0.6747696487487824 0
7.736568118728393 -0.4021558388427033 0
7.853048666009727 -0.4754348102842559 0
14.52865773927519 2.207394737823239 0
14.91017744426303 2.425392966276112 0
12.79293569493719 -0.3652138124172669 0
12.86381618168303 -0.4889783469180915 0
8.24544545152038 -2.014030548555317 0
12.72231073677277 -0.4880234570276515 0
12.79244364958283 -0.6112555806325831 0
12.65123128804909 -0.6106865261467446 0
13.82693225794928 -1.076838569475734 0
5.754979958415221 0.07859730208660007 0
5.638015908894639 0.01111671577957053 0
8.622426918196487 -2.256882697792642 0
14.23295255756264 -1.231905447791743 0
8.998085551816301 -2.506469384497688 0
7.177828399674677 -0.1842443008727618 0
0.123717914826692 0.3571428571410696 0
14.67611811157806 -1.381655437627863 0
9.331497649813265 -2.735495403004976 0
9.738634280996308 0.3054387783592415 0
9.743130408800502 -2.967498373499144 0
15.05325853353806 -1.546167896753721 0
7.86117024654509 -0.3426722210887806 0
7.97638740169455 -0.4122802244264434 0
15.85002121975809 2.497477010279706 0
10.11468804294486 -3.211274498484017 0
11.92609588428564 -0.08727598153533646 0
12.04310636108939 -0.09022243857811454 0
15.46266314588355 -1.692800905001386 0
0.5113199862926621 -0.8477541169106532 0
10.48593929829946 -3.450036055683126 0
6.717577260840676 -0.8382333307277079 0
16.37878185943769 -2.46726813728344 0
15.8608352046639 -1.8657036063092 0
11.8829449722824 -3.928392345070566 0
10.85527675058427 -3.699890273256624 0
5.638473352321705 0.1480162002085126 0
5.5205683783233 0.08376260924652303 0
5.760680392525073 0.2109467055303945 0
5.520441846575129 -0.05498885815921228 0
5.401779522371768 0.01819523348235495 0
11.22930824216652 -3.944846485977569 0
10.84734787337826 -0.06713875314713708 0
5.856957603629581 -0.2438658241570745 0
6.459996449473638 -0.775723492845487 0
8.598588628857467 -1.212658562617524 0
8.476270485716952 -1.128882118009342 0
5.399726962265303 -0.1180276340712539 0
5.281180956926723 -0.04677270458084391 0
8.965166087363986 -1.464610639181314 0
12.72064321884868 -0.7331280667307514 0
12.57998563558243 -0.7312432993944734 0
12.86286169759881 -0.7344809075555381 0
13.79248776101872 -1.961246561849899 0
5.283571112129286 0.08941797285110027 0
5.161896534153737 0.02444394495256583 0
5.159560365098199 -0.1148737359485964 0
5.039236346353155 -0.04324347525195166 0
5.04167497124646 0.09733045816133568 0
4.918110665316413 0.02928475220800405 0
9.331831401588351 -1.71650902386919 0
6.178027039467865 -0.4036719193110976 0
14.21057554301098 -2.105239848849468 0
4.920836423502053 0.1706448672950343 0
4.796518604095023 0.1022450868853412 0
4.794012369566909 -0.03966555749013839 0
4.671623912521246 0.03347501092615344 0
4.669227107100625 -0.1094878769240464 0
4.546123941393863 -0.03575086169608824 0
6.980446202353622 0.5857820154592805 0
9.698681844579584 -1.968539940466592 0
14.62327756839651 -2.250314274216522 0
10.06541240573126 -2.220441238778684 0
4.54964078421778 0.1085532481639334 0
4.422862403129471 0.03860832372504371 0
4.420501640462113 -0.1058355693809566 0
4.296402094732199 -0.03138890955508359 0
4.299101214650811 0.1132389915220036 0
4.172337751477046 0.04328868672912084 0
4.16966009666633 -0.1016609561731706 0
4.045282399671479 -0.02685080805849244 0
4.042655304809267 -0.1721324354950407 0
3.91793513045259 -0.09720602838642226 0
3.920742092351371 0.04841413993306119 0
3.79306995551381 -0.02205304591728312 0
3.795916419941593 0.1239328411914399 0
3.668055358642135 0.05332175520234225 0
3.665336148733074 -0.09277203752725856 0
3.540115834315842 -0.01736964210786989 0
3.537460154517322 -0.1635752170108194 0
3.412106956168266 -0.0881385003506126 0
3.414819835228793 0.05817277886653595 0
3.286699681554691 -0.01262576136708065 0
10.81266068035857 -1.501005383203804 0
3.289435194982822 0.1338043079416918 0
3.161219703132174 0.06295203435949953 0
3.158610328800791 -0.08360673862895812 0
3.032982136333144 -0.007978615364572056 0
10.43213112997079 -2.472334827671345 0
15.04675110699099 -2.393226422845205 0
7.981573485241062 -0.2724488649034174 0
8.100231145213213 -0.3460705441836618 0
10.79886162413194 -2.724235357629416 0
3.035688773801901 0.1385870810708509 0
2.907397581120586 0.06766647955398072 0
2.90468889595269 -0.07893572044466832 0
2.779066789610643 -0.003287867219915992 0
2.776370135873553 -0.149917382166505 0
2.65070769995349 -0.07426350627653207 0
2.653420256668509 0.07239786481151975 0
2.525035326387779 0.001415810426554007 0
2.527762390651869 0.1480874579187531 0
2.399362487570192 0.07708070489479449 0
2.396635846940373 -0.06960021238030065 0
2.270945771791442 0.006072577287055842 0
15.48353269825896 -2.525300436142347 0
12.72372072570364 -0.2500446977563386 0
2.26822139095683 -0.1406246288884779 0
2.142497591017175 -0.06491292784492173 0
2.145178734238828 0.08172683818729926 0
2.016736878666958 0.01076080926069987 0
2.014052328641645 -0.1359345584367923 0
1.888311638802508 -0.06021290093508249 0
1.890942886242178 0.08643585913314564 0
1.762576401732534 0.015471600487038 0
11.16504592564983 -2.976354536305539 0
1.759423464562987 -0.1305347020728864 0
1.634125833702253 -0.05529915597709809 0
1.636894328137303 0.09113428248155808 0
1.508702549181127 0.0201750947403883 0
1.505589210667724 -0.1256009452246911 0
1.380598574673525 -0.05044112365306361 0
1.383359795361495 0.09566115318314961 0
1.255548414771481 0.02486171747371444 0
1.252471112084522 -0.1206506721052987 0
1.127735909298802 -0.04570538737869257 0
1.130588792051401 0.1000747810166402 0
1.002918408209384 0.02955230044958475 0
0.9998662784167429 -0.1156283039392573 0
8.465166634201507 -1.276281224874157 0
8.343259295103422 -1.193181351238574 0
11.98748998986029 0.01416216630396456 0
12.10875202955544 0.01134567320461059 0
11.8774983447651 0.01047946557660023 0
1.005738465831317 0.1752091879132507 0
0.8782559644636294 0.1049033363972553 0
11.53110255546522 -3.228117114636517 0
7.263767671798267 -0.6478539154430406 0
7.847350821426722 -0.1963805545727748 0
8.094549260994064 -0.4872514805665011 0
8.219163876972704 -0.4193711718340607 0
8.22542682568662 -0.27852754010238 0
8.345806730540474 -0.3525542616476814 0
12.79016467191651 -0.856828356617193 0
12.93332043227797 -0.8584692276304495 0
5.640901294564093 0.2828969992680143 0
5.758885578467202 0.3470538458488133 0
8.35216307198348 -0.2105069353953078 0
8.474650698124819 -0.287696776056357 0
13.44368865942032 -0.244641841745441 0
15.87912653406947 -2.668087346390087 0
7.259362997388022 0.5547103232271399 0
15.30229129709433 2.647246888294523 0
12.16495909101054 -0.09440131987922401 0
12.23316630080781 0.007262717691217182 0
12.17458908064777 0.1195054834918796 0
12.30424152683866 0.1153853189204666 0
0.8810511310119287 0.2503346191484927 0
0.753699550089945 0.1800672119566327 0
0.1285790339051419 -0.4981544484797525 0
12.24714175491836 0.2302371959455615 0
12.38331495913507 0.2247089407315483 0
12.32019678205275 0.3459849283178271 0
12.45989398659713 0.3406126815904664 0
10.43757618132702 0.169309735527286 0
12.51905784453798 -0.6061481603299108 0
12.43859783835997 -0.7137522705368924 0
12.50932945578898 -0.8455578310406452 0
12.3816686696541 -0.8483698573074101 0
8.468889640614572 -0.4325806809584323 0
8.597062661100969 -0.3635570017255631 0
8.603469482994674 -0.2192982334365294 0
8.723584324695597 -0.2968228070491333 0
9.295105590804477 -1.010913553714511 0
12.8603725820047 -0.9794272762357918 0
13.00385179716472 -0.983119500692279 0
13.07681586350526 -0.8595686888533975 0
7.983998509944431 0.4845004371834704 0
11.11827193717953 -0.4081228284233313 0
0.7509653054108104 0.03482909163989599 0
1.246684076100087 -0.8530003640601014 0
13.36923276634345 -1.819520799086043 0
9.00933082853177 0.3681397129504347 0
3.409605028398771 -0.2346494881259228 0
3.670843849743064 0.1994260904001311 0
3.798842521070566 0.2700498120588729 0
3.673646107262009 0.3456403830478366 0
11.77548490541355 -3.396611806507142 0
2.648026956878666 -0.2209431209174489 0
4.771609310579059 0.8844892650017742 0
3.028345210136437 0.8692030384716352 0
5.067316906126221 -0.8748724493881098 0
3.882185981628905 -0.8843213233816873 0
2.716627368358061 -0.8728287398051606 0
4.477481756614083 -0.8853589962304576 0
4.17504171091907 0.8819898558821593 0
1.395161538557166 0.8513480854132845 0
2.436175624592355 0.875857204469771 0
3.307337636552836 -0.875618288513053 0
13.73372733772928 -0.246970654079791 0
2.902129898612857 -0.2256378433498815 0
2.656149229130517 0.2190147467480414 0
2.402029226337163 0.2236801411574013 0
16.150692381356 -1.958705335800978 0
15.8043853600623 1.821172307617887 0
5.037125097208627 -0.1837367281621637 0
5.157967679122236 -0.2557629647634507 0
3.662779304750265 -0.2388757627933094 0
4.167358610289137 -0.2469793051355521 0
1.133087590269073 0.2459532985982569 0
5.04458457351613 0.2377431390155288 0
13.1477430372171 -0.984805429478596 0
10.81610260110831 0.4853924684890354 0
14.02381506884592 -0.249308500275804 0
8.230424961110312 -0.1360478173543112 0
8.33206312141718 -1.339909658838436 0
8.210742780418954 -1.256554202473609 0
8.453720102047381 -1.423530464378008 0
8.221842470921359 -1.110454440399316 0
8.089640277282534 -1.173829379049146 0
12.10908171316764 0.2354367711422783 0
4.799892049851346 0.2452554637195208 0
14.3139408040412 -0.2516393536935372 0
10.94666947800278 -0.07518387235084545 0
11.90719866901908 -0.4856299686364842 0
10.90318472325353 0.01745987317465093 0
11.00647423047791 0.0112853172339485 0
10.4558369314862 -0.313387330869476 0
10.50677520832408 -0.414286582155678 0
10.39171776498816 -0.4080323082278594 0
10.44494627280401 -0.514471319377317 0
10.32481025894074 -0.5064092398647457 0
10.37845868291834 -0.6144472771386048 0
10.50044842859878 -0.6222584969617839 0
10.25557903194725 -0.6074990415811744 0
10.20157153307765 -0.4961714835114421 0
10.13028397845107 -0.5993759693318401 0
10.07448381927763 -0.4843922927080405 0
10.00077857856029 -0.5913922016096276 0
9.943774118514668 -0.4659524342571604 0
10.43361391003283 -0.7225880931557755 0
10.55587171550722 -0.7292615292731873 0
14.60449919379033 -0.2537007610469871 0
7.602238882014173 -0.736703473582764 0
12.34086283987388 0.9365782604419173 0
14.89518229749872 -0.2566286885283115 0
5.03494717586436 -0.3251167314660408 0
9.86802622930216 -0.5792695999178451 0
9.809436794034101 -0.4526330946075534 0
9.732274448344974 -0.5741770060791798 0
9.67156254442483 -0.4484972538369503 0
9.754910898178954 -0.3142098388939835 0
9.611977420193467 -0.3239739100026225 0
9.531426848636901 -0.4393355782814666 0
9.47055398340941 -0.3113840089313293 0
9.389315632738828 -0.4288436033886155 0
9.327911801718464 -0.2993194711238048 0
9.24600183577185 -0.4175050593549134 0
15.1854257604993 -0.2591717899523222 0
13.0745751025574 -1.109154789326028 0
13.21899738963551 -1.110597210872055 0
15.47562970667919 -0.2617643266230774 0
11.40244707338899 0.5264857617099068 0
0.3618563465000663 0.8819742243320079 0
15.76575723286506 -0.2639716211656757 0
16.88516726391041 -0.4919920848370469 0
16.05589420515528 -0.2661807216995276 0
16.34616033737075 -0.2683091278761884 0
8.357301375556903 -0.06679228940214543 0
8.226223917517578 -0.5557040515620433 0
8.729303843797835 -0.1555731912244022 0
11.54131898038884 -0.1824588516529275 0
4.040095611142301 -0.3176486769668281 0
6.563353447362694 -0.3212085816666591 0
0.7563463572173778 0.3254975731259304 0
12.02478855456051 -0.4925107305147244 0
11.9592719702232 -0.5899789980833865 0
0.6267116708126206 0.1097458376250409 0
0.6240044204508819 -0.03513616260182388 0
9.557547872693542 -0.1804457352012145 0
5.643699688830209 0.4186609913565458 0
5.763269886186283 0.4836561421571229 0
5.881878846277961 0.4107554106394661 0
5.884412142561569 0.5488304231213709 0
6.002500900424762 0.4761989738330693 0
10.96238968926969 0.1025079374205899 0
11.06439625678237 0.09807890628122254 0
11.02145570210027 0.1864898360195696 0
11.12049526296453 0.1806272403794952 0
10.8649984033756 0.1191613621474791 0
12.4405390988592 -0.9630488685670405 0
12.30797301786761 -0.9626401521205216 0
7.724165237571732 -0.8109214476905754 0
7.595507189550331 -0.8755243115350592 0
11.16249341278011 0.09089903892965379 0
11.21337103952752 0.1734168010339894 0
8.32040103460684 -1.487038981946823 0
8.442084849629413 -1.570888345548718 0
10.4890677847483 -0.8324857230631004 0
10.61215636126409 -0.8381170221099788 0
10.67706697571734 -0.7359232598886488 0
10.73162933877994 -0.8448155480821604 0
10.66829637696848 -0.9472754114758981 0
10.79065114139981 -0.9513381511492636 0
10.85102781659656 -0.8529530054272363 0
10.91011409153731 -0.9539630870897644 0
10.97094802193727 -0.8572785115212072 0
11.02686267902759 -0.9546669070078275 0
11.08513574220398 -0.858656328985227 0
11.13889736435778 -0.9543487170136529 0
11.19419222423275 -0.8623710847396292 0
11.2458318188782 -0.9544661694789102 0
11.29892269733801 -0.866587084196861 0
11.34828462669216 -0.9553550033370841 0
11.39991306790623 -0.8697471115053468 0
11.44811342852918 -0.9562915948070951 0
11.39834840550301 -1.04112096906496 0
11.49872172196165 -0.8765091280972801 0
11.54635105079825 -0.9588070131596769 0
11.60368429201636 -0.8637405140665925 0
11.64623331301112 -0.9591564457588957 0
11.08281159702748 -1.050769882373754 0
11.25575323173586 -0.781010973211346 0
11.45561022981073 -0.8011244152980084 0
11.69929019072163 -0.8755472681263263 0
11.74532413218312 -0.9633799905310265 0
13.87671559772268 -0.7445615923446255 0
3.577772232048722 0.8643916946623216 0
8.723417329259783 -0.4420212447446625 0
5.156756081875975 -0.3978363164108508 0
11.59313548626553 -1.053439693300751 0
14.16936175853085 -0.7473395909521028 0
11.25547078640259 0.0862549164043457 0
11.30617860455278 0.1670484332711431 0
11.34737780279638 0.08633181586417178 0
11.39712726707451 0.1634226691759265 0
14.45910236497391 -0.7452433661399787 0
0.8838271625208771 0.3958853523282291 0
14.75016314886231 -0.7430954789478803 0
15.04033115595547 -0.7406772300045927 0
12.28383494830452 -0.1039713794459296 0
15.33049571202089 -0.738259619481633 0
6.200679655630799 -0.9993503601802585 0
4.165150111815453 -0.392627739516114 0
15.62066535378613 -0.7358413659150147 0
10.72698323804721 -1.057262612652296 0
15.91083085703236 -0.7334237761918626 0
8.487277164492507 -0.9826803510003366 0
16.00436994638673 2.240229132564668 0
16.20107392856759 -0.7310116114279231 0
8.078348300317806 -1.319629399974128 0
7.957569826328115 -1.236997337479568 0
11.47579218848649 -4.106418894193372 0
8.101187773873416 -1.028323341148114 0
16.49120933306136 -0.7286519070451822 0
11.03049677800492 -0.7652453607313529 0
12.43896359899401 0.1022712877020126 0
13.14570375135564 -1.22928074705425 0
13.29077050030787 -1.235830476442945 0
13.22071577152214 -0.860675889097513 0
9.184330778438415 -0.2872613233436806 0
9.266492900358845 -0.1686240676478976 0
8.234802490959133 0.008438887686366889 0
11.7986688421426 -0.8762187439586172 0
11.8485996248181 -0.9637423274811838 0
9.450919507446482 -0.5519757252738277 0
12.99779545357596 -1.229671160721886 0
11.43896977858621 0.08187128564411125 0
11.48935239513659 0.1589504765853904 0
11.53098118505998 0.07541476130412157 0
11.58304229210113 0.153570191538011 0
10.02480063573683 -0.3675198690599604 0
11.90314214456447 -0.87703465993984 0
11.95522889924625 -0.9674322791394082 0
3.801737515293391 0.4162854072826864 0
12.38773863688385 0.4687657755145959 0
12.53120148007476 0.4630441453829643 0
13.07967851260041 -0.3667108454474455 0
6.934354917604846 -0.5662411278232449 0
3.926786422365057 0.3403478598212945 0
10.12008542191159 0.1967095452840726 0
12.25230102933758 -0.8492633119339223 0
11.26771170280845 0.2507220239516094 0
12.59567484163208 0.3365493423776795 0
12.67383138677798 0.4571120640595728 0
12.60804973992764 0.6081038659040571 0
12.75153176477223 0.5790475591871164 0
12.81850789250575 0.4501639022276331 0
12.89702383774748 0.5727638868808966 0
12.83335384663048 0.6999713184678322 0
12.97644509608511 0.6956106768253016 0
12.91013723508861 0.8239581316805779 0
13.05526181198369 0.8192956195675809 0
13.12250367436599 0.6892684568272059 0
13.20180649717598 0.8131183207023313 0
6.864117611469834 -1.13774705963706 0
5.518655598472607 -0.1908271761280512 0
7.845726957288292 -0.7469898752204525 0
5.524336187038568 0.3537491287342666 0
5.527153688613515 0.4906400374174887 0
10.3701850076563 -0.824527646008872 0
5.03281934463134 -0.4673852300954107 0
4.910680197118586 -0.3949493838484772 0
11.74683121560304 -0.7820380352484564 0
11.54003606702751 0.2374394103105336 0
11.63487132001029 0.2325091884438132 0
5.406249049466668 0.4245149457089962 0
5.409550457295957 0.5662600650925731 0
10.62009897608679 -0.4203887132547394 0
11.07712800640176 0.2688925213685196 0
13.26949363716733 0.6825765258513654 0
13.34876251948802 0.8065948881526204 0
13.28091985607706 0.9373408864326451 0
13.42826309451954 0.9307657525187667 0
13.36022041347179 1.061730178525794 0
13.50769109466207 1.055114137212297 0
13.57570088652496 0.9240907671123423 0
13.6551817529884 1.048437240963758 0
8.362046806825226 0.07775371675763956 0
11.44992435663996 -1.412356341334924 0
13.58722177427633 1.179540458075982 0
13.73481523889381 1.172882670207452 0
13.66880704436646 1.29992154504824 0
13.81482600531994 1.296723564227985 0
13.88252285830353 1.166056503983277 0
13.96218659444559 1.290679298522634 0
14.03012656906182 1.159448950457576 0
14.10981603045185 1.283908677377874 0
14.0418579828845 1.41514512773009 0
14.18954785463501 1.408389762392016 0
12.09087367338524 -0.393075254770408 0
6.006485270355864 0.6144917482428031 0
6.124141587014304 0.5410285140227747 0
6.119600271442698 0.4034558431751827 0
6.240436116879306 0.4676463209499545 0
6.235479269619221 0.3315028351602302 0
6.354696556304692 0.3947261066648466 0
6.349820376945033 0.26133524240105 0
6.467060409505846 0.3232553437806311 0
6.462889788520256 0.1913747421865046 0
6.577670505819651 0.2530112236077426 0
6.573818200302078 0.1238173308774214 0
6.687053018915993 0.1842003518624961 0
6.246498573504677 0.6053342281035125 0
5.887648513256187 0.6881350650577792 0
5.286607650649049 0.4970367550227559 0
4.037603890589794 -0.4633995671177269 0
6.584369904410126 0.3834974189839969 0
12.14513005358267 -0.5005510318223468 0
11.1701465475089 -0.179866866064417 0
6.374291342392469 -0.5247776938418277 0
6.681872170103181 0.0561437617413059 0
6.796003543201129 0.1160625713954211 0
3.929757421056497 0.4868044713588928 0
4.054683731942367 0.4108603785405005 0
9.913964437430643 -0.7005240633039308 0
14.12155317885576 1.53975772284137 0
14.26931441205968 1.53293206741139 0
14.33726496652422 1.401606286385673 0
14.41705015740914 1.526087004092757 0
9.122345273549829 -0.1564976759360415 0
12.21302191550995 -0.3986603674989939 0
0.7590516558712871 0.4709339301334956 0
0.6316986763901737 0.4005733381480575 0
10.53847773341933 -1.405395164160088 0
6.801335744108682 0.2456285450380977 0
6.912331460896532 0.17575932544308 0
7.946286585445488 -1.382651760104855 0
7.823586669982424 -1.301694594869148 0
14.34910220260959 1.657496315933929 0
14.49689400671059 1.650603978012919 0
14.42895016620445 1.782095782867408 0
14.57680146882208 1.775185272670942 0
14.64464922826157 1.64369192861434 0
14.72458650358114 1.768240222754401 0
14.7923774990496 1.6368381441177 0
14.87232448399783 1.761315972659559 0
14.80446682339124 1.892750010012267 0
14.95223235245986 1.885767248223321 0
0.5001267463868795 0.03946971095788209 0
0.4983260177781044 -0.1051030262216264 0
0.6213087666167918 -0.1798334755465776 0
0.4956541896768874 -0.2497164933987636 0
0.6185809775393363 -0.3245074466658358 0
0.4981873280776062 -0.3945645275252399 0
0.6172178511421311 -0.4686138865543437 0
0.7428134093271034 -0.3994670318084173 0
12.37390556426337 -1.076526329716538 0
12.50988380886152 -1.080070029062702 0
12.24455608529222 -1.07608809830109 0
5.155464011886044 -0.539755898347436 0
5.278979170618171 -0.4703747716827072 0
11.79285481480542 -1.046739420195087 0
14.8843745986352 2.017298419921513 0
15.03220586803484 2.010309146386567 0
15.10014667690189 1.878744456281207 0
15.18014795324538 2.003261550160819 0
9.206637921417549 -0.035908877587721 0
9.060391771189881 -0.02496636610808747 0
8.311316936767234 -1.630454038639539 0
8.430389867323854 -1.718369304233576 0
8.564013914577124 -1.654754311284742 0
8.555289980233063 -1.798013657629609 0
8.68646908380688 -1.737936206490757 0
8.67832207978137 -1.880482703867012 0
8.808692655382504 -1.821634319443659 0
8.800573242907591 -1.96419267321665 0
8.930883748161364 -1.905526856444136 0
8.919270766640565 -2.053143472069781 0
9.052506418916609 -1.990226283634139 0
16.62992663663234 -0.2643781978039746 0
3.676430770077765 0.4919621134087906 0
3.548316933822861 0.421290326617369 0
9.101974785135605 -0.405925770239052 0
9.164135898631287 -0.5367770522517689 0
0.8865680480379777 0.5415469795798502 0
0.7406755638016814 -0.543706231420071 0
0.8673769212797021 -0.4744506701320357 0
10.60162871829977 -1.052831695304124 0
0.1237179148266923 0.6428571428561499 0
13.21989660177568 -1.354270292920164 0
13.36333908773396 -1.362046128817304 0
13.44997296530921 -1.21822555392491 0
13.51061364167582 -1.363472953552598 0
12.96403611789002 0.4431558940923009 0
9.040147258588133 -2.134747261154656 0
9.17426630494869 -2.07406677368668 0
9.157189131593929 -2.242002672668814 0
9.295503879314143 -2.161935491962406 0
9.284798648874744 -2.306439449054006 0
9.418407921921474 -2.243331430742405 0
13.14962360004765 -0.7355879422535826 0
13.29365406027216 -0.7364474596196238 0
12.25884423437563 0.4690122706026577 0
13.72308324943197 0.9173591311468796 0
5.559491605108621 -0.9140309201012149 0
5.488712367055622 -0.785831938082113 0
7.721874386310393 -0.9466529861567496 0
7.58545032016215 -1.015948686258552 0
7.471326096187532 -0.9379393108644205 0
7.461181235669611 -1.077339633216736 0
7.344018608692251 -0.9998766799165704 0
15.11220291110133 2.134923447093874 0
15.26018378772301 2.127883653378158 0
15.32811461064122 1.996193790339829 0
15.4082070910025 2.120850199984317 0
15.19210106157855 2.256546212025238 0
14.48489737278313 1.39476650352016 0
9.406893014128377 -2.390583886481692 0
9.540601875645855 -2.327036245968462 0
9.529030390100104 -2.47458459742181 0
9.66281428272335 -2.410915207270168 0
9.651177868974415 -2.558589713872919 0
9.784973291206246 -2.494909272546054 0
6.449924356639963 0.9123563413349245 0
4.908129304290847 -0.5377083391712852 0
4.784685142684507 -0.4638788541207055 0
0.4995982766477751 -0.5405517908441468 0
15.47612027564866 1.989060509190611 0
15.55646220152789 2.113710295143933 0
15.48840619031101 2.245736067347583 0
6.347908208416857 0.1300123106076724 0
7.821236386642468 -1.446631368433093 0
11.62199128086099 0.0709887309632187 0
9.773320725891461 -2.642616320463066 0
9.907151622125376 -2.578883513271596 0
9.895465033163067 -2.72664245701748 0
10.02926407859506 -2.662957262071322 0
10.01759751132597 -2.810684327320176 0
10.15140445638038 -2.746989839513878 0
10.96622998989254 0.2714467479763912 0
11.02640063586706 0.3579170076793572 0
0.6343574734664023 0.5459083355659341 0
0.5071955404422852 0.4755533239614895 0
12.99801566318575 0.9418341788109675 0
4.162712824430226 -0.5383930143116504 0
4.290288955855956 -0.4675917636663963 0
9.019340056964879 -0.5253093237979801 0
9.084803986903687 -0.653003370251632 0
8.91386387282496 -0.6389555889333535 0
10.13973274156986 -2.894721785997024 0
10.27355973223944 -2.831000777485003 0
10.2618720004642 -2.978755703260227 0
10.39568570231742 -2.915054068877657 0
10.38400811198742 -3.062796880521329 0
10.51782859277081 -2.999083240436667 0
12.32289182548453 0.594481385003412 0
4.057734365960805 0.5573007808066341 0
4.182442215350323 0.4813752812177494 0
15.64232649556089 2.241481892012816 0
15.57518992761528 2.374189104921765 0
3.551047654824252 0.5676777044315917 0
3.422871622039586 0.4969994677985772 0
0.36006735537558 -0.3401176501461515 0
11.59152435914993 0.3161033188398652 0
11.68777287367016 0.313878515096945 0
11.49921427511171 0.3197955225169258 0
11.73341811531976 0.225343510038523 0
11.78691426799027 0.3100221374054933 0
11.73899763404055 0.4039929745009692 0
11.84840795372151 0.4012114920349176 0
5.292562952260587 0.6345820139681573 0
5.165687867041956 0.5693192982756231 0
5.933562272152937 1.029511641188435 0
8.548620245756473 -1.947435085546333 0
13.43536163647929 -1.482031508677851 0
13.58161240054789 -1.490247870813465 0
13.65567490662063 -1.373542978843021 0
13.72794400262335 -1.493938973202972 0
13.65362093231852 -1.619308359319893 0
13.80029882668136 -1.620591432486092 0
13.87454635174449 -1.494044022585967 0
13.94703154391569 -1.621495853357973 0
14.02125535645874 -1.494825914163042 0
14.09385046424711 -1.622422175974247 0
14.01955187934866 -1.749126451309581 0
14.16643474751046 -1.75007676819984 0
14.24070453619932 -1.623358751773134 0
14.31331597393393 -1.751000018415548 0
14.38755159156516 -1.624285427328961 0
14.46021947844005 -1.751913289629014 0
10.54011915563746 0.4129851942812542 0
6.845967253752676 0.5863932404895648 0
16.1606957815051 -2.782286108150084 0
16.42237433065293 -2.063484547695505 0
15.6962258374647 2.758986777347451 0
10.16486548512169 -1.110038868074052 0
10.138046403276 -0.9715775945066422 0
12.01603156084938 -3.558726102976272 0
10.50614416696151 -3.146833452405497 0
10.63997069221506 -3.083112929628097 0
13.94874011381044 -1.367308255871645 0
11.30333039000184 0.006066264976796282 0
12.44053276167354 -1.198014809676462 0
12.57792477427365 -1.203209596749716 0
8.913222995969747 -2.199523861957034 0
15.70578239924115 2.106963316566868 0
10.62828114067621 -3.230870137249454 0
10.76210769421482 -3.167149441561997 0
10.75041847064317 -3.314908766118283 0
10.88425280311977 -3.251174521708262 0
0.2263452573952957 -0.8764332607746269 0
11.84525564888206 -0.5838815166980709 0
4.28791114657923 -0.6133752613000802 0
4.415336995765947 -0.5423810909454778 0
6.57080811213529 -0.00337912013035119 0
6.676568686636287 -0.06983889169668259 0
5.531374916241009 0.6335288029660975 0
8.23911934372121 0.1541940888274887 0
8.113736404369767 0.08343447550756435 0
12.50619457612347 -1.32366941390826 0
13.74769841075551 1.441946251029523 0
6.916345033884745 0.3064767994795685 0
7.02834093503432 0.2358946571702422 0
7.024029584961263 0.1040008081519389 0
7.142020943264592 0.1659301133005084 0
13.41651419797584 0.6759310971350634 0
10.87255480292048 -3.398943998652726 0
11.00638667816225 -3.335214958722291 0
13.36491731013291 -0.8618129698000669 0
13.4380158763426 -0.737287990424957 0
13.36657575853454 -0.6117952862186717 0
13.51112316875639 -0.6125773823119343 0
14.17772492581218 1.152732394097653 0
9.280502925447436 -2.454832027631816 0
6.01165129234229 0.7546832469210349 0
8.232512584943089 -0.9654117533955114 0
8.113918312693698 -0.885924202678513 0
11.84573312053877 0.2024322002402347 0
10.89613084610816 -3.103400165938388 0
0.5045616853482954 0.3302773873618616 0
10.52972733848357 -2.851339773131223 0
14.94009659612318 1.629971648934935 0
14.86034644680301 1.505642216891133 0
4.417337363533161 -0.3968142732297566 0
7.578888418457461 -1.153181899740671 0
7.473369498872865 -1.224174593960719 0
10.16343564184954 -2.599497392468987 0
9.354186471157465 -0.04335022623872151 0
9.796871872791757 -2.347492062438806 0
13.95036636737588 1.035006495676594 0
14.38598640868448 -1.876741668989917 0
14.53291373804672 -1.874777036166893 0
14.60712141158528 -1.752002710042939 0
14.67982439805397 -1.8750292368814 0
14.75401392233899 -1.752627478742009 0
14.82674537501441 -1.880201907389106 0
9.144579561700199 0.09590955793443035 0
9.000837543502321 0.1050781563201779 0
13.19019456967001 0.5586066601386683 0
9.430150377414767 -2.096078883138468 0
2.393941763030761 -0.2163206669325338 0
2.265513747454872 -0.2873552064329424 0
2.391245461502436 -0.3630648482466683 0
2.262806042689227 -0.4341044830462085 0
2.388553996916413 -0.5098188912966468 0
2.260103195101744 -0.5808685692313931 0
2.134347488797927 -0.5051399849843907 0
2.516994580708786 -0.4387786837318573 0
2.514303620078318 -0.585533682253614 0
2.642751039960798 -0.5144910572657807 0
9.063933231827265 -1.842938821321632 0
2.910117213984279 0.2142525983328264 0
3.038440181214544 0.2851825611592591 0
2.912840776164928 0.3608791097966702 0
3.041140955483032 0.4317251704818455 0
2.915555525915054 0.5075219777412752 0
3.043869695812887 0.5781866217993485 0
12.01045986348937 -0.8782754465964711 0
6.116368486584425 0.2685264824311105 0
8.697661958519069 -1.591012861066676 0
2.78719015203922 0.4365919909646639 0
8.189796936130984 -1.54611814551931 0
8.178777719892725 -1.700956677513302 0
13.21545389142138 1.066533342975035 0
13.29251069065436 1.192553096546946 0
3.166754190190673 0.3560211541056092 0
1.011291539122832 0.4663456881851805 0
3.912574589379999 -0.3884109069781592 0
3.90993745946726 -0.5343327152548161 0
8.608345448008929 -0.0747663893939997 0
9.226578705701389 -0.6665817669880845 0
12.75195111784727 0.8377697212513765 0
10.99490133226292 -3.482675121502361 0
11.12856675113231 -3.419188107185247 0
11.11708330718398 -3.566625778000319 0
11.25070083134906 -3.503167462581585 0
11.26236868393559 -3.355466091318403 0
11.38445602916984 -3.439545074043512 0
11.37274874308547 -3.587149327414171 0
11.5063956087099 -3.523567556118613 0
11.49475169785283 -3.670903253927508 0
11.6282174559421 -3.607413318284538 0
11.61626991937809 -3.754482148679682 0
11.74923376441287 -3.691608966491176 0
3.784709510813111 -0.4591686365173014 0
3.78301756797386 -0.603772193635607 0
3.657198774201935 -0.5298962935618228 0
14.40521643187335 1.270415833240243 0
14.46958947346722 -2.021901334822223 0
15.41346447430132 2.372570956498541 0
8.760569050628563 -0.004669121953633311 0
8.617749652061379 0.07133052396440438 0
2.7898982357872 0.5832711736051572 0
2.66147891812104 0.5123050884107634 0
9.639488955479699 -2.706342392224009 0
9.97664032694238 -0.9573377200670999 0
10.66080782258721 -1.165827643849971 0
10.78903034827931 -1.169640108103153 0
11.14006328141287 0.3604190507589924 0
13.64363650090603 0.7930981893752602 0
12.885461861523 0.3246422729371993 0
12.29734793557039 -0.5163951046271654 0
12.33057370195406 -0.4081330695143384 0
13.97874758977554 1.543366482186383 0
14.05429562930186 1.670722897304164 0
10.82535309173512 -0.4106280396895782 0
10.87147739090525 -0.4985845679779981 0
10.97017588263448 -0.4994124775141436 0
10.91849706548906 -0.5884429391369506 0
12.64317590269594 -1.32412012267905 0
5.284265295410057 0.3564121509161949 0
11.48392500521092 -3.817115215807923 0
10.42106123961017 -0.9389599585968222 0
0.5116620844559627 0.6174343268406176 0
10.34236274882705 -0.3056010329193808 0
11.47698422211442 -0.001680584005389845 0
10.18445976158978 -0.7225787271001785 0
5.277103157948053 -0.6108985987234227 0
5.399147367758183 -0.5409931545901615 0
13.03035546636358 0.3144197018209561 0
10.00666773533349 -2.958522723477384 0
12.20460532875113 -0.6135271059119433 0
7.14740464990366 0.3003983701766854 0
7.258784842717239 0.2235208239445471 0
7.255413542052246 0.09227258380013284 0
7.37562595900414 0.1544154168719682 0
7.369761917688558 0.01924286205018857 0
7.490826546121992 0.08186579980974251 0
7.381119006499334 0.2976069367707315 0
7.484542491953453 -0.05464340799681334 0
7.606633428447857 0.008253790874018127 0
7.613061768603275 0.146139195690575 0
7.726684400744679 0.07871777981592332 0
7.73784786678511 0.2164908174088312 0
7.599554540714294 -0.128779442834653 0
14.50861855284693 1.901335456225806 0
8.24304393813834 -0.8207873279818816 0
8.743041344523938 0.1460098218926613 0
0.384767752525251 0.5448597106092221 0
8.110481982149357 0.2370997967006325 0
14.31492156239849 -1.497525807541758 0
8.36377811066569 0.2178098566455937 0
8.840628012126299 -0.2290424009554927 0
8.106303955369645 -0.6193511873050208 0
3.679337878158512 0.6384474975434991 0
9.149848375385254 -0.7735936680167037 0
14.73500366972088 -2.020552174468865 0
14.89652496472568 -2.010831150993221 0
14.97318491103547 -1.882251324249955 0
15.0457932983304 -2.010067490724483 0
15.12034709710085 -1.883030258869916 0
15.19310228970446 -2.010588260062427 0
7.983225640393243 -0.9487064023065993 0
12.71771785403955 -1.206817113613925 0
11.60534692733396 -3.900132084855782 0
4.775875272171088 -0.6243755974044212 0
1.014997861135847 0.6110914024834369 0
1.139207090450785 0.5369639989511565 0
0.886661461768036 0.6808283579208015 0
10.37335085291082 -3.210659003993144 0
13.78945774574278 0.7873446380967219 0
15.49035818491143 2.493405591553727 0
8.61827657006668 -0.9116986711035153 0
8.498399672385373 -0.8346465724421037 0
8.631197050172231 -0.7696083565077956 0
15.39332235421207 1.866292395223386 0
7.687689795605665 -1.369355534490969 0
11.73555568613082 -4.156860652448189 0
6.748869666862083 -0.3198461666556474 0
16.05939729480108 1.965782800127431 0
0.8644618238815355 -0.6200140934082988 0
0.9885580705262298 -0.5429827702293446 0
0.9949576616569091 -0.4037337223913723 0
1.119230849744752 -0.4782804610332395 0
0.7419703395550157 -0.6777314659237913 0
1.104921972460352 -0.6345072466930142 0
1.243065186812977 -0.5558980796493803 0
1.246982016910465 -0.4092303061822394 0
1.37250963730014 -0.4845067065693561 0
1.364600358638025 -0.6331933688486857 0
1.493039217698013 -0.5664895794934821 0
1.499246736010951 -0.4156126773534561 0
1.626130104464566 -0.4893308658895658 0
1.624336065562391 -0.6347190640811003 0
1.752493948540608 -0.5639160232537996 0
1.754716415863269 -0.4178438297749829 0
1.754511396825762 -0.7300129994783293 0
1.878347236802958 -0.6393141567587545 0
7.934408841023744 -1.526649018127711 0
5.400219775734675 0.8583691252347292 0
14.9716662477954 -2.129431716744954 0
10.81158655898017 -0.5811673730056089 0
7.872613775950571 0.1501924122132945 0
15.26731044027202 -1.887392644037714 0
15.34007924490246 -2.011931704288505 0
15.26593120154815 -2.138239691503735 0
15.41284248488074 -2.138989973641316 0
15.48695551237697 -2.012218324248815 0
15.55972410449014 -2.139622682960396 0
15.33869332759824 -2.266902456376755 0
15.63373861235535 -2.012896113939329 0
15.70644880911494 -2.140342959062167 0
15.63246089501159 -2.267039444960701 0
15.77920442000482 -2.267759105755132 0
15.70524668764237 -2.387166147241901 0
15.85185158206054 -2.393831039753291 0
15.92575566897955 -2.26859038370818 0
15.99820970570147 -2.395327055534123 0
16.07590399176738 -2.263715266013336 0
15.19783042379669 -1.743677832638155 0
2.132065278884943 -0.6519296887378911 0
12.76658113738326 -1.342402417446639 0
13.51074432115438 1.324538422157457 0
14.09214948848013 -1.87342353348797 0
14.73645333601286 2.021317144474925 0
14.82024110228579 2.138054762967719 0
14.55067294629796 1.264940565318109 0
10.73994039951265 -3.462786911614077 0
8.506942709649422 -0.6936493260365754 0
11.79273508927707 0.5026565141752252 0
11.02417482252068 -0.5828974118908565 0
7.619246680101794 0.2841198024426614 0
5.402093765617813 -0.4024114692947173 0
5.518410916861357 -0.4719942131651978 0
11.90885390956461 0.5031240973609368 0
12.80133138419547 -0.04120339260768548 0
12.8095660863973 0.09807799212724928 0
12.68380348718339 0.02187299734426236 0
3.425563911553398 0.6434554490036987 0
0.376213903186861 -0.02949266356571115 0
0.3768231128397262 0.1139549513987444 0
7.983151476393781 -0.1309429861089392 0
16.78179744252947 -0.7370490259506171 0
7.373331442183169 -0.7215821792552908 0
7.255273766540933 -0.7804049026097821 0
7.146052761856095 -0.7081491589928957 0
7.138405598918324 -0.8391807489057568 0
7.028453533188779 -0.7673979037133221 0
7.021485697133603 -0.8981638172521077 0
7.127644131783519 -0.9864256920762218 0
10.72262801498329 -1.275559550257637 0
10.85260986794217 -1.279319652783737 0
4.187849721220131 0.6238405905332354 0
4.310951616866668 0.5515656528724655 0
4.306904912777559 0.4054600090949118 0
4.435280131186976 0.4766765753710252 0
4.455904440243574 0.6321460267093946 0
4.56977885687791 0.5412803022930455 0
4.560772934911832 0.4011269633006916 0
4.688171638296021 0.4710986493053111 0
4.696170847795918 0.6072960192248404 0
4.815329540287511 0.5400827964403156 0
4.175156787872999 0.1881343670865787 0
14.63019524148272 1.389494040444444 0
6.804014883163555 0.3723091735050349 0
11.89685895113282 -0.6856670108791711 0
12.01268780216164 -0.694263598179174 0
3.297462035111807 0.5727430029309555 0
3.417633224702914 0.2045640176861413 0
16.14217704034522 -2.39356555494468 0
16.21695625953886 -2.263914965656787 0
16.07040959385199 -2.514582381381735 0
4.913124800108704 -0.6919151309707764 0
10.53069732554155 -1.161271101190994 0
12.16715782169262 0.5852199573951371 0
4.791930829935948 -0.1822087106146092 0
4.667051509722057 -0.2528871520446465 0
3.93362753950959 0.6337471117939681 0
10.91455636077154 -1.170510418881768 0
10.98085549777256 -1.283774321930362 0
15.99958077442218 -2.14252679598928 0
12.06491308258271 -0.9744261951676436 0
12.00509220595357 -1.071699976701041 0
4.541223062075034 -0.4680718246970609 0
4.540339829276163 -0.6169501001153599 0
6.440129658824455 -0.9716029821445128 0
7.834102481344233 -1.158252071052786 0
13.43952401281159 -0.4868385782879232 0
13.58429705321073 -0.4876845899318532 0
13.65592742129022 -0.613542481374677 0
13.72917266152745 -0.4885796044592653 0
13.29476535197574 -0.4875660827548932 0
14.68129024673163 -1.628736319773024 0
14.82543969015364 -1.628738438712655 0
6.568329766182673 -0.1261763451939492 0
12.71685041830357 -0.971778100991612 0
7.846976606376185 0.2803517482358719 0
11.04693215599506 -0.08068540493604139 0
11.96914013349261 0.3974456134183998 0
7.481428734609169 -0.1850917285639231 0
2.660654064940471 0.6537391971140969 0
2.534899597962974 0.5867247060560181 0
2.532950253245272 0.4411316940640848 0
2.407140887779265 0.5167829334155027 0
12.25256416027594 0.7223322040311932 0
12.39395319262093 0.710700696614919 0
5.266510614644076 0.8424114535572009 0
8.622284425036206 0.2098084776118973 0
14.28585735586022 1.785932990239546 0
6.917457548600614 -0.8274016731339217 0
11.07861759334087 0.4462716054405621 0
10.99783248320973 0.4516400660938434 0
13.72602648506948 -1.741578412955167 0
2.641135332269546 -0.6563618424085214 0
2.768644522934498 -0.5896919877267713 0
2.771193397547783 -0.4433436550757219 0
2.896965345262306 -0.5190507897786752 0
2.899828549374446 -0.6581872045213399 0
3.023281565683512 -0.5939188307440226 0
3.025467288494217 -0.4479550844374047 0
3.15116915014447 -0.5236007710934778 0
3.153732420181619 -0.3771008627324672 0
3.279356923858189 -0.452716942305514 0
3.276023806256756 -0.5980547994375864 0
3.404785811468824 -0.5271784243555464 0
3.397694700278104 -0.6657570214416655 0
12.15593502218186 -0.292601343863098 0
2.257409577517947 -0.7276522157262443 0
9.298482488992084 -0.7894373332013996 0
15.76912423839561 2.217938780140858 0
15.84122436941551 2.118399639493017 0
10.85832640819908 -0.6738525182790437 0
13.58450044759736 -1.742005811759486 0
2.4055187516015 0.6563473140420144 0
2.280758666559852 0.5914558700626424 0
2.278675851429201 0.4457398163455666 0
2.15290959790507 0.5214384708211462 0
2.150343314905835 0.3749167338926042 0
2.024570690350644 0.4506223958974064 0
2.02729039336724 0.5973698557172054 0
1.898868280115894 0.5263655419803019 0
1.896148861325547 0.3796756402136634 0
1.77045365678211 0.4553566845536315 0
1.901581729292814 0.673125858734464 0
1.76775785611164 0.3087238997669268 0
1.642094333616779 0.3844081882392597 0
1.644817814897037 0.5309957600892621 0
1.516704663855729 0.4597025482578155 0
1.519428889223912 0.6056069547958622 0
1.513889075456059 0.3133635486113531 0
1.38847001812541 0.3888358043451416 0
5.150829371413671 -0.6748198810678884 0
15.56103009000207 -1.885357307049687 0
14.45902163344321 -1.494644793475346 0
7.802461696767878 -1.591979478851081 0
2.281149442501134 0.7236371460349147 0
11.54761713261794 0.393615103196767 0
11.45905376732805 0.3962753325906517 0
11.4102437713114 0.323293213171237 0
11.37354601120509 0.3960386471635206 0
10.06262250353405 -0.8410341680876936 0
15.55189790566095 1.837067513891982 0
14.37688754983514 -1.391851698327458 0
3.659136790170398 -0.6681009071744182 0
1.146924275741061 0.674773775262238 0
1.267701189434847 0.6067916784893996 0
6.458091705267326 -0.05455889332105255 0
4.822862673150221 0.6769174018941835 0
4.940652922111633 0.5972868957961119 0
4.932295394045504 0.4532154501202517 0
5.887486379855803 0.822526364510233 0
5.768891294815707 0.7631649789589314 0
5.773058537950257 0.8976816836674997 0
11.995161122476 -1.352736449450975 0
11.90041390819743 -1.218666418888208 0
1.64351319457731 0.6708040698648612 0
15.66998607903559 2.500134789650145 0
11.76679860395897 0.1267632525741636 0
3.891136072134862 -0.6539635092980419 0
8.625466516568773 -0.6375664959254421 0
15.05242432347518 2.260812296803179 0
15.12942283476994 2.370688120398402 0
4.162419635125392 -0.6889888768826955 0
8.967463170998293 -0.3977986523935229 0
5.522422356012662 -0.6022147959456033 0
5.63696753416807 -0.5414577698237965 0
5.637510302704185 -0.4078240030201086 0
5.75286556332926 -0.477719714082202 0
5.750833739599444 -0.6074521418185297 0
5.862091815266251 -0.54441613517083 0
5.861159585312912 -0.6717882230461852 0
5.9700869356881 -0.6100354866869796 0
5.967640203871039 -0.7342588853406065 0
6.075713368183418 -0.674340897047447 0
5.751171155521794 -0.7359656360396528 0
5.972166353652356 -0.4862359984997371 0
6.074719834027881 -0.7955800803600261 0
6.180577901353856 -0.7342466643987591 0
5.967716949368199 -0.8560863602795316 0
6.181919670519534 -0.622080248975837 0
6.281062826394437 -0.6785399767898836 0
6.287867085520463 -0.8052427651823018 0
7.873906956335088 -0.06919446758269965 0
12.67829719700162 0.1784653592717814 0
15.76209787560952 -2.526102435765614 0
14.08874553202061 -1.372892660104312 0
14.01725222193569 -1.252851815268766 0
6.916253781634726 -0.9465465306545191 0
15.17655705048884 -2.290014120632468 0
15.28301206036238 -2.381762748850254 0
10.28513368753833 -0.9233854477696983 0
10.35367727365619 -1.045075182591586 0
16.2244020303017 -2.49932812434094 0
13.12701789789435 1.211890075257382 0
13.22596385946577 1.318344033212286 0
7.247640109942354 -0.05848112066413887 0
11.68764102666438 0.4860151480526874 0
0.6391267906508828 0.6952901844169979 0
15.03020109613705 1.492863113992728 0
15.08756338382112 1.623005454417255 0
14.93082559345404 1.397183385973616 0
8.764633671290303 -0.7075895236255509 0
10.41674435164509 0.3729037644351643 0
0.5202326459289942 0.7531663657848237 0
11.32798795020591 0.3318637867787173 0
11.2926249717421 0.4036609941151584 0
11.92983012142212 0.1174991625425501 0
11.97470720177888 0.2136240384659277 0
15.78044918732817 -2.013627982393916 0
7.600505248160375 -0.2657581789103993 0
12.32633853868348 -0.6514691338447431 0
0.2501129649956284 0.03229700865115052 0
0.2528276881727503 0.1880168662818347 0
8.918770407101517 -0.01205103708004417 0
14.4640162911081 1.121051592701758 0
11.10561485672368 0.004858663680504646 0
11.73216481781752 -1.308470838671608 0
11.66688064786001 -1.271142408711736 0
11.73803771014653 -1.226815356674197 0
11.6666639912733 -1.188527453858639 0
11.59144458854784 -1.230529648016707 0
6.730538043428009 -1.070682843484397 0
13.85526075523642 -1.232642371131361 0
12.03747382710459 0.508345902719226 0
5.188820200858185 0.7157274858932773 0
10.50724608984296 0.2735259842538502 0
10.63800759537731 0.3152392728562878 0
10.60542316373767 0.1899114644037105 0
10.72067608721356 0.2259517943568728 0
10.69183521645068 0.1074126289803523 0
1.519951317888051 0.7461739103806139 0
10.90970949471017 -1.391349980788132 0
11.03658628742284 -1.394847310149701 0
11.09628103033695 -1.286692730234419 0
6.923430040037343 -0.6981837346354635 0
13.92746580978016 -1.884732973144701 0
10.76562611496309 0.3482273460129413 0
14.61062617571011 1.128614129865127 0
1.270101680621534 0.7495255059581992 0
15.5583093116542 -2.387245436214265 0
13.66211538500397 -1.889166540745369 0
6.077564383915488 -0.9212945545277049 0
5.978883699238141 -0.9877284962044632 0
7.983292370399742 -0.8152580114807019 0
15.57805662099878 2.636994272961258 0
11.23436031892131 0.3367566182823478 0
11.21097798354661 0.4162282643439869 0
4.948503380430682 0.7528355443393041 0
11.17552160200607 0.2618057092958256 0
10.84297138185941 0.2389175040479813 0
10.8912923655811 0.3704837914083915 0
9.078632281852496 0.2286102671600752 0
10.53265355511313 0.09666563451485662 0
12.57397866325899 -1.450156051282541 0
12.42180817149466 -1.468625442991409 0
2.79039260198036 0.7415207607205441 0
13.70494193879289 0.6447375500703812 0
13.85449545518263 0.6549425813398626 0
2.506845819644044 -0.7424795835708723 0
2.131769469896351 -0.7925595908932698 0
11.35912968911182 0.2465948153516143 0
5.752019095168827 -0.3330099448616028 0
5.637678504251164 -0.2626917897225108 0
6.668737595613241 -0.1766669142612713 0
6.780902558286157 -0.1367338052869614 0
6.918175570197498 0.4551966553682133 0
7.055167174346352 0.4831303288903249 0
11.13586335892498 -0.09306492100411615 0
2.043128623848561 0.7575283589072104 0
1.90642795641783 0.8242564258228674 0
5.533147945833891 0.7793143984135888 0
13.89314833387957 1.675777975077211 0
13.98541300329383 1.802933902788612 0
12.94608308035772 0.1821014587569584 0
13.09800746380728 0.1832360263364136 0
12.12075198014152 -1.386305804324072 0
12.08318209376245 -1.255907747845814 0
12.22033139353431 -1.291632343729329 0
14.01775209648618 -2.003762482803169 0
8.941768944858946 0.2303118253948835 0
11.44918391079559 0.2415826845186046 0
14.74830092071025 -1.509015760273842 0
13.80155054699719 -0.6152197908518129 0
13.87414824293684 -0.489486460678367 0
6.179989508241031 -0.8622729051728728 0
5.398003021387708 -0.2539348936416499 0
12.10100974221346 0.3764190114561043 0
11.78901513143895 -0.680526631124083 0
11.73556673629886 -0.577868746827447 0
11.6799533658147 -0.6911698427371474 0
11.62677702727061 -0.5749295653352702 0
11.57327230927937 -0.6646684408543254 0
11.52510613700225 -0.5727392363012923 0
11.47121899154837 -0.6542369891344353 0
11.42560152012797 -0.5724440552534171 0
11.37123002016648 -0.6448620842964095 0
11.32779346671016 -0.5680512319033295 0
11.27596916783241 -0.6460686833686031 0
11.23109063401661 -0.5605488927040103 0
11.17822700315457 -0.6420185248977989 0
11.28514747560754 -0.4782092425558157 0
11.4625593106244 -0.4966482677212163 0
11.60162202366387 -0.7633245836399114 0
11.13171490545462 -0.5591250360832877 0
11.74258354649021 -1.133564620913767 0
13.9458369429838 -0.6155451823755393 0
14.01918625388139 -0.4904181618060986 0
13.50931836651718 -0.8629030888263989 0
13.42960817129969 -0.9835448423429309 0
11.81899145844659 -1.185689839519097 0
11.90266113775873 -1.131157151734112 0
6.997100415310706 -1.211541134629333 0
7.125522680180184 -1.142203451304244 0
7.239437158583289 -1.217115258652059 0
6.332545421277917 -0.9956297472339692 0
6.358207175126786 -0.9116259720704499 0
10.6451027342546 -0.04651988182910969 0
7.244291050561332 -1.371344414289459 0
5.415136256369594 0.7197874977107798 0
6.983967383788894 -1.050836144833027 0
7.708211131175052 -0.1947532636172143 0
11.29725709271522 -1.042421892901855 0
11.34918008026058 -1.127258047552239 0
11.24082164066717 -1.137973725796974 0
11.30983048847528 -1.215915956373697 0
11.44967054234079 -1.125942788472646 0
11.64130719352407 0.3945749352176852 0
14.09089030738214 -0.6165131426016696 0
14.16424862589649 -0.4913630658019761 0
15.79054481739319 1.973694754822384 0
11.1515119072659 -0.7564714969546456 0
13.73134820198517 -0.7443308433049602 0
6.075450321688487 -0.5566928092167938 0
8.378868625095938 -0.7518119799554354 0
8.367921986935707 -0.6250952234602645 0
4.29531249041676 -0.7566582986460759 0
4.071352442513062 -0.7708986615314125 0
6.232744389615389 0.1988353209086765 0
6.213591361296431 0.04964984865425774 0
6.341100023763303 0.004169043385548417 0
6.24176442824683 -0.06982746223758544 0
6.103331756049728 0.1310287468458661 0
5.99445192811301 0.2017255061812411 0
3.299982190908524 0.7192107454963899 0
10.67674638375863 -0.3222113331114249 0
14.9008266100002 -1.495703039896058 0
12.6535258330115 -0.3660291230913924 0
12.58535498578338 -0.2455522123194055 0
12.52195606452354 -0.3624542927598705 0
12.46078581215547 -0.2362164086326483 0
12.52783178677414 -0.1312019726018464 0
10.61809807087768 -0.6285009909170269 0
11.69641023154975 -1.045178357534372 0
11.04839914475924 -1.162427146474814 0
11.32924007340026 0.4858014751796824 0
11.83127033651223 0.6381752218178691 0
11.56490338422549 -0.465572598011443 0
12.58548300714585 -0.4873508920639957 0
12.44209975451822 -0.4774654978017831 0
3.431849692876014 0.7886315157256025 0
3.167875193145214 0.7916063202650112 0
9.878162359172764 0.2930154499114606 0
9.798275383594259 0.1772102887746614 0
9.659201756099907 0.1893059362621384 0
9.720660763878394 0.06323478547261861 0
9.856852151791092 0.05273820181226681 0
9.780707727268371 -0.05842604514764153 0
9.914918380111072 -0.06654446159995035 0
9.581440936104304 0.07280442500778581 0
9.519525859469903 0.199029912337226 0
9.983864427146468 0.03351934277311285 0
10.03740434875863 -0.08158030457425547 0
9.964394604778938 -0.1832891339225933 0
10.073729287188 -0.1852675787488378 0
9.439163379874849 0.0803600688899012 0
9.499340574740931 -0.04898895216275795 0
9.375598203292505 0.2092635854369083 0
9.295099056431029 0.08894182821689134 0
9.92919333438234 0.1606389641813943 0
7.371363545626631 -1.45398472280395 0
7.507503449602474 -1.382884558348395 0
6.807132037196078 -0.7551067639703348 0
6.825754180121494 -0.6154987988692296 0
12.11603136775011 0.7226106554370113 0
6.459102673067518 0.06523923560095718 0
6.453025962184909 -0.8747316759732793 0
8.857395771446024 0.3599736084830894 0
10.98697575668476 -0.1638989200875224 0
5.276548722526326 -0.7536180322578163 0
5.874664458233131 -0.3882314970094482 0
6.000977595318304 -0.3601341497682706 0
7.369916413883896 -0.1185468721775503 0
7.382020316544065 -0.2356359341842385 0
11.79487014921856 -0.4814468861997547 0
2.005020969383593 -0.7147609963430892 0
9.444445702758067 -1.021652167756386 0
9.531029109668573 -0.901502436322797 0
9.67478583595358 -0.9140772716848425 0
9.601058750462355 -0.7839131257284692 0
9.75746669200031 -0.7945834581747225 0
9.460279386030955 -0.7754677090385848 0
9.817864939872235 -0.924600564743571 0
11.496831179816 -1.040832652807833 0
0.7695700073291898 0.7566885715471108 0
11.64077173571169 -3.460209651288859 0
9.839439713102882 -0.1800490068136516 0
9.698018369648027 -0.18440991685967 0
9.89530702495918 -0.3139494427334877 0
7.969521435022763 -1.092128865413581 0
7.848429901063076 -1.015785038382073 0
11.58966776754354 -1.142838579064888 0
4.302870640165965 0.2590388459198587 0
7.139655781025007 0.0342221200007567 0
7.019311168097758 -0.03453373307073344 0
6.907276781538365 0.04317910829751257 0
12.12526563854047 -0.8772950530644323 0
7.155116035971574 -0.576509332016423 0
5.641509405613171 -0.6658530778756337 0
5.633529999994072 -0.7967671327642091 0
5.755645431306951 -0.8637524403769569 0
7.399270670422323 0.538823612542783 0
7.32115696080996 0.4290823067012977 0
7.544933762299204 0.5283243962705479 0
11.75437988614543 -0.181085856381316 0
11.81393508707259 -0.08632392706382641 0
11.70198064978743 -0.08973570076830864 0
11.64500963019571 -0.1819157105599098 0
11.59954594013837 -0.09573589244511782 0
11.09978119238964 0.5422493370400318 0
6.46384115498626 -0.6765538970587305 0
9.736454235929431 -1.048384449258395 0
10.85012867420263 -1.059702999375363 0
14.23656611761518 -0.6178306793123955 0
14.30931939175395 -0.492313383875294 0
14.38269879033127 -0.6188096894329125 0
14.45535378319637 -0.4944579936004061 0
7.837955373951569 0.4999308574550856 0
7.751174442030418 0.3738440611827034 0
11.39636287120922 -3.291824665681335 0
11.27410256079341 -3.207786178279397 0
10.56201906336887 -0.5194591450014213 0
10.69077035164089 -0.5286019378149507 0
7.039619699989314 -0.6360808191771246 0
8.365597679904255 -0.9004761876342973 0
6.466028477881982 -0.5755343879976068 0
12.6487138586239 -0.8505105512319409 0
11.74146361018453 -3.838990826429218 0
11.72906687372157 -3.98555984396713 0
11.86963071610375 -3.775172861012311 0
11.88278048327587 -3.627568913939009 0
12.027117042015 -3.704563290985906 0
11.89664068239066 -3.479341588321502 0
4.807161443715061 0.3917234833974382 0
5.999809027191202 0.3384215200552949 0
5.882767868846212 0.27161915785218 0
11.76218817119112 -3.543792374138704 0
16.0237120978708 -2.734050304892007 0
0.3673123985697162 -0.8729445516699811 0
0.2899540867714301 -0.7501767631689724 0
0.1353929637937286 -0.7638692064996851 0
0.2193485692399622 -0.6273216712176981 0
0.373317417198453 -0.6181218636664458 0
0.2816400543068112 -0.4869720019774591 0
0.2037836486519522 -0.3540906984075753 0
0.2620227433987768 -0.2355297695507832 0
0.5022852381623037 -0.6860578874986123 0
9.139111608770939 -0.9977333771332556 0
8.989430379751566 -0.978259579291923 0
8.921619404126979 -0.8589123470498606 0
11.20522438709059 -0.01483511645877125 0
11.26579397551813 -0.07891251444088213 0
11.35109774133574 -0.06126651542469026 0
14.79207969632634 1.359867749145826 0
0.3801622187777629 0.4054278902442195 0
0.2556550544636096 0.474647731516732 0
4.918669570941775 -0.8498136237357041 0
0.6287872285258335 0.2553851065486965 0
4.431385069939603 0.3303027092243469 0
4.556845228312431 0.2568553300839116 0
12.47201905368866 1.005879238213859 0
12.60715765228548 0.9252723423254974 0
12.72779009580909 1.007476260025016 0
12.61244281568374 0.7746985287450288 0
12.46742624135495 0.8381304983947004 0
12.72831838226958 1.155981814817918 0
12.8514141308788 1.091456794774641 0
12.85700885291934 1.231420214534979 0
12.97753152712149 1.158670900731498 0
1.385713382493463 0.2425540368398915 0
16.28487009005161 -2.014787431382461 0
16.15506098747948 -2.119524777163994 0
13.68930177944845 -1.024007573736415 0
13.70933804605611 -1.162574569941276 0
13.57737903006915 -1.120600394212922 0
11.6533595845751 -3.312224973731401 0
3.407218914968859 -0.3808225336567536 0
4.292314972256076 -0.321902013156898 0
4.418476670613364 -0.2509540387783867 0
16.63633187449107 -0.7293552592767623 0
16.56272844610258 -0.6029689734003936 0
16.41778226855706 -0.6037799880482384 0
16.48927236226299 -0.4777204229557706 0
16.34443535838816 -0.4787498251466301 0
16.64763606044858 -0.4831377878077087 0
16.71539783411899 -0.6199148938319818 0
12.67184787042519 -0.1195471988396379 0
14.32577188707648 1.146100237431419 0
11.3518400313788 -4.025392479661873 0
16.77261380556389 -0.2814241428675743 0
16.49111947404399 -0.2678267786696376 0
15.92929982268347 2.375193434461877 0
0.3788014864496972 0.2578290186657779 0
8.122209598208583 0.4680443661209284 0
0.8753999062179909 -0.0403992548255772 0
0.8722722355868999 -0.1853688792482941 0
15.92462118050476 -2.52197048578047 0
13.55615741568598 0.6702406590324359 0
15.77284331983574 2.626311182316155 0
15.76138682207764 2.352527803333138 0
3.027949564488614 -0.3013559643599599 0
9.1576730002513 0.3544778707410206 0
11.36226837632672 -3.733152780183371 0
1.630415459419729 -0.1999908117263019 0
0.2206017409957503 0.8804210240836119 0
0.2815147120885475 0.7484580050394221 0
15.2476679101613 1.872006974882343 0
15.31279641629382 1.742309897364799 0
15.16735461907619 1.747717777938082 0
15.23558830499671 1.626640211488851 0
15.40037194060416 1.606181864813481 0
13.86889074469464 0.9117848587473922 0
3.156068506309043 -0.2302840519736294 0
15.6279583758782 1.981832783948728 0
0.6608012517626157 -0.872828739804831 0
0.8076612919516064 -0.8834100643844681 0
13.15360427371027 -0.2428577410518631 0
13.29797484748176 -0.243313684073547 0
14.09796387923539 1.028335709566363 0
14.01383427214808 0.9007606635483044 0
14.15603471527005 0.8943862643252812 0
1.101227258924911 -0.8728911864021706 0
1.025456299748095 -0.7596469985891098 0
1.124309890898634 -0.1902763968898198 0
13.23415710909836 -1.769706222360598 0
13.22183870167523 -1.611684845975989 0
13.06784305307977 -1.576892401932831 0
12.95676182029212 -1.673386555256434 0
12.9303457568092 -1.530794328443272 0
13.02795944729312 -1.462197865060451 0
12.81558728729029 -1.623417749854365 0
12.79591545966155 -1.481623548407965 0
13.35509691091315 -1.682211574671312 0
14.23664415721218 1.024870586049606 0
14.25755701606218 1.277192198487479 0
16.27272344349786 -0.604848899932088 0
16.19941407783587 -0.4815627641057482 0
1.639525039168015 0.2376916522026851 0
13.33701294160672 0.5520603585908377 0
13.25614807166698 0.4264649563835252 0
13.40114374716931 0.4231074408098225 0
1.37707396491654 -0.1951356127807863 0
15.41419119883367 -1.893545227018755 0
15.69791000141702 -1.883941025491862 0
15.92886208244079 -2.011976531014218 0
15.04038688013218 -1.758670519122092 0
14.89641026404818 -1.756548426556629 0
14.53396169167628 -1.627962653637973 0
11.51860729611758 -3.375983140922489 0
13.80207559284893 -1.36624667462066 0
3.923656619254775 0.1939902641922358 0
15.85303751474211 -2.141136303668522 0
15.01995301873001 1.75442042640906 0
14.56430694694797 1.519464386932144 0
14.71399250981187 1.509166411024264 0
11.23985501475585 -3.649723855726021 0
11.11021193990459 -3.715492439199496 0
14.16696640997035 -1.497516697354716 0
13.00595790194338 -0.735166944219227 0
13.07830200658941 -0.6119193551548452 0
1.51134736163291 0.1667632946765042 0
14.78166967990362 2.353440001719985 0
14.6557551496108 2.284452634589563 0
14.40416621755293 2.13762827393175 0
14.28698145081655 2.036204287514864 0
13.63011435266243 1.676900720818183 0
13.7524608758819 1.601401810473059 0
13.63039494360125 1.528327369847865 0
13.50206026886142 1.604416177661956 0
1.260644979429413 0.3173099947131996 0
13.80247670194804 1.041921150120892 0
4.319041515462054 0.6980497664214926 0
14.02387084305375 -0.7456451737006086 0
1.39502486483273 -0.872828739804634 0
1.478957154371146 -0.7343885888786086 0
2.899601916121795 -0.3723470987654518 0
11.40889219458151 -3.144155252653736 0
15.62342277313774 -2.598277578125677 0
14.91497391062618 -2.350819005501081 0
14.77459189997202 -2.279951666534866 0
14.4893346419857 -2.201274389384875 0
14.60051127671844 -2.104653172095471 0
14.35513868712936 -2.133584230729325 0
3.740753574303226 0.8753421231651324 0
3.809260838842894 0.7301388841661965 0
2.02193948545693 0.3040088317711923 0
2.6454592597095 -0.367748864082227 0
1.763682263427089 0.7612058880674524 0
7.641846237435233 -1.608539575213223 0
1.8848367030957 -0.2055430675588805 0
2.011344138370046 -0.2817873252063521 0
3.14456655439243 -0.6601484431683603 0
10.8623222029052 -3.547281718420582 0
10.73322911652512 -3.61675911040181 0
10.61854253123321 -3.380039143075632 0
10.49547621955752 -3.296132029644963 0
10.36373165311024 -3.368704950713283 0
10.25111564653685 -3.130133786136768 0
10.12804439872987 -3.046607902379489 0
9.993709070173534 -3.122761563122345 0
9.883531750126757 -2.879385242125911 0
9.759622406163594 -2.798732798587715 0
9.623405937529347 -2.877134337555269 0
9.522776367940017 -2.616108809468024 0
9.402260649142935 -2.530224099222634 0
9.263578227996057 -2.60118223191183 0
9.152091869860168 -2.488929297914886 0
9.077535785196824 -2.372748152439505 0
8.927315411639398 -2.350929625208481 0
2.276092715264993 0.2991866548518433 0
8.779066746282254 -2.114653681691012 0
8.776899591622112 -2.26480396238609 0
11.04331223332704 -2.892164881587055 0
11.03122295320014 -3.039992961427468 0
10.92108050825103 -2.808165224267439 0
10.78709718035904 -2.872027890492676 0
10.66503552582903 -2.788118845689965 0
10.67659092488542 -2.640217350442971 0
10.55434090293646 -2.556238761513844 0
10.42038327453926 -2.620116139716269 0
10.29830766735717 -2.536216452535315 0
10.30985705481886 -2.388294604168553 0
10.18760906334742 -2.304315442180861 0
10.05355016240565 -2.368128753162758 0
9.931102097651909 -2.283974198446424 0
9.943040638410132 -2.136321581684774 0
9.820854466466436 -2.052384390938743 0
9.686628063061566 -2.116024909752886 0
9.564376874271209 -2.032081081905265 0
9.57630780592415 -1.884401324467875 0
9.454101458570666 -1.800439638905925 0
9.319885940310627 -1.863799228551423 0
9.209502949354066 -1.632386815940801 0
9.087365478370151 -1.548505029077488 0
8.953314161696277 -1.611863035711132 0
8.842869226886293 -1.380494964285294 0
8.720722749746622 -1.296500050727185 0
16.05592414126482 -0.7322160074093487 0
15.98232402169818 -0.6071754207052709 0
15.83724881295397 -0.608386778605791 0
15.90873959990228 -0.4821454452665018 0
15.7636698472902 -0.4833525147296485 0
16.05385986390358 -0.4827334527112135 0
16.12743958692473 -0.6061301717897803 0
15.69216730591159 -0.6095958382219874 0
15.61859869253357 -0.4845569216213641 0
15.47557845722629 -0.737050900566063 0
15.4019896289901 -0.6120131428572367 0
15.25691191297361 -0.6132214541540385 0
15.32841379822826 -0.4881697591594059 0
15.1833393436895 -0.4893241538446623 0
15.47347771614701 -0.4857685720661192 0
15.11183212241799 -0.6146203921125795 0
15.03826109041992 -0.4904326510655462 0
15.54707952576578 -0.6108044568746308 0
14.89524556387144 -0.7418869075664734 0
14.82165766977001 -0.6168489349927647 0
14.67657968809405 -0.6180566441276902 0
14.74807909232097 -0.4925852747034474 0
14.60279124715132 -0.4940505822088163 0
14.89316131938906 -0.4919440835387676 0
14.53026777113276 -0.6191538517843473 0
14.96674236349395 -0.615795720761388 0
14.60472707121844 -0.7442412103690833 0
15.18541452609831 -0.7395007322737768 0
2.865625904462946 0.8756654476644818 0
4.625735275052286 0.8766231756024961 0
4.54620573180245 0.7573474138850069 0
3.452094969213912 -0.8808926964580879 0
4.323961778352108 0.851823137337416 0
1.68871431006061 -0.8728287398046894 0
1.835547270539112 -0.8728355306767246 0
3.742034697664779 -0.8762709202768801 0
4.032490277141668 0.8853067567362036 0
2.572397471544626 -0.8783317427864035 0
2.576796478640552 0.8755766783201029 0
3.171599510847632 -0.8746540148904831 0
2.857545226940693 -0.8742255927121938 0
0.951396365082672 0.8871876657943308 0
4.624627181599311 -0.8769593838767179 0
4.698198109541183 -0.7534280876756845 0
15.76575019031836 -0.7346341059187428 0
13.58827752387023 -0.2453241454312955 0
14.16840960417585 -0.2499474394392958 0
13.87829795316409 -0.2476431715883533 0
14.45874455200184 -0.2522077145063784 0
14.74950310242955 -0.253836365191571 0
15.0400130062553 -0.2566266535526441 0
15.33017167347643 -0.2585049974193434 0
15.62048217125839 -0.2614282827676928 0
15.91061348462648 -0.2633997871435154 0
16.20084009383902 -0.2653497281469246 0
7.99433952406297 -1.858158671107159 0
8.015898173992442 -1.725264711857291 0
8.118213456197891 -1.938117470232954 0
8.253417221671519 -1.863902883884472 0
8.389541384945131 -1.969233765931379 0
8.368848411918563 -2.103066842893376 0
8.491706243342993 -2.181426892733666 0
8.622388615210228 -2.107125173063551 0
11.10467403088619 -3.864846721545517 0
3.163958549889389 0.2094773823169227 0
2.519651669693625 -0.2920247958496729 0
2.137477391275941 -0.35824614105751 0
8.575651964685695 -1.507279846923018 0
2.139807666698477 -0.2115984456695148 0
2.522321884896153 -0.1452683427057969 0
2.382117922650238 -0.6529544425671684 0
2.160942648707074 0.6611650538534954 0
2.781792735571982 0.1433151321614121 0
3.030404888416189 -0.1546331556869449 0
2.773796927457359 -0.2966563273928727 0
11.14030592027908 -3.271630223652807 0
8.570587747444424 0.4250205223305316 0
8.425922390341297 0.4350502054037513 0
15.1899383276306 -1.592145770991152 0
15.32265956052337 -1.645385927612835 0
14.82522944625625 -2.135813464734664 0
2.920327041903667 0.6517367721892872 0
3.046727794550324 0.7252096244878491 0
12.0795589966958 -0.6013184303741664 0
1.770486156515376 0.6029756338816621 0
1.881018979763848 -0.4951094063358035 0
13.55284230364219 0.4233213691957349 0
3.292170273339895 0.2801986384123952 0
4.17862860268686 0.3342673550171766 0
15.67955638359168 1.743333164273006 0
15.41362999425981 -2.388699002837678 0
3.542871689149406 0.1288190130767385 0
1.765191583440796 0.1620921567773125 0
4.414789140476571 -0.6803505513205808 0
13.49483910251672 0.8001202255544145 0
15.17902773744982 2.578349078954903 0
15.31944395691542 2.500052167086349 0
15.43232135275387 2.7213432110025 0
16.34617123745355 -0.7298476284518537 0
2.784487329124574 0.2899569511298714 0
13.49000080446518 -1.616118682817704 0
9.307290146908997 -0.5458853406577795 0
1.242494156527586 -0.7006963045173694 0
14.23910684252491 -1.871504828302089 0
15.11635985779864 -2.138817777956531 0
13.87276200370856 -1.748046898182514 0
3.553881561586933 0.7141746973569526 0
0.7481340005263794 -0.1100818870785873 0
5.279443498655196 -0.3288963332853569 0
3.790390952171227 -0.1679270089273437 0
8.966581804104335 -0.1571854007182636 0
9.185952898192909 -1.927045216088097 0
12.23877678604669 -0.7308070066069444 0
12.12844482093845 -0.7079922719798801 0
8.19966064880181 -1.40241955654904 0
0.5028256001606166 0.1839008637979225 0
11.01832951037789 -3.187624792994312 0
2.65880075165797 0.3656129977922398 0
11.35608155741081 -0.7917339081881651 0
13.13737710238227 0.9413483283567867 0
14.20222643712164 1.66379473248598 0
2.530507972878237 0.2946717654730295 0
1.258157159062721 0.1710691636374754 0
8.48016039012311 -0.1429808578590125 0
13.29343351308588 -1.476979355699428 0
15.48573152922074 -2.265920211021897 0
3.284141196650256 -0.159232232522055 0
14.65663818508822 1.89829499953269 0
13.9001898945518 1.420327589201366 0
13.04289725227942 0.5660703023360438 0
14.96520897053832 2.14087026650552 0
6.010335554323907 0.8994226049979177 0
6.130928208482034 0.8135774415240015 0
13.43830874298142 1.188476902760683 0
10.90894645746465 -2.955868974760458 0
1.893555274697662 0.2330505365398022 0
2.404593773050062 0.3702578874667208 0
3.281687165061123 -0.3058010185527236 0
14.36522124530787 1.902387917485227 0
4.427117556736009 0.1844329081065163 0
4.294119014169869 -0.1764534653633413 0
3.805025327156442 0.5662309142590055 0
3.91523774745535 -0.2427978248905929 0
13.58480266464142 -0.7414082380502697 0
2.273698635866404 0.152654477154498 0
2.01935389010002 0.1573931028910876 0
10.7737161285847 -3.019508078173845 0
3.534954830786969 -0.3094780567809757 0
2.266320942245438 -0.868466306253255 0
15.33898740610806 2.248231763438849 0
2.147770081297565 0.2283757424543864 0
8.247935714064752 0.2901602308160625 0
1.008346755297092 0.3207538647942517 0
8.819750225091827 -1.67497117259563 0
15.93152684708766 1.893441690177361 0
10.65179757360884 -2.935520075260505 0
3.545641638547286 0.2750279449425387 0
11.17255217799538 -0.4832256563271048 0
4.025345763936045 -0.632901997468548 0
9.481525467062594 -2.775986725416856 0
4.072667933863302 0.6866832010145025 0
10.14876860626193 -0.3863494786403616 0
10.54260785293556 -2.703829641993173 0
14.1345445094222 1.81732775505164 0
4.048270394340607 0.118094847819474 0
10.40738582721965 -2.767501070633071 0
6.361187610377915 0.5305094937604082 0
6.369128532804504 0.6676679784536335 0
6.484024275541792 0.5932800428613125 0
6.496461197227319 0.7366792927080319 0
6.788832646614523 -0.01188920986143448 0
0.7625559061872959 0.6151993931940316 0
9.411748764236091 -0.1770656172367071 0
11.08117727278112 -0.1708175745867806 0
7.967401210462997 0.024047308977578 0
7.049427083929423 -0.5059291543962199 0
10.28555083807202 -2.683541646305012 0
14.31407764380825 -0.7463914494118485 0
8.58705225629666 -1.360061579237625 0
13.10942500323226 0.4362757232700203 0
13.22236023407013 -0.612242609256566 0
13.29087398047517 -0.9855692033102676 0
12.92954762269393 -1.100874037004094 0
0.7453757831909007 -0.2549040324655352 0
3.420261181174885 0.3507172974587277 0
16.42738415264255 -2.341798189493439 0
10.1757708923877 -2.451849986891537 0
13.35223165570878 1.318142979056496 0
14.58563148413823 2.010129809507448 0
12.74030650704741 0.3281818985007113 0
12.53672717164536 0.2056936232532817 0
10.04073792229445 -2.515509662895598 0
10.74838430825003 -0.05796292321981723 0
7.972085243515648 -0.5476553223404461 0
8.353981978286942 -1.047176569218805 0
9.919064494745896 -2.431482910460206 0
11.26176559876488 -0.1743001712567709 0
9.595255360284696 0.3192758892193348 0
5.517404065446871 -0.3297330519624739 0
5.637477161436459 -0.1218200275056244 0
9.80897272812213 -2.199823607843228 0
3.294811897775853 0.4264323027079847 0
9.046867758675585 -0.2827973620517793 0
9.674400109988579 -2.263495338765507 0
11.76325702068087 0.01282144295496333 0
8.709158377205299 -1.443863653995208 0
5.164084022333016 0.16152026730686 0
3.169300535157496 0.5021942351927123 0
9.552330336826035 -2.179628633693087 0
9.442099661634899 -1.948052763790182 0
3.170869574114375 0.6481917583620443 0
8.831320006127124 -1.527802721139209 0
3.787634080118439 -0.313556661875052 0
9.307976510302671 -2.011829726202876 0
9.197767677053811 -1.779739220159952 0
5.669364790083266 -0.9818409517844224 0
8.069103391644678 -1.461774890650511 0
4.916357369494645 -0.1115729604648971 0
9.075499641049651 -1.69575621518857 0
8.942012277201481 -1.758781736784126 0
4.543855897150911 -0.1791384403099966 0
10.9721454245543 -1.058673406867215 0
5.03111368509993 -0.609955135350795 0
5.403916107619498 0.2868340671547309 0
8.869605765108368 -0.4929180351609946 0
8.48587612191996 0.001775485029821995 0
4.542249205324893 -0.3233129065072575 0
12.46348691049378 0.5899193290989764 0
10.94968074390161 -1.512236759391693 0
4.051249885186351 0.2639452470080372 0
11.28671755276848 -3.060395284266617 0
4.675327331358928 0.1769271325501076 0
3.659903767319962 -0.3843200842845417 0
11.15254896493489 -3.124151218821399 0
4.681887787455155 0.3251894120248982 0
7.710230017231429 -1.086297949173161 0
5.766483793742585 0.6228218937379271 0
8.491052786183857 0.1447720222707811 0
13.47600592387676 0.5511127588852865 0
2.778111345498401 -0.7437849881021017 0
7.741242917377757 -0.06638160550688087 0
13.36326220304365 -1.111978878270444 0
5.279313747242561 -0.1863780443818586 0
12.93450044453126 -0.6121662629541283 0
1.136071356544185 0.391694149217418 0
8.104735378466319 -0.2051512078485426 0
6.128829865898005 0.6787547378209662 0
5.52225333452293 0.2180212845161241 0
5.167602211622043 0.4319986589976385 0
4.92407721140262 0.3121035246941616 0
9.593109417209142 -0.5607140852095425 0
0.8697931891590388 -0.3296298764885305 0
5.861660104902468 -0.7949203965749823 0
6.475375108601477 0.4573921857103987 0
1.264017859372819 0.4625432207338147 0
10.67035460299973 0.4558534073766543 0
3.532402605872923 -0.4554466306627534 0
5.872247938636513 0.1391292329536871 0
12.12634983315967 -1.072761684362127 0
11.02040346203274 -0.4124700767725301 0
3.529986035375657 -0.5991602711786749 0
4.913862148929169 -0.2530538066821725 0
7.847319160290867 -0.6105517493342459 0
0.9962614622623669 -0.2598852336787792 0
1.392012522252271 0.5336636986865727 0
7.491525145195521 -0.6622655460135367 0
10.98680860374432 -3.633436737841198 0
13.50475911399888 1.471193838188176 0
8.494252545732877 0.3001097032913086 0
1.393736473484634 0.6784624009461067 0
12.19947749163432 0.852101269606156 0
11.33376139772375 -1.473938038904991 0
11.25168433708562 -1.381270633808732 0
16.31550751563407 -2.154365217798168 0
2.011060547729512 -0.4294485914294685 0
1.121684789295 -0.3343390341982635 0
13.00731998967969 -0.4895044072936042 0
5.408426359058979 -0.6810576134754608 0
12.04740835607202 0.1185955491918685 0
2.00697675022713 -0.5726171374315662 0
6.848188867118281 -0.235241343534504 0
12.03377967570491 -0.2900622822543741 0
5.646586898282135 0.5579756736323478 0
7.461743782664333 0.4214591442249646 0
1.248928409034465 -0.264796054780894 0
7.499519702925365 0.2143860023463904 0
2.52136329604231 0.742114785084093 0
11.19608053190453 -1.043685524851752 0
9.880783091539298 -1.064225306583001 0
10.1589165637215 0.09961816413778758 0
9.451544747083524 0.3310852812994333 0
12.27690500102693 -0.3063365402174543 0
1.374293934747425 -0.3399898202606131 0
6.691742097806292 0.3128586298971665 0
9.640735720454272 -0.0541289708486018 0
9.225360336695895 0.2178731200554002 0
12.36013705364724 -1.315930860180125 0
8.105708653627049 -0.05937022319004727 0
14.3054819475127 0.895304316213936 0
1.502362650746694 -0.2702239935061151 0
7.482941248232583 -0.7984252003273262 0
11.49022174106659 -0.09953715538123353 0
4.788964065378236 -0.3232253178048923 0
6.88883025640442 -0.08342899304690257 0
8.007146354496497 0.1528633714727918 0
11.59447293812993 -1.315433602113351 0
11.49151519662815 -1.291267311148941 0
10.40723672364354 -0.2134578074274243 0
16.33772065593681 -2.592998419180332 0
1.627922368831064 -0.3445195188901154 0
3.526900890399728 -0.7500821741206565 0
13.15073429965185 -0.489456083191703 0
6.251742140489418 0.7410090591787295 0
10.98072987531643 -3.783205458405423 0
1.75530603971471 -0.2743284746729702 0
10.54504848378118 -0.9432066196848925 0
1.883047137422848 -0.3506767824964095 0
5.403741055443621 0.1532021016206709 0
9.869048151280424 -3.044126171373497 0
10.27601092442661 -0.3999491591731866 0
10.97161015581235 -0.6774061041905146 0
5.208254881926953 -0.8833122254851379 0
6.278828813528581 -0.4673658477436468 0
10.3159305187186 -0.7156609132984613 0
14.236899596561 -1.35925829384578 0
10.04284076860654 -0.7121303700666352 0
10.18870981482106 -0.8521801264540753 0
8.769229870095939 -0.8455621660384269 0
10.25142698476875 -0.1036173218403694 0
12.35676815192945 -0.004289735460158585 0
10.59271559626368 -1.275360213183468 0
10.46449521494927 -1.275733826514454 0
0.2575825341887217 0.3267086923484798 0
13.22314913182945 -0.3664228133249622 0
0.1209114947184325 0.5039221552895803 0
11.44479556105235 -0.1897250478537107 0
13.17252000621118 0.3069027200981534 0
16.07383144384007 2.10490643242819 0
0.3766525548966279 -0.1750054037216654 0
11.84848171072012 -0.7812371418079783 0
11.59574851148385 -4.193979023930499 0
5.650249568314251 0.7001309950262509 0
13.36786058029025 -0.3668801681807599 0
15.6071191547622 -1.759973147549567 0
10.78085382397067 -0.3203301737484497 0
15.55851261837499 2.796108620520907 0
11.2328243099171 -3.796207220057054 0
7.363718734264773 -0.8565363807128858 0
10.23947591109905 -3.290058974922384 0
8.041457726977013 0.3632287760535904 0
4.665143703014181 -0.3936252914466689 0
0.6184301199769312 -0.6094759831675933 0
13.50510594995665 -1.861815361585865 0
13.51260736065985 -0.3680175310793986 0
16.28499640698427 -2.731154682025424 0
16.46693501481873 -2.196771420885176 0
0.1176885567713163 0.21428571428353 0
13.65771581726322 -0.3687844533486675 0
12.09791179016883 -0.1921335422585012 0
9.376796112364804 -0.6645127940040185 0
13.80240354685792 -0.3702373810214016 0
10.38340084089096 0.2681143573836127 0
10.72813251552643 -0.4161253740723956 0
13.94767939790496 -0.3709562583422795 0
2.280518291752274 0.8608898786913285 0
14.52914518251355 -0.3748162130660571 0
12.30459465898195 -1.189044052716256 0
14.0924892517887 -0.3724014705486693 0
12.57699757079241 -0.9657648447023324 0
6.651726825444507 -0.375485220213486 0
10.60972332408425 -3.535365885862142 0
14.23780593375122 -0.3731043282277249 0
14.38314949375967 -0.3740232288264154 0
11.95491098477199 -0.7840007633287389 0
11.35521582733692 -3.87683185461924 0
16.88622990867893 -0.3614897339026065 0
16.76528342633048 -0.4236237153273898 0
0.1217406201677546 0.08248916798185495 0
6.605733481603074 0.6552380613975455 0
6.594334552265193 0.5187246460186026 0
10.03414284319334 0.2659917096112226 0
4.664061330094419 -0.5345360151332914 0
7.242536471585645 -0.9204997827543259 0
16.87104250746298 -0.6323884286161757 0
12.18689311446338 -0.9687457491582894 0
14.67494225994152 -0.3746902659071645 0
16.14683693305502 -2.6395735385312 0
7.17056264070977 0.4344836123320299 0
5.285405325146815 0.2238752607663219 0
3.020940922899753 -0.7203078280339265 0
9.924900091148833 -0.835814267221922 0
0.1223306423325414 0.7893352338723429 0
1.020658401112083 0.7544314342673937 0
13.96931823129853 -1.122003206186749 0
4.54314791194664 -0.7508366491620979 0
3.256766518845188 -0.7475935670574124 0
4.698747583927224 0.7505678475196332 0
11.67650902497296 0.1485808381960609 0
13.25881133347339 1.443809505744632 0
11.47790482750881 -3.958821221467703 0
14.82093473846125 -0.3741287771570123 0
15.02771418809274 -2.254915182767737 0
6.375010517947156 -0.7280495389902335 0
15.04930896873823 1.34279143951673 0
6.470711964960619 -0.2641735434438585 0
10.29785097068972 -0.2035073748540777 0
10.22630361392062 -0.2961182788793117 0
0.8708084952968551 -0.7524910391647559 0
0.2594492042373921 0.6032742671457073 0
13.92830684371658 0.7760898526287098 0
0.1336015605875522 -0.2179229181875376 0
11.06869873116674 -0.491893495246841 0
10.47808042179629 -1.049569907559431 0
14.90315455098073 2.271997076456867 0
12.17935069934238 -1.176810633562809 0
15.05758028361029 2.489031087778489 0
5.16621978164186 0.2964044884611002 0
14.96580679580032 -0.3744107521876032 0
5.043019951435046 0.3723622652736066 0
11.60323583577758 -4.050295286810446 0
9.380975976456725 -0.8977859420364754 0
11.99459871657296 -1.170050519462141 0
10.66731894265691 -1.4800467917446 0
13.59893521085071 -1.251961326081082 0
3.795841028315502 -0.7506221401215953 0
0.2541771195198862 -0.1080462563899273 0
7.699707242565733 -1.22597696521899 0
14.30422739647918 -1.998826111944951 0
8.605508126853909 -0.5037550204154859 0
6.370105287660824 0.8071039315824148 0
6.235367947127295 0.8809319538482836 0
15.11129599896162 -0.3741749078976576 0
5.0336119708125 -0.7474070748060319 0
7.231623408956164 -1.063263265876678 0
12.56573149626874 0.07631435069666535 0
12.64577106665126 -1.086415246441097 0
11.14796126007686 -1.192961716628579 0
6.695965300266682 0.443586266133627 0
8.251462513956961 -0.6879480323972665 0
12.92059061835018 -1.369057287480127 0
10.79030016194392 0.04074273378349047 0
8.734083333665314 0.2761465212263307 0
15.25644342657613 -0.3740721918519572 0
15.28512995514951 1.499763223767709 0
6.578209441729149 0.8660771066248238 0
14.51298951625625 -1.348583570155611 0
4.331919317102779 -0.8865866806607509 0
7.856735207269807 -0.8796903560931484 0
5.655012560970182 0.8439802224486124 0
6.081446571967498 -1.039707000298462 0
1.549209768791468 0.8803080380010149 0
5.980142918617648 0.07149771456722355 0
7.028668469253653 0.3617282528672626 0
1.240993557465659 0.8810336313562468 0
10.32902598720207 0.3401577435993619 0
7.074750906938255 -0.1445629394407962 0
14.68676376265528 1.2498527671029 0
15.400793883389 -0.3744792538473806 0
8.339735017150829 -0.4881469640068379 0
8.108943377151608 -0.7515004022138168 0
13.10614559579084 1.378256203921007 0
7.612183287313006 -1.4811125479669 0
4.910038910743741 0.8845572756851082 0
5.670649620961004 0.9793688073334754 0
12.78729478570554 -1.092354607374078 0
7.977278510669301 -0.6818844246491139 0
5.871611339000069 -0.9210718519585303 0
12.86650641464354 0.9593004539197263 0
6.069788254913268 1.026164437598144 0
6.374187107284854 -0.6264719465516839 0
10.72590348873325 -0.6418581671876121 0
11.08438615368026 -0.6692932884675522 0
15.54613078674718 -0.3742020748672356 0
10.78343099334153 -0.7496716504333896 0
10.40592390434465 -1.160341801266392 0
11.47132469134734 0.5029673040917846 0
12.85325457862474 -1.223529437273458 0
10.91097336231528 -0.762734525097124 0
16.01647698076124 -1.903932593008042 0
5.749216592366572 -0.1887463582561973 0
15.73372815475141 -2.660056184555041 0
12.2170805627775 -0.1987410857773166 0
15.69165793913091 -0.3737662885319287 0
11.83781635235721 -4.061708299401799 0
11.41387234975928 -1.211152756513509 0
11.35168350358173 -1.322548247448155 0
6.386821438050592 -0.8190746890123504 0
16.28061810063391 -2.379985257875449 0
14.60856578829237 -1.516193381578556 0
6.078465267769203 -0.4393962257223883 0
14.6564777939422 2.142595522616624 0
0.6281861873269501 -0.7483732565544808 0
10.91472177684436 0.5387269450656246 0
0.8084246104552806 0.8882369856486796 0
7.353248525970561 -1.150360009918834 0
7.749945075035527 -1.70711534138246 0
15.44414093160317 1.743381797342523 0
15.83680409800337 -0.373621348199051 0
11.56750046577607 -0.005162842335633251 0
14.95869080561437 -1.636800891123957 0
6.279584548231111 -0.5730007787468556 0
15.2700890875251 2.366590024650351 0
11.39129770505136 0.008877777227940548 0
13.07262100878482 1.062841078003773 0
15.33257558229939 -2.504650855465163 0
1.617677702853316 -0.7695988253598494 0
10.28316577172162 -1.138085780712496 0
15.98194797650777 -0.3738636635381011 0
13.55612669958809 -0.9931054514877738 0
13.15053220012627 -1.467548377971011 0
10.78546398175757 -0.4870214585121064 0
8.868530086497271 0.1073989747590644 0
14.55365096882971 1.017333754964525 0
11.51496064003549 -0.7381930294030572 0
6.71840720267323 0.5663781414781639 0
16.12720048259226 -0.3741000893106819 0
5.054310000649661 0.5081102959174844 0
12.47966638735289 -0.02165956221774654 0
7.606744038733522 0.412748750571764 0
14.16014638042344 -1.989957476807326 0
12.06719210090276 -0.7900882452629072 0
10.76990780736149 -1.382675710156959 0
8.843868223669229 -0.3584530816639869 0
3.671545191660389 0.7663042451548707 0
11.22120954143432 -1.277487105305426 0
15.35878996438718 -1.77834537062168 0
12.40530410174813 -0.1167235745596703 0
8.750415880317682 -0.5704676514675815 0
16.27228715155375 -0.3739886036205559 0
10.9316090332995 0.1837046775224022 0
0.5004071937221036 0.8832276572071402 0
6.333864042011873 0.9749456727461903 0
5.063395122670676 0.6428471267559158 0
9.785571765318004 -0.6633016045368803 0
12.04277022305428 0.628488544426015 0
16.4177051953278 -0.3734008410602865 0
7.366295263968478 -1.305809650584524 0
9.02372363140514 -2.261701575068924 0
8.061284156096637 -1.595818814572815 0
11.25817251953536 0.4725675484110332 0
16.56096525404687 -0.3736461378671476 0
4.425768442135929 0.758898558960441 0
6.817915766042609 -0.8901966394120773 0
3.966317681193126 0.7652651586218215 0
11.9088544859121 0.3051747632360926 0
0.396727764728784 0.6749437889322589 0
15.69086856851726 1.871420104910797 0
12.81194294646541 0.2222937963187799 0
6.722199410641103 -0.6467097876765093 0
6.356853712983087 -0.1078243407507619 0
7.12910115294325 0.5765165283098315 0
11.73323853339212 0.587589854361604 0
7.58943168102084 -1.271114710351949 0
14.03350672122873 1.923300078708554 0
9.664451252073951 -0.6724030280988715 0
6.70178834063737 -0.7427564766829123 0
11.98487608355233 -3.834020132728273 0
10.14481690711887 -0.09275812102191351 0
11.60570795872071 -1.39778091957553 0
8.809524573866977 -2.383588282871981 0
13.85665755202925 1.820803190297005 0
8.11212921916351 -1.817280082919036 0
6.758839210077006 0.6847032972581004 0
11.8956889084061 -1.043318110876168 0
10.61826015834792 0.04733986385672911 0
14.60464162669316 -1.979871737611379 0
5.798895831205829 1.018173790131552 0
12.70629046600044 0.6941502554480805 0
6.263385907715527 -0.9167937584216357 0
4.201747013944732 0.7504040451329691 0
6.717622347157481 -0.9511680621698662 0
11.66049750948852 -0.005550744242609135 0
14.9256718641384 1.2664647130255 0
13.80018334838559 0.5461425741781724 0
2.00794693512017 0.8925850827727919 0
0.09817407340420292 -0.6350655385872591 0
8.322077382932184 -1.750739610879214 0
6.796506042010728 0.4847726953949207 0
1.886848997521006 -0.7615552569515975 0
12.50907178001621 0.7043105837515363 0
9.522375938029654 -0.6651828334080905 0
11.08305989858324 -1.517300204757161 0
11.15010063402804 -1.393184470971617 0
14.10619772039857 -1.157080304140165 0
11.59307569075708 0.457836433955897 0
6.178712610200796 -0.5103679716194365 0
11.50968934297446 -1.185310626855602 0
2.935518397376179 0.7747104747815493 0
7.902076285667833 0.3874884562938967 0
1.34624175484267 -0.7594102212331945 0
15.42147355784532 2.5974079302102 0
13.46018845444254 -1.740144856985169 0
15.17220965117145 -2.448036128487212 0
10.09591975374386 0.01257279251890757 0
8.416556013810371 -1.841282384684097 0
7.392409107064573 -0.3453841715131562 0
4.8169323625747 -0.7611686301918791 0
14.43934313480034 2.00655742975961 0
10.70294002004789 0.01905483246017554 0
11.37735657025398 -0.5091017774435154 0
10.05044320841992 0.121568606746167 0
8.843678778887011 -0.11127844277405 0
12.5284024390233 -1.559528926583469 0
14.19875128691649 0.7817721879573086 0
16.04978733593619 -2.031667543170092 0
11.29467653995952 -0.3985569300102039 0
11.21431881109004 -0.4072261257182517 0
12.330856785152 0.8119685858177772 0
9.074163460573487 -0.8774550866236225 0
14.70966223138047 -2.158546674906634 0
1.805850615560216 0.8940586607497846 0
13.79803740233817 -1.84267363363292 0
9.22448010490103 -0.8943349621416503 0
13.89886339525144 -2.015653842154026 0
14.34870959439245 -1.258433347382088 0
8.484220980234678 -2.061657552033661 0
10.18113915320752 -0.1955574089333571 0
10.10453062599731 -0.2862378705293918 0
15.94207700186869 2.021603966196655 0
13.04216505558175 0.07850564493260143 0
13.21866324330504 0.1857260930487837 0
2.647171733233538 0.7765248459637705 0
3.450850981413922 0.9066955186362434 0
6.469151924199791 -0.1617558476092612 0
13.61201143212608 1.41230156962492 0
14.24308447586247 1.90310356356793 0
0.09096797785039078 -0.3571428571446435 0
2.643205007051393 -0.7797511655982463 0
10.65715539738863 -1.365226176261493 0
0.4101708700776902 -0.763527701604698 0
12.20200886393068 0.3403709709579055 0
16.00347551755909 -2.614903678253487 0
15.74916770588516 -1.775892653781266 0
12.58705586687976 -0.03441263451877587 0
11.39831953121079 -0.1224926317368343 0
13.45260657275451 0.3150265451784732 0
11.41213803775641 -0.7230560368017569 0
6.569596980307048 -0.2226054006632644 0
7.285687031540471 -0.1779472824612339 0
13.85582278412971 1.534104811511585 0
1.144030860898282 -0.7640215075902677 0
8.353616112631279 0.3390941082418241 0
14.90057920041533 -2.229125971962653 0
8.685794185987582 -2.002777863476911 0
11.65833009654312 -1.114789974506703 0
11.69781068799246 0.07072070408915947 0
2.365491326642961 -0.7713737133242399 0
8.728735376510883 -0.9660611580753973 0
9.003005345739979 -0.7570835665040311 0
5.074968612597283 0.7596179157038432 0
12.12642795111814 -3.612061926247115 0
11.31872709314218 -0.7122311680127387 0
16.53362744748896 -2.091988913725435 0
10.4115447726284 -1.380685484355006 0
12.34348451429503 -0.2169734697564224 0
16.26361947772791 -2.834618319645294 0
0.1081494860842585 0.8928466598274953 0
15.65337331018403 2.868222883962129 0
4.028894348267672 -0.8912323521532155 0
12.0202315937477 0.3059594966741225 0
16.34148020865362 -2.267367010341804 0
13.07569173734666 -1.343793207878236 0
12.80016325532776 -0.1549948357748972 0
7.897287068868104 -1.659115222437076 0
0.1081473112963626 -0.8928771990287238 0
16.16390695748537 2.020050423850043 0
0.4027763641722008 -0.4706768097452293 0
7.647559346253381 -0.3651993124172441 0
8.4897690822154 -0.5667097287095462 0
6.836651421455231 -1.02398245355253 0
14.08955307098778 -2.090965414994042 0
11.69168686357395 -4.271968792117702 0
3.158593140083634 0.9109998308800094 0
13.72910282210987 -1.278601622729109 0
15.96088840101574 2.136238553569781 0
6.091834296138113 -0.3416318352800265 0
12.68764588292351 -1.433102220609013 0
7.144072948367757 -0.07282344891890899 0
2.129248477902405 -0.9127476560848891 0
7.252446598586367 0.3359461348189444 0
3.380221811220347 -0.7854456520278049 0
16.89714460637787 -0.2505479832442797 0
16.89715744903855 -0.7494722792645081 0
13.97252510764876 0.6549639554548451 0
6.659575264784605 -0.2727312453867684 0
8.874109228804144 -0.7513156750271934 0
10.77460336194564 0.1467885270707839 0
12.41152259035632 -0.3384838365021344 0
4.648951386320079 -0.6452200382149731 0
11.95650764477518 0.5995916328036114 0
7.272267401958784 -0.2822840970185699 0
7.483309440847526 -0.2885418219970257 0
11.63617782030852 0.5678552200907816 0
3.671118065343992 -0.7875884892010413 0
2.917819624375726 -0.774023001621424 0
11.54389740572702 -0.8127420663267987 0
11.50434919414577 0.4444399525435131 0
15.09117500243058 -1.651818845008407 0
11.20800392928282 -0.1199472637577009 0
12.08617386337587 -1.160159833039148 0
11.23278405437216 -0.7062925026233777 0
11.15072421654652 0.4519443193793117 0
7.746207565289543 -0.2967228002651004 0
11.00802346186651 0.5384398382982379 0
10.45783853334804 0.05575651764215081 0
5.888921528016759 -1.047484949409919 0
0.8873421691494521 0.7934746030356633 0
7.965755820302016 0.2640627898197397 0
11.47859618849367 -0.4174436301692916 0
11.53008478843677 -1.370060752986816 0
5.138646958083806 -0.7902976316353373 0
5.310390335677929 0.7460935619135369 0
11.42782874567197 -0.05731742641139943 0
11.32457004748331 -0.1252142373919103 0
12.32753657241636 -0.7587323160459825 0
12.16239607515319 -0.7910891777696173 0
8.632526247827391 0.3292127305347816 0
10.20846753176405 -1.210423371835802 0
7.515939563695131 0.323588419627736 0
15.6289540667101 -2.481238579279405 0
4.40827808230786 -0.7935671356316838 0
11.52613222071352 -1.109804242333651 0
9.194146863245123 -2.373527192715616 0
15.88557406766864 2.250467509175559 0
10.24684912764043 -1.03483820340012 0
13.59343414896239 0.5607185145966096 0
7.719641375719721 -1.505699961834902 0
2.178849703958291 0.7764974728252197 0
5.141307333076132 0.8376269428524987 0
12.14335938086018 0.4700890751950212 0
11.25292376290131 0.5466059939051751 0
0.9682278093024506 -0.6572022442719347 0
14.79545735149004 -1.404176709590045 0
11.42332680180258 0.4586680788798432 0
14.12911396974732 -1.264682398418385 0
15.15804706129218 1.539204962044971 0
9.120301778227898 -2.611114124015862 0
12.06079697772758 0.8263140633975069 0
8.158044104516916 0.3586893873131894 0
5.949759508783786 -0.2805274832002385 0
12.41167227972428 -0.5877351437082511 0
1.629507429870702 0.7864282195429279 0
14.35264700174661 1.040454696290123 0
16.67528503660443 -0.3652419963347591 0
2.38832682132478 0.7700335496228782 0
6.268720230707948 -0.1609089267452175 0
14.72850216341521 1.122236797977158 0
8.71004308529894 -2.356495245068304 0
11.81276926304205 -1.271581021298323 0
13.4680698972371 -1.089769167749286 0
4.842630100194942 0.7912770376124832 0
1.164764692124314 0.7881135395498784 0
5.545262157999002 -0.705519464017738 0
15.0167243389209 2.372364342181616 0
6.119514362092986 0.9256185581293541 0
11.97626734641948 -1.258996979981986 0
9.214243732135071 -2.699499672137657 0
13.39710223004109 1.422635172128038 0
11.83038963533756 -1.114428785337519 0
5.459911109643656 -0.8792002719819864 0
15.48808501701379 -1.807269687421234 0
11.67031554398218 -0.7993282413272254 0
10.0008187887205 -0.2726036303715439 0
8.873115450035867 -2.458780270042293 0
11.14316254964974 -1.111791201197038 0
6.152111669398749 -0.0613623013471731 0
8.700195467827768 -2.185866378733323 0
13.36060782534273 -1.569033868175629 0
0.7362821074558304 -0.7939380888225971 0
5.389118533251597 -0.7869904203534265 0
7.833509649496046 0.02747303809366916 0
11.78899301431908 -1.35023857386805 0
10.27214059152658 -0.8037152293022313 0
16.77900240203247 -0.5269783165569479 0
12.95640754294517 1.047957149359627 0
14.7636119195473 2.241867648148602 0
11.8477362029026 0.09594332332007903 0
3.121866831980399 -0.7727767828096281 0
3.949125939466008 -0.76398999732575 0
5.876086804277268 0.9323325247419821 0
15.19111278005411 2.460942095773699 0
9.406524115271605 -2.647601922394168 0
4.5911111913394 0.6506870663273394 0
10.90686669048767 0.4589757168413389 0
8.828963896198299 0.2239681503512059 0
10.52072474750519 0.1823532046749259 0
6.75154559181205 -0.2225714159960461 0
5.654507956623227 -0.8890978612567009 0
11.90806039742738 -1.310186172782197 0
0.409001407640876 0.777939367860302 0
14.50499382672523 2.094951920804874 0
4.101443958830847 0.7951677683228437 0
8.93463292131826 -0.2870725138776108 0
2 2 0 227
3457
3458
3459
3460
3461
3462
3463
3464
3465
3466
3467
3468
3469
3470
3471
3472
3473
3474
3475
3476
3477
3478
3479
3480
3481
3482
3483
3484
3485
3486
3487
3488
3489
3490
3491
3492
3493
3494
3495
3496
3497
3498
3499
3500
3501
3502
3503
3504
3505
3506
3507
3508
3509
3510
3511
3512
3513
3514
3515
3516
3517
3518
3519
3520
3521
3522
3523
3524
3525
3526
3527
3528
3529
3530
3531
3532
3533
3534
3535
3536
3537
3538
3539
3540
3541
3542
3543
3544
3545
3546
3547
3548
3549
3550
3551
3552
3553
3554
3555
3556
3557
3558
3559
3560
3561
3562
3563
3564
3565
3566
3567
3568
3569
3570
3571
3572
3573
3574
3575
3576
3577
3578
3579
3580
3581
3582
3583
3584
3585
3586
3587
3588
3589
3590
3591
3592
3593
3594
3595
3596
3597
3598
3599
3600
3601
3602
3603
3604
3605
3606
3607
3608
3609
3610
3611
3612
3613
3614
3615
3616
3617
3618
3619
3620
3621
3622
3623
3624
3625
3626
3627
3628
3629
3630
3631
3632
3633
3634
3635
3636
3637
3638
3639
3640
3641
3642
3643
3644
3645
3646
3647
3648
3649
3650
3651
3652
3653
3654
3655
3656
3657
3658
3659
3660
3661
3662
3663
3664
3665
3666
3667
3668
3669
3670
3671
3672
3673
3674
3675
3676
3677
3678
3679
3680
3681
3682
3683
17.1258073098954 -0.1075376073132002 0
17.10016295339106 -0.06283397001247995 0
17.05942900103785 -0.03126193596217934 0
17.11922916588345 -0.9084374881265777 0
17.08799766584426 -0.949433117329025 0
17.04350927622322 -0.975449100827136 0
16.80013226842307 -1.999309523281626 0
16.77775590048281 -1.953739806621622 0
16.75540688429561 -1.927583201467768 0
16.40841697980438 -3.07652656698294 0
16.36288039715355 -3.100420740201335 0
16.32664513266222 -3.100633174631596 0
12.40514756467444 -3.603286369062783 0
12.4038338280704 -3.551446798062801 0
12.38109497000195 -3.50345862099767 0
11.77425192583877 -4.538435274701181 0
11.72424151030342 -4.550797778719287 0
11.68894070430121 -4.542316677836367 0
-0.08639915354576669 -1.097784485154538 0
-0.04027979177623452 -1.124925700033316 0
-0.1167810310309556 -1.0552515857661 0
-0.04027979177624923 1.124925700033331 -0
-0.08639915354576708 1.097784485154538 -0
-0.116781031030956 1.0552515857661 -0
16.43559659344649 1.94609118859542 0
16.43920749836937 2.000160194794925 0
16.41121760024313 1.900967860546139 0
15.77811026136967 3.113011641069906 0
15.73174048271911 3.138705996661273 0
15.68018756060763 3.143279015446625 0
6.81257835920245 0.9265680363067373 0
10.22756602115239 0.4471740734904635 0
10.29057665922725 0.504706357543374 0
11.24287596932464 0.7060904600869897 0
11.24042948348142 -1.708720637377525 0
5.603857721824911 -1.166997519788162 0
6.080602873665715 -1.229762209740688 0
10.91939712633428 0.7297622097406868 0
10.60385772182488 -1.666997519788153 0
11.08060287366574 0.7297622097406868 0
10.91939712633427 -1.729762209740687 0
5.759570516518592 -1.208720637377527 0
6.396142278175077 1.166997519788166 0
10.4549230313422 0.6053067510823863 0
11.39614227817512 -1.666997519788152 0
10.60385772182492 0.6669975197881665 0
6.545076968657797 1.105306751082386 0
10.4549230313422 -1.605306751082386 0
5.919397126334276 1.229762209740687 0
5.603857721824911 1.166997519788163 0
11.54507696865783 -1.605306751082367 0
5.919397126334287 -1.229762209740688 0
6.080602873665714 1.229762209740688 0
6.240429483481408 -1.208720637377526 0
5.759570516518592 1.208720637377527 0
6.240429483481421 1.208720637377525 0
6.684685241082888 1.024703877416661 0
10.75957051651858 0.7087206373775244 0
10.31531475891711 -1.524703877416663 0
11.08060287366573 -1.729762209740687 0
10.18495984018492 -1.418261953354368 0
10.75957051651858 -1.708720637377525 0
10.10188153374549 -1.36902920749545 0
6.90526505041252 0.8520974868846288 0
11.74858323521463 -1.457499322378436 0
16.72375262113901 -1.963790082467358 0
16.35214266082501 -3.069087673576309 0
14.30742602865854 -0.9942777799721546 0
11.72128251643899 -4.517739916666597 0
13.88103653476152 -0.9154209398127113 0
11.34580366591645 0.69982803564761 0
11.43755990338391 0.6449413502801404 0
8.824957431609949 -1.145102358292998 0
11.67674096527047 -1.519249511056291 0
5.480058201580253 1.120415738314811 0
5.480058201580298 -1.120415738314821 0
17.07499999999998 -0.2199999999998677 0
17.08705622821003 -0.1577388159390862 0
17.07499999999997 -0.7799999999998135 0
17.07959982832359 -0.850250183938889 0
13.28611161599119 -0.01735937142261113 0
10.16300013425928 0.4707329577916497 0
16.92809489059484 -0.0743981866335142 0
17.00005761541306 -0.07199807319651716 0
17.0480435129949 -0.1093336815218681 0
16.72181441285197 -2.115626950100459 0
12.3001324276005 -3.685009531429145 0
12.35752874613109 -3.602297122700787 0
-0.07499999999999997 -0.9285714285716272 0
-0.07657544426683657 -1.029426819614504 0
11.82467511655056 -4.398195498004051 0
16.42402319401029 -2.928399339797552 0
-0.075 0.9285714285712301 -0
-0.07657544426685121 1.02942681961448 -0
16.6310005877232 -1.9345131101565 0
16.73279430607764 -2.026138137147582 0
16.77904399973628 -2.043427047665725 0
16.92808330336413 -0.9256019099267391 0
16.99218369464223 -0.9357348540809834 0
17.04122241800808 -0.8975888723372965 0
17.02636177348381 -0.03481096079878462 0
12.25869314079882 -3.480171040597376 0
12.31789381797237 -3.508935089827698 0
11.61969007759928 -4.43875041367586 0
11.77607460967535 -4.487104066620951 0
16.23502438639821 -3.0168099421662 0
16.39797474645594 -3.026321336687257 0
16.76872013101115 -1.985454526225182 0
0.07342236130701218 -1.075 0
0.008760016573401846 -1.085136793759453 0
0.07342236130665201 1.075 0
0.008760016573288565 1.085136793759653 0
16.2872856098575 1.883765909748681 0
16.37138322685525 1.956547550058569 0
16.3397023818601 2.069566846287099 0
17.11593892334142 -0.8757741010182736 0
15.59030927523208 3.042825756773274 0
15.67790234699989 3.095566430964813 0
12.36582863604128 -3.54082200158483 0
12.39762468031543 -3.525505696834728 0
15.7942016978289 2.988770967656306 0
15.76844873363116 3.049874382719851 0
6.390695592270874 -1.158430538094109 0
10.05548212123187 -1.29150714562807 0
9.967440505109396 -1.296448235832529 0
-0.04882024611461357 1.085301210061374 -0
-0.06653598677378356 1.115916689456214 -0
-0.04882024611460341 -1.085301210061364 0
-0.06653598677377939 -1.11591668945621 0
6.948747953397476 0.7863390494374886 0
11.49950998599884 0.6985157676978808 0
9.062807665450848 -1.231052719830369 0
17.047551666686 -0.9450837427253334 0
17.08726557243756 -0.9096382821322487 0
14.15978563799949 -0.9675630674700968 0
15.73990493601493 3.10010530020267 0
15.75718391629844 3.130883494418683 0
14.0263488997694 -0.9416937282339506 0
17.09577731582 -0.1030664205404536 0
17.06024625411291 -0.06353533192631401 0
12.35775250051413 -3.496283703928876 0
-0.01689701891870774 -1.117796092813811 0
17.02104178899981 -0.9709650647296411 0
11.62059854398162 -1.574908209279917 0
-0.01689701891875214 1.117796092813868 -0
15.78375107109806 3.089177867131808 0
17.12147422868723 -0.1297734385576138 0
13.15851182986003 -0.05224037863958604 0
11.68142489097603 -4.494972798461196 0
16.30161944377582 -3.05497089648402 0
6.526911180447851 -1.123145798093897 0
6.320306049890775 -1.197750517530734 0
8.952751316455164 -1.190990960887709 0
10.37911179035471 -1.575409924926129 0
10.2435620523608 -1.483506253548605 0
10.67860461292838 0.6994639138695453 0
11.1625736447673 0.7306268144227195 0
11.16208434759866 -1.731152849880827 0
10.52479273763584 -1.64725181773773 0
11.47520726236417 -1.647251817737725 0
5.83791565240135 1.231152849880827 0
10.52479273763585 0.647251817737732 0
10.67860461292837 -1.699463913869543 0
11 -1.741776419290591 0
6.162084347598647 -1.231152849880827 0
6.755945587516674 0.9851674701390781 0
6.475207262364151 1.147251817737732 0
6.620888209645294 1.075409924926129 0
5.678604612928382 1.199463913869545 0
11 0.741776419290591 0
6.16208434759865 1.231152849880827 0
6.321395387071617 1.199463913869546 0
10.83791565240135 0.7311528498808262 0
11.32139538707163 -1.699463913869543 0
6 -1.241776419290591 0
5.678604612928382 -1.199463913869545 0
10.37416417041673 0.5714104209514714 0
5.837915652401352 -1.231152849880827 0
5.999999999999997 1.241776419290591 0
10.83791565240135 -1.731152849880827 0
17.07499999999999 -0.4999999999994077 0
17.07499999999999 -0.3599999999995945 0
17.07499999999998 -0.6399999999994754 0
-0.08757070695307634 1.069429504536102 -0
5.359832375395417 1.061957830597408 0
5.359832375395723 -1.06195783059748 0
12.38889981215659 -3.575431215632598 0
11.98316088690095 -4.160466842478447 0
12.14164665725074 -3.922738186953792 0
12.06240377207594 -4.041602514716038 0
16.57048450676193 -2.525630729730564 0
12.22088954242564 -3.80387385919142 0
16.66812538192934 -2.257118323020555 0
11.90391800172571 -4.279331170241308 0
16.61930494434567 -2.391374526375408 0
-0.07499999999999998 0.07142857142600163 -0
-0.075 -0.0714285714311241 0
-0.075 -0.7857142857148811 0
-0.075 -0.6428571428581352 0
-0.075 -0.5000000000013893 0
-0.075 -0.3571428571446434 0
-0.075 -0.2142857142878959 0
16.52166406917809 -2.659886933086219 0
16.47284363159424 -2.794143136441845 0
-0.07500000000000001 0.2142857142835299 -0
-0.07500000000000001 0.3571428571410697 -0
-0.075 0.4999999999986098 -0
-0.075 0.6428571428561499 -0
-0.075 0.7857142857136898 -0
-0.0875707069530723 -1.069429504536105 0
16.80418022841943 -2.034012029297298 0
6.873807929619082 0.8859723523343626 0
15.706863329209 3.125281675470059 0
16.49818577255971 -1.881866771475882 0
12.13628761268606 -3.396157215397217 0
16.16586553028359 1.806332601357644 0
12.01391454083111 -3.312143929049864 0
16.78302410990673 -0.07446198516838372 0
11.89154694467673 -3.228130635953293 0
11.76936662132504 -3.144832367382405 0
15.46277780989164 2.970399203430613 0
15.8713760611426 2.860147028798727 0
16.02572478777035 2.60289915108733 0
15.94855042445667 2.731523089943122 0
16.18007351439902 2.345651273372764 0
16.25724787771347 2.2170273345156 0
16.10289915108456 2.474275212230195 0
$EndNodes
$Elements
271 7792 1 7792
1 1 1 1
1 1 2 
1 2 1 1
2 2 3 
1 3 1 1
3 3 4 
1 4 1 1
4 4 5 
1 5 1 1
5 5 6 
1 6 1 1
6 6 7 
1 7 1 1
7 7 8 
1 8 1 1
8 8 9 
1 9 1 37
9 9 270 
10 270 271 
11 271 272 
12 272 273 
13 273 274 
14 274 275 
15 275 276 
16 276 277 
17 277 278 
18 278 279 
19 279 280 
20 280 281 
21 281 282 
22 282 283 
23 283 284 
24 284 285 
25 285 286 
26 286 287 
27 287 288 
28 288 289 
29 289 290 
30 290 291 
31 291 292 
32 292 293 
33 293 294 
34 294 295 
35 295 296 
36 296 297 
37 297 298 
38 298 299 
39 299 300 
40 300 301 
41 301 302 
42 302 303 
43 303 304 
44 304 305 
45 305 10 
1 10 1 14
46 10 306 
47 306 307 
48 307 308 
49 308 309 
50 309 310 
51 310 311 
52 311 312 
53 312 313 
54 313 314 
55 314 315 
56 315 316 
57 316 317 
58 317 318 
59 318 11 
1 11 1 37
60 11 319 
61 319 320 
62 320 321 
63 321 322 
64 322 323 
65 323 324 
66 324 325 
67 325 326 
68 326 327 
69 327 328 
70 328 329 
71 329 330 
72 330 331 
73 331 332 
74 332 333 
75 333 334 
76 334 335 
77 335 336 
78 336 337 
79 337 338 
80 338 339 
81 339 340 
82 340 341 
83 341 342 
84 342 343 
85 343 344 
86 344 345 
87 345 346 
88 346 347 
89 347 348 
90 348 349 
91 349 350 
92 350 351 
93 351 352 
94 352 353 
95 353 354 
96 354 12 
1 12 1 1
97 12 13 
1 13 1 1
98 13 14 
1 14 1 1
99 14 15 
1 15 1 1
100 15 16 
1 16 1 1
101 16 17 
1 17 1 1
102 17 18 
1 18 1 1
103 18 19 
1 19 1 1
104 19 20 
1 20 1 1
105 20 21 
1 21 1 1
106 21 22 
1 22 1 1
107 22 23 
1 23 1 23
108 23 355 
109 355 356 
110 356 357 
111 357 358 
112 358 359 
113 359 360 
114 360 361 
115 361 362 
116 362 363 
117 363 364 
118 364 365 
119 365 366 
120 366 367 
121 367 368 
122 368 369 
123 369 370 
124 370 371 
125 371 372 
126 372 373 
127 373 374 
128 374 375 
129 375 376 
130 376 24 
1 24 1 1
131 24 25 
1 25 1 1
132 25 26 
1 26 1 1
133 26 27 
1 27 1 1
134 27 28 
1 28 1 1
135 28 29 
1 29 1 1
136 29 30 
1 30 1 1
137 30 31 
1 31 1 1
138 31 32 
1 32 1 1
139 32 33 
1 33 1 1
140 33 34 
1 34 1 33
141 34 377 
142 377 378 
143 378 379 
144 379 380 
145 380 381 
146 381 382 
147 382 383 
148 383 384 
149 384 385 
150 385 386 
151 386 387 
152 387 388 
153 388 389 
154 389 390 
155 390 391 
156 391 392 
157 392 393 
158 393 394 
159 394 395 
160 395 396 
161 396 397 
162 397 398 
163 398 399 
164 399 400 
165 400 401 
166 401 402 
167 402 403 
168 403 404 
169 404 405 
170 405 406 
171 406 407 
172 407 408 
173 408 35 
1 35 1 8
174 35 409 
175 409 410 
176 410 411 
177 411 412 
178 412 413 
179 413 414 
180 414 415 
181 415 36 
1 36 1 27
182 36 416 
183 416 417 
184 417 418 
185 418 419 
186 419 420 
187 420 421 
188 421 422 
189 422 423 
190 423 424 
191 424 425 
192 425 426 
193 426 427 
194 427 428 
195 428 429 
196 429 430 
197 430 431 
198 431 432 
199 432 433 
200 433 434 
201 434 435 
202 435 436 
203 436 437 
204 437 438 
205 438 439 
206 439 440 
207 440 441 
208 441 37 
1 37 1 28
209 37 442 
210 442 443 
211 443 444 
212 444 445 
213 445 446 
214 446 447 
215 447 448 
216 448 449 
217 449 450 
218 450 451 
219 451 452 
220 452 453 
221 453 454 
222 454 455 
223 455 456 
224 456 457 
225 457 458 
226 458 459 
227 459 460 
228 460 461 
229 461 462 
230 462 463 
231 463 464 
232 464 465 
233 465 466 
234 466 467 
235 467 468 
236 468 38 
1 38 1 5
237 38 469 
238 469 470 
239 470 471 
240 471 472 
241 472 39 
1 39 1 23
242 39 473 
243 473 474 
244 474 475 
245 475 476 
246 476 477 
247 477 478 
248 478 479 
249 479 480 
250 480 481 
251 481 482 
252 482 483 
253 483 484 
254 484 485 
255 485 486 
256 486 487 
257 487 488 
258 488 489 
259 489 490 
260 490 491 
261 491 492 
262 492 493 
263 493 494 
264 494 40 
1 40 1 22
265 40 495 
266 495 496 
267 496 497 
268 497 498 
269 498 499 
270 499 500 
271 500 501 
272 501 502 
273 502 503 
274 503 504 
275 504 505 
276 505 506 
277 506 507 
278 507 508 
279 508 509 
280 509 510 
281 510 511 
282 511 512 
283 512 513 
284 513 514 
285 514 515 
286 515 41 
1 41 1 7
287 41 516 
288 516 517 
289 517 518 
290 518 519 
291 519 520 
292 520 521 
293 521 42 
1 42 1 33
294 42 522 
295 522 523 
296 523 524 
297 524 525 
298 525 526 
299 526 527 
300 527 528 
301 528 529 
302 529 530 
303 530 531 
304 531 532 
305 532 533 
306 533 534 
307 534 535 
308 535 536 
309 536 537 
310 537 538 
311 538 539 
312 539 540 
313 540 541 
314 541 542 
315 542 543 
316 543 544 
317 544 545 
318 545 546 
319 546 547 
320 547 548 
321 548 549 
322 549 550 
323 550 551 
324 551 552 
325 552 553 
326 553 43 
1 43 1 1
327 43 44 
1 44 1 1
328 44 45 
1 45 1 1
329 45 46 
1 46 1 1
330 46 47 
1 47 1 1
331 47 48 
1 48 1 1
332 48 49 
1 49 1 1
333 49 50 
1 50 1 1
334 50 51 
1 51 1 1
335 51 52 
1 52 1 1
336 52 53 
1 53 1 1
337 53 54 
1 54 1 1
338 54 55 
1 55 1 1
339 55 56 
1 56 1 10
340 56 554 
341 554 555 
342 555 556 
343 556 557 
344 557 558 
345 558 559 
346 559 560 
347 560 561 
348 561 562 
349 562 57 
1 57 1 30
350 57 563 
351 563 564 
352 564 565 
353 565 566 
354 566 567 
355 567 568 
356 568 569 
357 569 570 
358 570 571 
359 571 572 
360 572 573 
361 573 574 
362 574 575 
363 575 576 
364 576 577 
365 577 578 
366 578 579 
367 579 580 
368 580 581 
369 581 582 
370 582 583 
371 583 584 
372 584 585 
373 585 586 
374 586 587 
375 587 588 
376 588 589 
377 589 590 
378 590 591 
379 591 58 
1 58 1 7
380 58 592 
381 592 593 
382 593 594 
383 594 595 
384 595 596 
385 596 597 
386 597 59 
1 59 1 42
387 59 598 
388 598 599 
389 599 600 
390 600 601 
391 601 602 
392 602 603 
393 603 604 
394 604 605 
395 605 606 
396 606 607 
397 607 608 
398 608 609 
399 609 610 
400 610 611 
401 611 612 
402 612 613 
403 613 614 
404 614 615 
405 615 616 
406 616 617 
407 617 618 
408 618 619 
409 619 620 
410 620 621 
411 621 622 
412 622 623 
413 623 624 
414 624 625 
415 625 626 
416 626 627 
417 627 628 
418 628 629 
419 629 630 
420 630 631 
421 631 632 
422 632 633 
423 633 634 
424 634 635 
425 635 636 
426 636 637 
427 637 638 
428 638 1 
1 60 1 1
429 60 61 
1 61 1 1
430 61 62 
1 62 1 1
431 62 63 
1 63 1 1
432 63 64 
1 64 1 1
433 64 65 
1 65 1 1
434 65 66 
1 66 1 1
435 66 67 
1 67 1 1
436 67 68 
1 68 1 1
437 68 69 
1 69 1 1
438 69 70 
1 70 1 1
439 70 71 
1 71 1 1
440 71 72 
1 72 1 1
441 72 73 
1 73 1 36
442 73 639 
443 639 640 
444 640 641 
445 641 642 
446 642 643 
447 643 644 
448 644 645 
449 645 646 
450 646 647 
451 647 648 
452 648 649 
453 649 650 
454 650 651 
455 651 652 
456 652 653 
457 653 654 
458 654 655 
459 655 656 
460 656 657 
461 657 658 
462 658 659 
463 659 660 
464 660 661 
465 661 662 
466 662 663 
467 663 664 
468 664 665 
469 665 666 
470 666 667 
471 667 668 
472 668 669 
473 669 670 
474 670 671 
475 671 672 
476 672 673 
477 673 74 
1 74 1 1
478 74 75 
1 75 1 1
479 75 76 
1 76 1 1
480 76 77 
1 77 1 1
481 77 78 
1 78 1 1
482 78 79 
1 79 1 1
483 79 80 
1 80 1 1
484 80 81 
1 81 1 1
485 81 82 
1 82 1 1
486 82 83 
1 83 1 1
487 83 84 
1 84 1 1
488 84 85 
1 85 1 1
489 85 86 
1 86 1 14
490 86 674 
491 674 675 
492 675 676 
493 676 677 
494 677 678 
495 678 679 
496 679 680 
497 680 681 
498 681 682 
499 682 683 
500 683 684 
501 684 685 
502 685 686 
503 686 87 
1 87 1 1
504 87 88 
1 88 1 1
505 88 89 
1 89 1 1
506 89 90 
1 90 1 1
507 90 91 
1 91 1 1
508 91 92 
1 92 1 1
509 92 93 
1 93 1 1
510 93 94 
1 94 1 1
511 94 95 
1 95 1 1
512 95 96 
1 96 1 1
513 96 97 
1 97 1 1
514 97 98 
1 98 1 1
515 98 99 
1 99 1 36
516 99 687 
517 687 688 
518 688 689 
519 689 690 
520 690 691 
521 691 692 
522 692 693 
523 693 694 
524 694 695 
525 695 696 
526 696 697 
527 697 698 
528 698 699 
529 699 700 
530 700 701 
531 701 702 
532 702 703 
533 703 704 
534 704 705 
535 705 706 
536 706 707 
537 707 708 
538 708 709 
539 709 710 
540 710 711 
541 711 712 
542 712 713 
543 713 714 
544 714 715 
545 715 716 
546 716 717 
547 717 718 
548 718 719 
549 719 720 
550 720 721 
551 721 100 
1 100 1 1
552 100 101 
1 101 1 1
553 101 102 
1 102 1 1
554 102 103 
1 103 1 1
555 103 104 
1 104 1 1
556 104 105 
1 105 1 1
557 105 106 
1 106 1 1
558 106 107 
1 107 1 1
559 107 108 
1 108 1 1
560 108 109 
1 109 1 1
561 109 110 
1 110 1 1
562 110 111 
1 111 1 1
563 111 112 
1 112 1 1
564 112 113 
1 113 1 1
565 113 114 
1 114 1 1
566 114 115 
1 115 1 1
567 115 116 
1 116 1 1
568 116 117 
1 117 1 1
569 117 118 
1 118 1 1
570 118 119 
1 119 1 1
571 119 120 
1 120 1 1
572 120 121 
1 121 1 22
573 121 722 
574 722 723 
575 723 724 
576 724 725 
577 725 726 
578 726 727 
579 727 728 
580 728 729 
581 729 730 
582 730 731 
583 731 732 
584 732 733 
585 733 734 
586 734 735 
587 735 736 
588 736 737 
589 737 738 
590 738 739 
591 739 740 
592 740 741 
593 741 742 
594 742 122 
1 122 1 1
595 122 123 
1 123 1 1
596 123 124 
1 124 1 1
597 124 125 
1 125 1 1
598 125 126 
1 126 1 1
599 126 127 
1 127 1 1
600 127 128 
1 128 1 1
601 128 129 
1 129 1 1
602 129 130 
1 130 1 1
603 130 131 
1 131 1 1
604 131 132 
1 132 1 1
605 132 133 
1 133 1 1
606 133 134 
1 134 1 1
607 134 135 
1 135 1 1
608 135 136 
1 136 1 1
609 136 137 
1 137 1 1
610 137 138 
1 138 1 33
611 138 743 
612 743 744 
613 744 745 
614 745 746 
615 746 747 
616 747 748 
617 748 749 
618 749 750 
619 750 751 
620 751 752 
621 752 753 
622 753 754 
623 754 755 
624 755 756 
625 756 757 
626 757 758 
627 758 759 
628 759 760 
629 760 761 
630 761 762 
631 762 763 
632 763 764 
633 764 765 
634 765 766 
635 766 767 
636 767 768 
637 768 769 
638 769 770 
639 770 771 
640 771 772 
641 772 773 
642 773 774 
643 774 139 
1 139 1 1
644 139 140 
1 140 1 1
645 140 141 
1 141 1 1
646 141 142 
1 142 1 1
647 142 143 
1 143 1 1
648 143 144 
1 144 1 1
649 144 145 
1 145 1 1
650 145 146 
1 146 1 1
651 146 147 
1 147 1 1
652 147 148 
1 148 1 1
653 148 149 
1 149 1 1
654 149 150 
1 150 1 1
655 150 151 
1 151 1 8
656 151 775 
657 775 776 
658 776 777 
659 777 778 
660 778 779 
661 779 780 
662 780 781 
663 781 152 
1 152 1 1
664 152 153 
1 153 1 1
665 153 154 
1 154 1 1
666 154 155 
1 155 1 1
667 155 156 
1 156 1 1
668 156 157 
1 157 1 1
669 157 158 
1 158 1 1
670 158 159 
1 159 1 1
671 159 160 
1 160 1 1
672 160 161 
1 161 1 1
673 161 162 
1 162 1 1
674 162 163 
1 163 1 1
675 163 164 
1 164 1 24
676 164 782 
677 782 783 
678 783 784 
679 784 785 
680 785 786 
681 786 787 
682 787 788 
683 788 789 
684 789 790 
685 790 791 
686 791 792 
687 792 793 
688 793 794 
689 794 795 
690 795 796 
691 796 797 
692 797 798 
693 798 799 
694 799 800 
695 800 801 
696 801 802 
697 802 803 
698 803 804 
699 804 165 
1 165 1 24
700 165 805 
701 805 806 
702 806 807 
703 807 808 
704 808 809 
705 809 810 
706 810 811 
707 811 812 
708 812 813 
709 813 814 
710 814 815 
711 815 816 
712 816 817 
713 817 818 
714 818 819 
715 819 820 
716 820 821 
717 821 822 
718 822 823 
719 823 824 
720 824 825 
721 825 826 
722 826 827 
723 827 166 
1 166 1 1
724 166 167 
1 167 1 1
725 167 168 
1 168 1 1
726 168 169 
1 169 1 1
727 169 170 
1 170 1 1
728 170 171 
1 171 1 1
729 171 172 
1 172 1 1
730 172 173 
1 173 1 1
731 173 174 
1 174 1 1
732 174 175 
1 175 1 1
733 175 176 
1 176 1 1
734 176 177 
1 177 1 1
735 177 178 
1 178 1 5
736 178 828 
737 828 829 
738 829 830 
739 830 831 
740 831 179 
1 179 1 1
741 179 180 
1 180 1 1
742 180 181 
1 181 1 1
743 181 182 
1 182 1 1
744 182 183 
1 183 1 1
745 183 184 
1 184 1 1
746 184 185 
1 185 1 1
747 185 186 
1 186 1 1
748 186 187 
1 187 1 1
749 187 188 
1 188 1 1
750 188 189 
1 189 1 1
751 189 190 
1 190 1 1
752 190 191 
1 191 1 17
753 191 832 
754 832 833 
755 833 834 
756 834 835 
757 835 836 
758 836 837 
759 837 838 
760 838 839 
761 839 840 
762 840 841 
763 841 842 
764 842 843 
765 843 844 
766 844 845 
767 845 846 
768 846 847 
769 847 192 
1 192 1 17
770 192 848 
771 848 849 
772 849 850 
773 850 851 
774 851 852 
775 852 853 
776 853 854 
777 854 855 
778 855 856 
779 856 857 
780 857 858 
781 858 859 
782 859 860 
783 860 861 
784 861 862 
785 862 863 
786 863 193 
1 193 1 1
787 193 194 
1 194 1 1
788 194 195 
1 195 1 1
789 195 196 
1 196 1 1
790 196 197 
1 197 1 1
791 197 198 
1 198 1 1
792 198 199 
1 199 1 1
793 199 200 
1 200 1 1
794 200 201 
1 201 1 1
795 201 202 
1 202 1 1
796 202 203 
1 203 1 1
797 203 204 
1 204 1 1
798 204 205 
1 205 1 7
799 205 864 
800 864 865 
801 865 866 
802 866 867 
803 867 868 
804 868 869 
805 869 206 
1 206 1 1
806 206 207 
1 207 1 1
807 207 208 
1 208 1 1
808 208 209 
1 209 1 1
809 209 210 
1 210 1 1
810 210 211 
1 211 1 1
811 211 212 
1 212 1 1
812 212 213 
1 213 1 1
813 213 214 
1 214 1 1
814 214 215 
1 215 1 1
815 215 216 
1 216 1 1
816 216 217 
1 217 1 1
817 217 218 
1 218 1 32
818 218 870 
819 870 871 
820 871 872 
821 872 873 
822 873 874 
823 874 875 
824 875 876 
825 876 877 
826 877 878 
827 878 879 
828 879 880 
829 880 881 
830 881 882 
831 882 883 
832 883 884 
833 884 885 
834 885 886 
835 886 887 
836 887 888 
837 888 889 
838 889 890 
839 890 891 
840 891 892 
841 892 893 
842 893 894 
843 894 895 
844 895 896 
845 896 897 
846 897 898 
847 898 899 
848 899 900 
849 900 219 
1 219 1 1
850 219 220 
1 220 1 1
851 220 221 
1 221 1 1
852 221 222 
1 222 1 1
853 222 223 
1 223 1 1
854 223 224 
1 224 1 1
855 224 225 
1 225 1 1
856 225 226 
1 226 1 1
857 226 227 
1 227 1 1
858 227 228 
1 228 1 1
859 228 229 
1 229 1 1
860 229 230 
1 230 1 1
861 230 231 
1 231 1 1
862 231 232 
1 232 1 1
863 232 233 
1 233 1 1
864 233 234 
1 234 1 1
865 234 235 
1 235 1 1
866 235 236 
1 236 1 1
867 236 237 
1 237 1 1
868 237 238 
1 238 1 1
869 238 239 
1 239 1 1
870 239 240 
1 240 1 1
871 240 241 
1 241 1 1
872 241 242 
1 242 1 6
873 242 901 
874 901 902 
875 902 903 
876 903 904 
877 904 905 
878 905 243 
1 243 1 26
879 243 906 
880 906 907 
881 907 908 
882 908 909 
883 909 910 
884 910 911 
885 911 912 
886 912 913 
887 913 914 
888 914 915 
889 915 916 
890 916 917 
891 917 918 
892 918 919 
893 919 920 
894 920 921 
895 921 922 
896 922 923 
897 923 924 
898 924 925 
899 925 926 
900 926 927 
901 927 928 
902 928 929 
903 929 930 
904 930 244 
1 244 1 1
905 244 245 
1 245 1 1
906 245 246 
1 246 1 1
907 246 247 
1 247 1 1
908 247 248 
1 248 1 1
909 248 249 
1 249 1 1
910 249 250 
1 250 1 1
911 250 251 
1 251 1 1
912 251 252 
1 252 1 1
913 252 253 
1 253 1 1
914 253 254 
1 254 1 1
915 254 255 
1 255 1 1
916 255 256 
1 256 1 7
917 256 931 
918 931 932 
919 932 933 
920 933 934 
921 934 935 
922 935 936 
923 936 257 
1 257 1 1
924 257 258 
1 258 1 1
925 258 259 
1 259 1 1
926 259 260 
1 260 1 1
927 260 261 
1 261 1 1
928 261 262 
1 262 1 1
929 262 263 
1 263 1 1
930 263 264 
1 264 1 1
931 264 265 
1 265 1 1
932 265 266 
1 266 1 1
933 266 267 
1 267 1 1
934 267 268 
1 268 1 1
935 268 269 
1 269 1 41
936 269 937 
937 937 938 
938 938 939 
939 939 940 
940 940 941 
941 941 942 
942 942 943 
943 943 944 
944 944 945 
945 945 946 
946 946 947 
947 947 948 
948 948 949 
949 949 950 
950 950 951 
951 951 952 
952 952 953 
953 953 954 
954 954 955 
955 955 956 
956 956 957 
957 957 958 
958 958 959 
959 959 960 
960 960 961 
961 961 962 
962 962 963 
963 963 964 
964 964 965 
965 965 966 
966 966 967 
967 967 968 
968 968 969 
969 969 970 
970 970 971 
971 971 972 
972 972 973 
973 973 974 
974 974 975 
975 975 976 
976 976 60 
2 1 2 5386
977 2322 1489 3232 
978 2141 3109 3152 
979 2407 1602 3054 
980 1513 3103 3140 
981 2532 1666 3055 
982 354 1987 2094 
983 1978 1981 2601 
984 993 1527 3044 
985 1109 421 2537 
986 2972 3018 3050 
987 50 1230 2892 
988 353 2094 3392 
989 1075 1078 2364 
990 353 354 2094 
991 3109 1154 3152 
992 1104 2546 2547 
993 615 616 2823 
994 1161 2164 2525 
995 421 422 2537 
996 1896 2253 2256 
997 1602 2407 3197 
998 2455 1965 3083 
999 2413 1398 2414 
1000 2191 1530 2853 
1001 2099 1718 2258 
1002 1740 2470 2471 
1003 592 593 2458 
1004 549 550 2262 
1005 2018 2311 3135 
1006 1285 2328 2904 
1007 2607 1886 2608 
1008 1769 1206 2273 
1009 1718 1717 2258 
1010 2200 2972 3050 
1011 1343 2238 2933 
1012 1666 2532 3072 
1013 354 12 1987 
1014 1769 2273 3241 
1015 2253 1896 2254 
1016 1386 1395 2415 
1017 2190 1285 2904 
1018 1989 2449 3174 
1019 1869 2488 2489 
1020 1398 1399 2414 
1021 2454 1171 2455 
1022 1109 2149 2753 
1023 1899 2366 3404 
1024 2246 1343 2933 
1025 3044 1527 3264 
1026 2989 2148 3054 
1027 1899 1900 2366 
1028 1602 2989 3054 
1029 2449 1989 3134 
1030 2627 1157 2628 
1031 1566 2970 3373 
1032 550 1028 2262 
1033 376 24 993 
1034 1092 2205 2211 
1035 25 26 2210 
1036 2944 2272 2967 
1037 1236 2196 3256 
1038 2148 1914 2990 
1039 2164 2252 2525 
1040 2201 1117 3124 
1041 1914 2148 2989 
1042 592 2458 3314 
1043 982 1 983 
1044 2397 1180 3403 
1045 2006 2068 2498 
1046 1075 2364 3372 
1047 2164 1161 2526 
1048 2822 2344 3442 
1049 2488 1869 2490 
1050 977 31 3394 
1051 1886 2607 2609 
1052 2629 615 2823 
1053 1112 2944 2967 
1054 612 613 2982 
1055 2386 3044 3264 
1056 1398 2413 2415 
1057 2297 1550 3425 
1058 1682 1683 2426 
1059 1104 2547 3267 
1060 2170 995 2344 
1061 2269 1180 2397 
1062 2166 2822 3442 
1063 2346 1114 2349 
1064 1959 1887 2760 
1065 1530 2191 2854 
1066 2483 2060 3096 
1067 2058 2006 2498 
1068 2321 3158 3200 
1069 540 541 2248 
1070 2628 1157 2629 
1071 1297 2192 2523 
1072 2215 1367 2942 
1073 1942 2611 2805 
1074 1106 2480 3236 
1075 44 45 3222 
1076 376 993 3044 
1077 1039 1525 2390 
1078 2252 1772 2525 
1079 3158 1823 3200 
1080 1114 2346 3429 
1081 1736 1737 2526 
1082 1230 2239 2892 
1083 2697 1984 2698 
1084 2970 1566 3149 
1085 2269 2270 3143 
1086 2421 1112 2967 
1087 1146 2230 2500 
1088 1726 2209 3191 
1089 2367 1474 2770 
1090 2295 1550 2297 
1091 3123 2251 3129 
1092 1941 3123 3129 
1093 1684 1439 3111 
1094 1100 2566 2567 
1095 3234 3206 3333 
1096 2198 1774 2990 
1097 2935 2936 3149 
1098 1399 1426 2414 
1099 3148 2970 3149 
1100 1117 2201 2495 
1101 2626 612 2982 
1102 638 1 982 
1103 3 1489 2322 
1104 2280 395 3217 
1105 395 2280 3224 
1106 1190 540 2248 
1107 2037 2320 2327 
1108 1166 2473 3155 
1109 1965 3004 3083 
1110 2 3 2322 
1111 2311 2307 3135 
1112 3092 1475 3191 
1113 2470 1740 3330 
1114 2253 1529 2256 
1115 2036 2037 2327 
1116 535 536 2609 
1117 611 612 2626 
1118 306 307 2467 
1119 1171 2454 2456 
1120 2838 1990 2968 
1121 1525 2242 2390 
1122 1518 1386 2415 
1123 2196 1236 3065 
1124 2332 3149 3188 
1125 2167 3092 3191 
1126 1489 2249 2292 
1127 995 2170 2343 
1128 1782 2635 2638 
1129 1959 2760 3254 
1130 2170 2344 2822 
1131 2060 2483 3260 
1132 1977 1978 2601 
1133 3103 1513 3325 
1134 3103 2009 3140 
1135 2195 2036 2327 
1136 1112 2421 3119 
1137 1468 2361 2885 
1138 2195 2327 3333 
1139 2427 978 2879 
1140 1990 2838 3434 
1141 1170 2216 2570 
1142 2611 2065 2805 
1143 1441 1479 2477 
1144 2833 980 3042 
1145 3122 1316 3332 
1146 1180 2269 3143 
1147 2342 3122 3332 
1148 2149 1109 3160 
1149 1153 2996 3020 
1150 2601 1981 3169 
1151 3149 2936 3188 
1152 2996 2220 3020 
1153 2189 2323 3232 
1154 500 3109 3278 
1155 1162 611 2626 
1156 48 49 3245 
1157 2244 1359 2258 
1158 2192 1297 3144 
1159 2323 2189 3150 
1160 3074 1011 3089 
1161 1774 2198 3388 
1162 27 28 2919 
1163 614 615 2629 
1164 2490 1532 3243 
1165 1078 1088 2364 
1166 1542 2229 3333 
1167 1308 1310 2854 
1168 1532 2490 3231 
1169 1717 2257 2258 
1170 1325 2821 3075 
1171 1542 637 2229 
1172 2301 3177 3300 
1173 2025 2023 2513 
1174 2624 1162 2625 
1175 2472 2471 3074 
1176 2310 2297 3425 
1177 1088 2296 2298 
1178 2472 3074 3089 
1179 2473 1166 3293 
1180 2398 2397 3403 
1181 2216 1170 2571 
1182 1176 1148 2863 
1183 3177 1470 3300 
1184 31 977 2436 
1185 2955 3318 3351 
1186 1566 2935 3149 
1187 2361 2066 2885 
1188 2209 1726 3349 
1189 2625 1162 2626 
1190 49 50 2892 
1191 2851 2202 3062 
1192 2414 1426 2958 
1193 1021 1039 2390 
1194 1091 3213 3287 
1195 1941 3102 3123 
1196 980 2833 3108 
1197 2696 2598 3233 
1198 25 2210 3118 
1199 609 610 3012 
1200 983 1 2073 
1201 1395 1398 2415 
1202 2275 1596 2837 
1203 616 1155 2823 
1204 1941 1416 3102 
1205 1529 2212 2268 
1206 3134 2119 3137 
1207 3168 529 3256 
1208 306 2467 3328 
1209 2205 1092 2411 
1210 2340 3153 3249 
1211 2388 1964 3125 
1212 1965 2455 3147 
1213 2327 1542 3333 
1214 1426 2383 2958 
1215 2221 1888 3175 
1216 2821 2311 3075 
1217 2212 1529 2253 
1218 2638 2635 3223 
1219 2526 2518 3387 
1220 1701 2833 3093 
1221 1474 2367 3286 
1222 2206 1108 3067 
1223 1989 2119 3134 
1224 1153 2482 2996 
1225 2085 2223 2275 
1226 3093 3094 3195 
1227 1152 2203 3302 
1228 1416 2342 3102 
1229 3213 2154 3287 
1230 2203 1152 3341 
1231 1964 2388 3216 
1232 2851 3062 3421 
1233 2235 2237 3228 
1234 3109 2150 3278 
1235 2030 2512 3047 
1236 2480 2208 3236 
1237 2323 2322 3232 
1238 2022 2017 2363 
1239 2260 2235 3228 
1240 1701 3093 3195 
1241 3074 2471 3290 
1242 1337 2368 2746 
1243 2833 1701 3108 
1244 2350 2349 3115 
1245 2482 1153 2998 
1246 2214 2215 2942 
1247 1093 2024 2281 
1248 2965 1913 3162 
1249 2218 1899 3404 
1250 367 368 2394 
1251 3051 1920 3116 
1252 1157 614 2629 
1253 2085 1373 2223 
1254 1669 2501 3087 
1255 1667 3173 3325 
1256 2408 2116 3023 
1257 2085 2275 2837 
1258 1740 2471 2472 
1259 2417 1684 3111 
1260 1206 355 3214 
1261 3020 2220 3041 
1262 3212 2389 3219 
1263 2937 3019 3324 
1264 2220 2219 3041 
1265 3318 2357 3351 
1266 2604 2192 3144 
1267 3153 1198 3249 
1268 2117 1736 2526 
1269 2470 1306 2471 
1270 3067 425 3236 
1271 1737 2164 2526 
1272 2480 1106 3120 
1273 3047 2512 3437 
1274 993 24 994 
1275 2200 1169 2972 
1276 2998 1666 3072 
1277 2197 3168 3256 
1278 1931 2019 2445 
1279 2342 1416 3122 
1280 1344 2702 2950 
1281 2202 2201 3124 
1282 2888 1726 3191 
1283 2237 3104 3262 
1284 2257 1436 3350 
1285 1684 2417 2899 
1286 2468 1306 2470 
1287 2116 2408 3084 
1288 49 2892 3245 
1289 1147 1175 2921 
1290 3104 2237 3350 
1291 2196 2197 3256 
1292 3173 2556 3325 
1293 1167 608 2623 
1294 1550 2295 3003 
1295 2984 2018 3135 
1296 2262 1028 2960 
1297 2476 1045 2991 
1298 2482 2998 3072 
1299 1092 2211 3194 
1300 2417 2074 2899 
1301 2501 1669 3413 
1302 987 3412 3452 
1303 2192 2604 3383 
1304 3100 2331 3188 
1305 2390 2389 3212 
1306 2383 1426 2836 
1307 536 1199 2609 
1308 2607 535 2609 
1309 1529 1442 2256 
1310 1860 2722 3225 
1311 2250 5 3369 
1312 1100 2567 3299 
1313 1528 1438 3048 
1314 1169 2200 3151 
1315 2722 1860 3240 
1316 2623 609 3012 
1317 2409 2407 3054 
1318 1108 2206 3399 
1319 2242 1525 2450 
1320 2295 2053 3003 
1321 608 609 2623 
1322 2722 3240 3258 
1323 1768 27 2919 
1324 2254 1896 3365 
1325 2435 2965 3162 
1326 2476 2991 3349 
1327 2455 1171 3147 
1328 2698 1984 3242 
1329 2723 2722 3258 
1330 2214 1815 2215 
1331 1351 2337 2818 
1332 2818 2337 3282 
1333 3178 3042 3226 
1334 2937 1771 3019 
1335 2500 2230 3337 
1336 2117 2526 3387 
1337 2274 1206 3214 
1338 1479 1779 2477 
1339 1161 2518 2526 
1340 2622 1167 2623 
1341 1252 2247 3383 
1342 2331 2332 3188 
1343 613 1157 2982 
1344 2252 2761 3009 
1345 1436 2257 3193 
1346 1503 1308 2854 
1347 1825 2383 2836 
1348 2413 2380 2415 
1349 1157 2627 2982 
1350 2007 2742 2743 
1351 2346 2348 3429 
1352 1986 3202 3327 
1353 1391 2487 2491 
1354 3280 3070 3281 
1355 2513 2023 3326 
1356 2349 1114 3115 
1357 2531 2532 3055 
1358 2274 3051 3116 
1359 3331 2217 3366 
1360 1126 2827 3217 
1361 1313 2218 3404 
1362 1148 1116 2863 
1363 2593 1798 2594 
1364 1088 2298 2364 
1365 6 7 978 
1366 1109 2537 3160 
1367 2608 1944 3273 
1368 5 2250 3113 
1369 1772 2252 3009 
1370 1639 2312 2360 
1371 2320 2037 3097 
1372 2615 2142 3159 
1373 2233 1311 3025 
1374 1120 2279 2593 
1375 1006 353 3392 
1376 2359 2449 3134 
1377 2364 2309 3372 
1378 2308 1076 3263 
1379 2174 2021 2862 
1380 2217 2328 3366 
1381 28 1359 2919 
1382 1990 2084 3371 
1383 2277 331 3238 
1384 2229 3234 3333 
1385 2968 1990 3371 
1386 1944 2608 3229 
1387 2223 1441 2477 
1388 331 2277 3274 
1389 2546 1104 3073 
1390 2283 2161 2284 
1391 1344 2950 3408 
1392 1543 1176 2863 
1393 2338 2307 3364 
1394 2218 1313 3378 
1395 2368 1337 3336 
1396 552 2161 2283 
1397 549 2262 3266 
1398 1345 2703 3059 
1399 2621 1167 2622 
1400 1442 1435 2256 
1401 2219 1011 3041 
1402 3202 2720 3327 
1403 2474 3272 3276 
1404 2409 1893 2952 
1405 1329 2259 2287 
1406 1031 2384 2959 
1407 2212 2146 2268 
1408 2994 1611 2995 
1409 3042 980 3226 
1410 1892 2628 2629 
1411 1310 1530 2854 
1412 2263 1005 2692 
1413 2423 1528 3048 
1414 2247 1252 2754 
1415 2084 1931 2445 
1416 2307 2338 3135 
1417 1869 2489 3131 
1418 1342 2696 3233 
1419 1076 2308 3269 
1420 2270 1543 2863 
1421 2241 3188 3246 
1422 1172 605 2620 
1423 504 1158 2353 
1424 1175 2462 2921 
1425 1825 2382 2383 
1426 606 607 3034 
1427 1032 367 2394 
1428 2022 2363 3353 
1429 2248 541 3016 
1430 1543 2270 2862 
1431 2356 2365 2366 
1432 2296 1088 2401 
1433 40 2315 2807 
1434 2570 2140 3007 
1435 2208 3067 3236 
1436 2222 1105 3406 
1437 2092 2391 2934 
1438 1010 2266 2701 
1439 368 1329 2394 
1440 1888 2221 3265 
1441 1794 1554 2326 
1442 3272 1943 3276 
1443 1554 1748 2326 
1444 1751 2726 3279 
1445 2238 1343 3114 
1446 389 3062 3124 
1447 2993 3181 3190 
1448 2283 2284 2285 
1449 2154 2347 2392 
1450 2268 2146 2288 
1451 378 3215 3356 
1452 984 983 985 
1453 1105 2222 3176 
1454 2074 1615 3090 
1455 2726 1751 3307 
1456 2598 2696 3205 
1457 2142 2615 3390 
1458 47 48 1016 
1459 2191 2853 3211 
1460 2537 422 3107 
1461 2058 2498 2937 
1462 2611 1942 3187 
1463 2099 2258 3447 
1464 2339 40 2807 
1465 2970 3148 3250 
1466 2230 1146 3057 
1467 2398 1048 3339 
1468 2281 2024 3211 
1469 2761 2252 3254 
1470 2311 2018 3075 
1471 1011 2219 3089 
1472 2062 2231 3198 
1473 2141 2150 3109 
1474 1556 1718 1896 
1475 2868 2165 3440 
1476 2566 1100 3000 
1477 2619 1172 2620 
1478 1556 1896 2256 
1479 2571 2068 2578 
1480 1451 3137 3141 
1481 2827 1126 3289 
1482 1080 1083 2401 
1483 2216 2571 2578 
1484 2259 1329 2528 
1485 2267 1030 2402 
1486 32 2362 3394 
1487 2278 1794 2326 
1488 1 2 2073 
1489 1489 2292 3232 
1490 2273 1206 2274 
1491 2704 1340 2903 
1492 3412 2162 3452 
1493 2556 3103 3325 
1494 2753 2149 3210 
1495 1439 1544 3111 
1496 2849 1169 3151 
1497 1823 2388 3200 
1498 1343 2246 3117 
1499 978 7 2879 
1500 1473 494 2339 
1501 494 40 2339 
1502 1115 1147 2921 
1503 1048 2398 3403 
1504 2433 2434 2435 
1505 2487 2488 2491 
1506 2436 977 3365 
1507 1644 1834 2385 
1508 1815 2214 3440 
1509 2382 1825 2385 
1510 2426 1683 3416 
1511 2231 2062 3393 
1512 503 504 2353 
1513 1373 1433 2223 
1514 2258 1359 3447 
1515 2528 1031 2959 
1516 1984 2697 3169 
1517 1469 1457 2338 
1518 2384 1031 2954 
1519 1367 2215 3323 
1520 978 2427 3130 
1521 2386 2369 3044 
1522 1377 1375 2448 
1523 2210 1768 2233 
1524 3 4 1489 
1525 2477 2478 3362 
1526 2267 2115 2812 
1527 2290 1473 2339 
1528 2356 2366 3351 
1529 1674 2634 3201 
1530 1433 1434 1435 
1531 1016 48 3245 
1532 2275 2477 3362 
1533 2604 1252 3383 
1534 2424 2450 2839 
1535 2243 1190 3275 
1536 1175 1293 2462 
1537 1888 1935 3175 
1538 2541 1166 3155 
1539 2270 2174 2862 
1540 552 553 2161 
1541 610 1162 3012 
1542 2098 2099 3367 
1543 2317 2162 3412 
1544 2347 1708 2392 
1545 2747 1919 2777 
1546 1293 1429 2462 
1547 2634 1674 3386 
1548 1079 1077 2434 
1549 2488 2490 2491 
1550 2054 2747 2777 
1551 1375 1555 2448 
1552 1743 1551 2288 
1553 2245 428 3176 
1554 2356 2354 2365 
1555 2450 1525 2839 
1556 1825 1644 2385 
1557 2254 977 3203 
1558 1077 1418 2434 
1559 2359 2448 2449 
1560 2235 2236 2237 
1561 2741 2740 2932 
1562 1480 1529 2268 
1563 2094 1987 3375 
1564 1551 1515 2288 
1565 1473 2290 2313 
1566 1190 2243 3277 
1567 3059 2703 3441 
1568 985 983 2393 
1569 1338 2483 3096 
1570 2608 1886 3229 
1571 2935 1016 2936 
1572 1339 2699 3088 
1573 1327 2766 3253 
1574 1162 2624 3012 
1575 2270 2863 3143 
1576 3137 2119 3141 
1577 1892 2629 2823 
1578 2381 3280 3281 
1579 1006 2255 3126 
1580 3188 2936 3246 
1581 1477 1467 2360 
1582 2347 2154 3213 
1583 2388 1823 3216 
1584 2066 2439 2885 
1585 2802 2591 3261 
1586 3018 1770 3050 
1587 3269 2308 3270 
1588 2498 2068 3268 
1589 1076 2309 3263 
1590 1544 2251 3111 
1591 1280 1163 2432 
1592 1088 1080 2401 
1593 2204 1746 2334 
1594 1435 1556 2256 
1595 1359 2244 2919 
1596 2766 1327 3304 
1597 1482 2268 2288 
1598 2345 2346 2349 
1599 2370 2369 2386 
1600 1860 2720 3202 
1601 1457 1455 2338 
1602 3259 1122 3354 
1603 2319 1542 2327 
1604 2293 2020 2772 
1605 1798 2593 3303 
1606 2249 1489 3113 
1607 1482 1480 2268 
1608 989 985 990 
1609 2210 2233 3025 
1610 2021 2020 2862 
1611 991 2319 2320 
1612 2310 1466 3359 
1613 2570 3007 3296 
1614 1515 1482 2288 
1615 1315 1438 1528 
1616 1028 2285 2960 
1617 2308 2821 3270 
1618 1433 1435 1441 
1619 1083 1371 2401 
1620 54 55 979 
1621 1466 2310 3425 
1622 2899 2074 3090 
1623 23 355 1206 
1624 2007 2743 3189 
1625 2337 2118 3282 
1626 2445 2019 3182 
1627 2366 1900 3351 
1628 45 46 1566 
1629 605 606 2620 
1630 1156 374 2369 
1631 1103 554 2952 
1632 2233 2234 2235 
1633 1031 371 2954 
1634 2144 1743 2145 
1635 1502 2984 3135 
1636 2354 1143 2365 
1637 1370 2085 2395 
1638 1584 1708 2345 
1639 2744 2606 3273 
1640 2720 1860 3225 
1641 1435 1434 1556 
1642 1741 1551 1743 
1643 2427 2879 3451 
1644 1456 1457 1458 
1645 1893 2409 3054 
1646 633 634 2325 
1647 1456 1455 1457 
1648 2620 606 3034 
1649 2345 1708 2346 
1650 1236 2605 3065 
1651 991 635 2319 
1652 26 1768 2210 
1653 633 2325 2387 
1654 1893 1103 2952 
1655 1339 3088 3442 
1656 2066 1895 2439 
1657 1934 2341 2451 
1658 2460 2157 2913 
1659 47 1016 2935 
1660 1473 2313 2599 
1661 1441 1435 1442 
1662 428 2245 3410 
1663 26 27 1768 
1664 2341 1961 2451 
1665 21 22 980 
1666 2259 2528 2959 
1667 2257 1717 3193 
1668 2704 2903 3358 
1669 1741 1743 2144 
1670 2241 2067 2361 
1671 2185 2188 2189 
1672 2183 2177 2397 
1673 2321 2320 3097 
1674 2235 2234 2236 
1675 2236 2244 2257 
1676 2320 2319 2327 
1677 2457 1775 2458 
1678 1156 2369 2370 
1679 1708 1586 2392 
1680 2888 1475 3186 
1681 2754 1997 2789 
1682 2282 440 3283 
1683 2249 2184 2292 
1684 1454 1455 1456 
1685 1057 1056 1058 
1686 440 2282 3284 
1687 1313 1314 1315 
1688 2934 2391 3401 
1689 2240 2067 2241 
1690 2375 2373 2378 
1691 2431 1079 2434 
1692 3248 981 3356 
1693 2298 2299 2300 
1694 1028 2283 2285 
1695 2849 3151 3324 
1696 2146 1743 2288 
1697 2486 1210 2803 
1698 636 637 1542 
1699 50 51 1230 
1700 1055 1053 1056 
1701 56 554 1103 
1702 2485 2486 2803 
1703 1329 2287 2394 
1704 1455 1502 2338 
1705 1172 2930 2977 
1706 2606 2744 3306 
1707 2257 2244 2258 
1708 1009 2351 2368 
1709 2460 1368 2898 
1710 1454 1453 1455 
1711 2375 2378 2379 
1712 1131 2217 3331 
1713 3062 2202 3124 
1714 1059 1058 1060 
1715 2396 992 2985 
1716 2179 2183 2340 
1717 2067 2066 2361 
1718 1582 1584 2345 
1719 1483 2442 2688 
1720 2407 2406 3218 
1721 2020 2293 2862 
1722 2632 1155 3420 
1723 2298 2297 2299 
1724 3197 2407 3218 
1725 1796 1509 2961 
1726 1480 1442 1529 
1727 2177 2175 2397 
1728 2265 434 3237 
1729 2838 2190 3434 
1730 1155 2632 3445 
1731 2895 2486 2898 
1732 1312 1188 1313 
1733 1478 2335 2440 
1734 1789 2053 2295 
1735 1447 1388 2359 
1736 2434 1418 2435 
1737 2185 2187 2188 
1738 1775 2457 2459 
1739 2231 2022 3353 
1740 1028 551 2283 
1741 2400 3259 3354 
1742 2035 2097 2242 
1743 2296 2295 2297 
1744 1057 1058 1059 
1745 2351 1009 2367 
1746 374 375 2369 
1747 2707 1953 3260 
1748 636 1542 2319 
1749 2035 2242 2450 
1750 1280 2432 2868 
1751 551 552 2283 
1752 2300 2301 2302 
1753 2333 1463 2410 
1754 369 370 2528 
1755 1055 1056 1057 
1756 1145 1312 2365 
1757 2764 2559 3431 
1758 2162 2317 2318 
1759 1452 1451 1453 
1760 2039 1895 2066 
1761 1455 1453 1502 
1762 3019 2849 3324 
1763 1371 1423 1789 
1764 2365 1312 2366 
1765 1380 1377 2448 
1766 992 270 2985 
1767 2156 2255 3196 
1768 1896 2098 3365 
1769 1458 1459 1460 
1770 2930 2583 2977 
1771 2296 2297 2298 
1772 2275 2223 2477 
1773 1926 2429 2947 
1774 1460 1461 1462 
1775 3148 2333 3250 
1776 2438 2409 2952 
1777 2145 2146 2147 
1778 2242 2097 2389 
1779 2176 2175 2177 
1780 2157 2156 3180 
1781 1961 1494 2451 
1782 1170 2570 3296 
1783 2300 2299 2301 
1784 2335 1478 2599 
1785 1370 1373 2085 
1786 28 29 1359 
1787 2346 1708 2347 
1788 2242 2389 2390 
1789 1599 2422 2834 
1790 8 9 1682 
1791 1555 1096 2352 
1792 359 986 2430 
1793 2147 2212 2213 
1794 1465 1467 1477 
1795 2183 2397 2398 
1796 1315 1437 1438 
1797 2448 1555 2449 
1798 1388 1380 2359 
1799 2995 1611 3317 
1800 2419 2485 2803 
1801 2185 2181 2187 
1802 2217 1131 3355 
1803 1475 2888 3191 
1804 1059 1060 1061 
1805 1460 1462 1463 
1806 1450 1448 1451 
1807 1172 2619 2930 
1808 1472 1639 2360 
1809 2176 2177 2178 
1810 1429 2461 2462 
1811 1478 2440 2841 
1812 1368 2895 2898 
1813 2442 2443 2688 
1814 2415 2380 3426 
1815 2422 2421 2967 
1816 2395 2085 2837 
1817 2070 2318 3227 
1818 1458 1457 1459 
1819 2178 2177 2179 
1820 2419 2042 2485 
1821 2173 2175 2176 
1822 2432 2431 2433 
1823 1896 1718 2098 
1824 1789 2295 2296 
1825 2772 1353 2906 
1826 637 638 2229 
1827 3001 1967 3282 
1828 23 1206 1769 
1829 1373 1432 1433 
1830 1063 1061 1064 
1831 2591 2590 3261 
1832 1463 1462 2410 
1833 2313 2335 2599 
1834 373 374 1156 
1835 2251 1544 3129 
1836 1140 1143 2354 
1837 1794 2278 3005 
1838 1001 990 1002 
1839 2203 1924 2399 
1840 2215 3208 3323 
1841 1467 1472 2360 
1842 1446 1388 1447 
1843 1433 1432 1434 
1844 1789 1423 2053 
1845 1099 1082 2431 
1846 434 2265 3347 
1847 1465 1477 2410 
1848 1290 2083 2453 
1849 1741 2144 2334 
1850 1801 2420 2421 
1851 1041 1052 1053 
1852 1368 2460 2913 
1853 1792 1793 2082 
1854 1044 632 2387 
1855 2346 2347 2348 
1856 1950 1500 2416 
1857 2044 2694 3446 
1858 2412 1334 2463 
1859 2239 1230 3185 
1860 1735 2042 2752 
1861 1452 1453 1454 
1862 2440 2442 2841 
1863 2017 1746 2204 
1864 1382 2825 2983 
1865 2426 2182 2427 
1866 8 1682 2879 
1867 1278 1163 1280 
1868 2416 2074 2417 
1869 2042 2419 2752 
1870 2172 2021 2173 
1871 1594 2917 3043 
1872 2355 2356 2357 
1873 2374 2373 2375 
1874 2405 2409 2438 
1875 1856 1582 2345 
1876 3180 2156 3196 
1877 1253 2354 2355 
1878 2384 2385 2959 
1879 2035 2036 2097 
1880 2432 2433 2868 
1881 1024 2405 2438 
1882 2373 2370 2386 
1883 1441 1442 1479 
1884 2443 2686 2688 
1885 1124 1140 1253 
1886 2372 2370 2373 
1887 1972 1968 3071 
1888 2355 2354 2356 
1889 1168 2389 3206 
1890 1584 1585 1586 
1891 1063 1064 1065 
1892 1479 1442 1480 
1893 2411 1956 2835 
1894 2039 2066 2067 
1895 2917 2832 3043 
1896 492 493 2599 
1897 1460 1463 2329 
1898 1580 1856 2461 
1899 1774 2148 2990 
1900 1856 2350 2461 
1901 2184 2181 2185 
1902 1582 1583 1584 
1903 2746 2368 2874 
1904 2173 2174 2175 
1905 1253 1140 2354 
1906 1143 1145 2365 
1907 1796 2838 2968 
1908 2247 2754 2789 
1909 1041 1026 1052 
1910 2205 2411 2835 
1911 2145 1743 2146 
1912 2293 2772 2906 
1913 2197 1997 2754 
1914 1950 2416 2417 
1915 1044 2387 2388 
1916 2300 2302 2309 
1917 1584 1586 1708 
1918 3003 2053 3037 
1919 632 633 2387 
1920 2264 1102 3389 
1921 1391 2491 3271 
1922 52 53 1611 
1923 558 1320 2403 
1924 1065 1064 1066 
1925 20 21 3108 
1926 1599 1613 2422 
1927 378 379 2363 
1928 1595 1919 2747 
1929 1987 2326 3375 
1930 1334 2459 2463 
1931 1588 1598 1792 
1932 1052 2260 3228 
1933 1856 2345 2349 
1934 2424 2033 2450 
1935 2266 1010 3310 
1936 1916 2020 2021 
1937 2368 2351 2874 
1938 1470 1461 2782 
1939 2433 2431 2434 
1940 1298 2428 2429 
1941 1580 1582 1856 
1942 56 1103 1773 
1943 1915 1638 1916 
1944 2359 1380 2448 
1945 2617 2938 2980 
1946 1686 1688 3011 
1947 634 991 2325 
1948 2399 2087 2400 
1949 1450 1451 1452 
1950 1683 1682 3423 
1951 1446 1447 1448 
1952 1801 1802 2420 
1953 1082 1079 2431 
1954 2304 2306 2308 
1955 1500 1366 2416 
1956 1919 2776 2777 
1957 2630 1892 2823 
1958 1145 1188 1312 
1959 2213 2253 2254 
1960 2261 1037 3266 
1961 589 590 2459 
1962 1580 1581 1582 
1963 1586 1587 1588 
1964 2299 2297 2310 
1965 1916 2021 2172 
1966 607 1167 3034 
1967 370 1031 2528 
1968 2451 1494 2858 
1969 2552 2788 3431 
1970 1494 1183 2858 
1971 2279 1120 3224 
1972 1329 369 2528 
1973 2300 2309 2364 
1974 2082 1793 2271 
1975 1190 2248 3275 
1976 2361 1468 3428 
1977 1792 1598 1793 
1978 986 2444 2445 
1979 1774 1893 2148 
1980 2236 2257 3350 
1981 3208 2086 3323 
1982 1280 2868 3440 
1983 2694 2044 3205 
1984 590 1775 2459 
1985 1460 1459 1461 
1986 2405 2406 2407 
1987 1792 2154 2392 
1988 2309 1076 3372 
1989 1801 2421 2422 
1990 1054 1053 1055 
1991 2481 1817 2519 
1992 2436 2098 3367 
1993 2024 2023 2025 
1994 2750 2567 2902 
1995 2380 2379 2381 
1996 2633 2632 3400 
1997 2442 1483 2841 
1998 1334 2412 2502 
1999 9 270 992 
2000 2495 2201 3167 
2001 1053 1052 2324 
2002 1792 2082 2154 
2003 1613 1801 2422 
2004 1927 2087 2399 
2005 1586 1588 2392 
2006 1450 1452 2439 
2007 2378 2373 2386 
2008 1062 1061 1063 
2009 2385 1834 2959 
2010 986 360 2444 
2011 1127 1284 2424 
2012 2760 1887 3165 
2013 2838 1796 2961 
2014 1156 2371 2861 
2015 1924 1927 2399 
2016 1740 2472 3002 
2017 1298 357 2428 
2018 2749 2938 2943 
2019 1093 37 2023 
2020 356 357 1298 
2021 1922 2203 2420 
2022 1284 2033 2424 
2023 1313 1188 1314 
2024 1283 2446 2603 
2025 1802 1922 2420 
2026 1334 589 2459 
2027 2181 2179 2340 
2028 1916 1638 2020 
2029 3400 2632 3420 
2030 1985 2749 2943 
2031 2033 2034 2035 
2032 1124 1125 1140 
2033 1922 1924 2203 
2034 1584 1583 1585 
2035 586 1283 2603 
2036 2175 2269 2397 
2037 1099 2431 2432 
2038 556 557 1024 
2039 1024 2403 2404 
2040 1024 557 2403 
2041 2020 1638 2772 
2042 1431 1579 1580 
2043 1462 1461 1464 
2044 1072 1089 2999 
2045 2173 2021 2174 
2046 1459 1457 1469 
2047 2147 2146 2212 
2048 1458 1460 2329 
2049 1121 1127 2424 
2050 2921 2350 3115 
2051 1588 1792 2392 
2052 2913 2157 3082 
2053 2493 2494 2495 
2054 375 376 3044 
2055 2405 2404 2406 
2056 1065 1066 1067 
2057 2179 2177 2183 
2058 2459 2457 2463 
2059 2428 358 2430 
2060 1526 1601 2893 
2061 1517 1515 1551 
2062 1462 1464 1465 
2063 2557 1037 2558 
2064 2302 2301 2303 
2065 37 1090 1124 
2066 2033 2035 2450 
2067 1433 1441 2223 
2068 2175 2174 2269 
2069 1140 1141 1143 
2070 387 1117 2494 
2071 1916 2172 2941 
2072 1478 492 2599 
2073 493 1473 2599 
2074 547 1037 2557 
2075 1024 2404 2405 
2076 2475 1045 2476 
2077 1601 1735 2752 
2078 991 2320 2321 
2079 1014 1002 1015 
2080 1278 1280 2214 
2081 1582 1581 1583 
2082 1210 2486 2895 
2083 1586 1585 1587 
2084 386 387 2494 
2085 2505 2504 2804 
2086 358 359 2430 
2087 1071 1073 1076 
2088 2446 1283 2575 
2089 2555 2557 2558 
2090 1283 2502 2575 
2091 2180 2179 2181 
2092 1212 2505 2804 
2093 2267 2812 3342 
2094 15 16 1750 
2095 1429 1431 2461 
2096 1371 1789 2401 
2097 3001 3282 3338 
2098 2292 2189 3232 
2099 1371 1422 1423 
2100 1143 1144 1145 
2101 997 2695 2974 
2102 2172 2173 2425 
2103 1637 1638 1915 
2104 1472 1511 1639 
2105 1093 2023 2024 
2106 2477 1779 2478 
2107 19 20 1701 
2108 1927 1932 2087 
2109 2302 2303 2304 
2110 1284 2032 2033 
2111 635 636 2319 
2112 2371 2377 2861 
2113 2461 2350 2462 
2114 561 1045 2475 
2115 584 585 2894 
2116 1438 1636 3048 
2117 2372 2373 2374 
2118 556 1024 2438 
2119 2298 2300 2364 
2120 17 18 1107 
2121 1814 1950 2251 
2122 2454 1881 2456 
2123 2502 2412 2575 
2124 1017 1013 1018 
2125 1167 2621 3034 
2126 1552 1551 1741 
2127 1770 523 2464 
2128 2180 2186 2916 
2129 2469 1704 2473 
2130 1365 1366 1500 
2131 1814 1500 1950 
2132 1487 2993 3190 
2133 2519 1817 2779 
2134 1060 1370 2395 
2135 2049 2157 2460 
2136 2465 1788 2466 
2137 2507 2511 2512 
2138 1384 1518 2825 
2139 2466 1788 2467 
2140 634 635 991 
2141 304 1788 2465 
2142 1086 1082 1099 
2143 359 360 986 
2144 1880 1881 2454 
2145 1367 1302 2942 
2146 1580 1579 1581 
2147 1813 1500 1814 
2148 1588 1589 1598 
2149 1366 1498 2416 
2150 1056 1053 2324 
2151 2494 1117 2495 
2152 1498 2074 2416 
2153 1431 1580 2461 
2154 585 586 2603 
2155 2178 2179 2180 
2156 1817 2484 2779 
2157 1566 46 2935 
2158 2095 1889 2901 
2159 1030 2267 3342 
2160 1305 1424 2484 
2161 2492 386 2494 
2162 1889 1867 2889 
2163 1498 1615 2074 
2164 2207 2535 2536 
2165 2487 1113 2488 
2166 361 1324 2444 
2167 1067 1066 1068 
2168 3084 1320 3276 
2169 2531 1410 2532 
2170 371 372 2954 
2171 2293 1543 2862 
2172 2178 2180 2916 
2173 57 1183 1494 
2174 1987 1003 2278 
2175 12 13 1003 
2176 2757 2072 3058 
2177 2433 2435 3235 
2178 1642 2535 2579 
2179 514 1771 2497 
2180 1005 2263 3285 
2181 1952 2454 2455 
2182 558 559 1320 
2183 379 1049 2363 
2184 1810 2514 2560 
2185 2405 2407 2409 
2186 2030 474 2506 
2187 990 985 1181 
2188 385 386 2492 
2189 2466 2467 2468 
2190 2049 2156 2157 
2191 2043 2046 2485 
2192 1124 1090 1125 
2193 2640 1816 2798 
2194 1365 1500 1813 
2195 2016 2341 2342 
2196 320 1410 2531 
2197 1320 559 2474 
2198 2429 2428 2947 
2199 2900 2946 3005 
2200 2485 2046 2486 
2201 1879 2412 2463 
2202 2016 1961 2341 
2203 588 1334 2502 
2204 2559 2764 3255 
2205 1197 2658 2878 
2206 1462 1465 2410 
2207 2402 1985 2943 
2208 357 358 2428 
2209 1123 3159 3327 
2210 2535 2207 2579 
2211 1459 1469 2782 
2212 1187 1290 2453 
2213 1622 1820 2581 
2214 2173 2176 2425 
2215 1960 1494 1961 
2216 546 547 2557 
2217 1637 1476 1638 
2218 590 591 1775 
2219 1601 2752 2893 
2220 1269 2496 2587 
2221 2884 2064 2890 
2222 2798 1816 2810 
2223 2030 2506 2512 
2224 271 272 1338 
2225 1277 1363 1365 
2226 1816 2640 2780 
2227 2496 2137 2587 
2228 1438 1634 1636 
2229 2087 1932 2217 
2230 57 1182 1183 
2231 1356 2596 2786 
2232 587 588 2502 
2233 441 37 1093 
2234 2596 2496 2786 
2235 2024 2025 2191 
2236 1502 1453 3141 
2237 1137 1160 2857 
2238 2047 2049 2460 
2239 1421 1305 2484 
2240 2375 2380 2413 
2241 1183 1276 1277 
2242 2861 2377 2954 
2243 2642 2810 2819 
2244 3065 2605 3306 
2245 2643 2642 2819 
2246 557 558 2403 
2247 2321 3097 3158 
2248 1952 1880 2454 
2249 1657 467 2516 
2250 2232 2094 3375 
2251 1878 1879 1880 
2252 273 999 2483 
2253 1464 1461 1470 
2254 384 1113 2487 
2255 1880 1879 1881 
2256 2642 2798 2810 
2257 2643 1818 2826 
2258 2480 2051 2581 
2259 522 523 1770 
2260 360 361 2444 
2261 2538 1827 2546 
2262 2504 1355 2804 
2263 1720 1817 2481 
2264 2456 2457 2458 
2265 382 383 1391 
2266 2285 2284 3078 
2267 2377 2384 2954 
2268 304 305 1788 
2269 1705 1706 2540 
2270 2149 1705 2540 
2271 2506 2507 2512 
2272 1490 1355 2504 
2273 2005 2006 2057 
2274 1145 1187 1188 
2275 1686 1687 1688 
2276 2176 2182 2425 
2277 524 1297 2464 
2278 2406 2404 2408 
2279 473 474 2030 
2280 1338 272 2483 
2281 555 556 2438 
2282 2043 2045 2046 
2283 1440 1685 1686 
2284 1330 2503 2801 
2285 2037 3046 3097 
2286 377 378 3356 
2287 2593 2279 3303 
2288 2826 1818 2829 
2289 1061 1060 2395 
2290 2308 2306 2821 
2291 1161 412 2518 
2292 361 362 1324 
2293 2042 2043 2485 
2294 3181 2358 3190 
2295 1366 1497 1498 
2296 1936 1720 2481 
2297 1936 2481 2482 
2298 1233 2539 2737 
2299 2474 560 2475 
2300 2669 2563 2670 
2301 585 2603 2894 
2302 545 546 2554 
2303 1166 303 2465 
2304 2352 3008 3026 
2305 2176 2178 2182 
2306 599 600 1499 
2307 1391 383 2487 
2308 466 467 1657 
2309 2184 2185 2292 
2310 1909 1880 1952 
2311 302 1166 2541 
2312 2046 2045 2047 
2313 1836 2566 2843 
2314 1291 1189 2585 
2315 514 515 1771 
2316 2646 2829 2840 
2317 1186 2661 2875 
2318 2539 2527 2737 
2319 1375 1096 1555 
2320 319 320 2531 
2321 2647 2646 2840 
2322 411 1161 2525 
2323 1818 2643 2819 
2324 560 561 2475 
2325 373 1156 2861 
2326 2553 2555 2556 
2327 2521 1275 2522 
2328 1365 1363 1366 
2329 1283 587 2502 
2330 2551 2552 2559 
2331 1795 1509 1796 
2332 1118 391 2595 
2333 1783 2118 2337 
2334 40 495 2499 
2335 2374 2375 2413 
2336 2788 2552 3173 
2337 301 2541 2542 
2338 2514 1810 2561 
2339 2647 1824 2850 
2340 1820 2480 2581 
2341 1642 2533 2535 
2342 1620 1622 2581 
2343 601 1178 2515 
2344 1323 1291 2585 
2345 1414 465 2517 
2346 2003 2004 2005 
2347 2208 2206 3067 
2348 444 1296 2544 
2349 2552 1119 2553 
2350 2137 2564 2587 
2351 1274 1275 2521 
2352 1720 1610 1817 
2353 1791 1723 1821 
2354 1642 1643 2533 
2355 1827 2538 2597 
2356 1002 990 2437 
2357 1571 1827 2597 
2358 2524 1803 2758 
2359 1962 1961 2016 
2360 1183 1277 2858 
2361 2005 2004 2006 
2362 1443 1859 2778 
2363 2042 2041 2043 
2364 999 2706 2707 
2365 2656 2655 2873 
2366 2097 2036 2195 
2367 1154 2289 3152 
2368 2252 1959 3254 
2369 2213 2212 2253 
2370 2521 2522 2771 
2371 1791 1821 2071 
2372 1025 1018 1026 
2373 1350 513 2497 
2374 2507 2509 2511 
2375 363 1019 2520 
2376 1328 2551 2559 
2377 1499 600 2515 
2378 1878 1880 1909 
2379 2543 443 2544 
2380 2646 2826 2829 
2381 466 1657 2517 
2382 1821 2504 2505 
2383 1324 362 2520 
2384 2562 1496 2670 
2385 2563 2562 2670 
2386 2553 2554 2555 
2387 523 524 2464 
2388 2057 2006 2058 
2389 2527 1347 2737 
2390 1350 2497 2498 
2391 1626 1627 2027 
2392 2850 1824 2855 
2393 2484 1424 2779 
2394 467 468 2516 
2395 1424 1425 1626 
2396 1347 2527 2602 
2397 2602 2103 2738 
2398 1183 1182 1276 
2399 1305 1326 1424 
2400 320 321 1410 
2401 588 589 1334 
2402 1290 1321 2083 
2403 1625 1642 2579 
2404 2375 2379 2380 
2405 1723 1490 2504 
2406 303 304 2465 
2407 2488 1113 2489 
2408 2353 1158 3163 
2409 1610 1421 2484 
2410 2652 2651 2864 
2411 2469 2468 2470 
2412 524 525 1297 
2413 1617 1620 2580 
2414 1706 1783 2540 
2415 1911 1720 1936 
2416 413 1495 2518 
2417 442 443 2543 
2418 1735 2041 2042 
2419 2028 2027 2219 
2420 1802 1921 1922 
2421 1305 1282 1326 
2422 413 414 1495 
2423 1476 1353 2772 
2424 1121 2424 2839 
2425 1468 1456 2951 
2426 1833 1832 2573 
2427 1832 2081 2573 
2428 1384 1386 1518 
2429 2031 2929 2964 
2430 1691 1705 1963 
2431 2496 1269 2786 
2432 1719 1610 1720 
2433 1629 1631 1740 
2434 1588 1587 1589 
2435 1540 1836 2793 
2436 2551 1119 2552 
2437 12 1003 1987 
2438 1347 2602 2738 
2439 2554 546 2557 
2440 1067 1068 1069 
2441 2650 2855 2859 
2442 475 1501 2506 
2443 474 475 2506 
2444 1558 1560 2758 
2445 1605 1885 2561 
2446 302 303 1166 
2447 2059 2057 2200 
2448 559 560 2474 
2449 1277 1362 1363 
2450 1813 1814 1934 
2451 2651 2650 2859 
2452 2004 2001 2578 
2453 2506 1501 2507 
2454 1265 2564 2756 
2455 1772 410 2525 
2456 2633 1151 2634 
2457 1007 2693 2694 
2458 2503 2110 2801 
2459 1424 1326 1425 
2460 57 1494 1960 
2461 2049 2155 2156 
2462 1304 1282 1305 
2463 513 514 2497 
2464 1878 1877 1879 
2465 2648 2647 2850 
2466 1113 385 2492 
2467 1643 1691 2533 
2468 1626 1425 1627 
2469 1963 1705 2149 
2470 409 410 1772 
2471 2651 1826 2864 
2472 1327 298 2548 
2473 2003 2001 2004 
2474 1265 1264 1266 
2475 1821 1723 2504 
2476 1328 543 2551 
2477 1783 2337 2540 
2478 1803 1558 2758 
2479 2047 2048 2049 
2480 1266 1267 1268 
2481 2592 1120 2593 
2482 443 444 2544 
2483 1382 1384 2825 
2484 2028 2219 2220 
2485 391 392 2595 
2486 1766 2141 2574 
2487 2486 2046 2898 
2488 2533 1963 2534 
2489 2505 2884 2890 
2490 322 323 1092 
2491 1023 300 2542 
2492 1889 2889 2901 
2493 1568 1571 2597 
2494 1443 1646 1859 
2495 1526 1600 1601 
2496 1626 2027 2028 
2497 1789 2296 2401 
2498 2580 1620 2581 
2499 1876 1877 1878 
2500 2548 1023 2549 
2501 2499 2500 2501 
2502 1609 1421 1610 
2503 301 302 2541 
2504 1138 400 2589 
2505 2503 1330 2811 
2506 1885 2514 2561 
2507 1824 2647 2840 
2508 1508 1644 1825 
2509 1126 397 2591 
2510 1270 1271 1272 
2511 1691 1963 2533 
2512 2644 2643 2826 
2513 1992 1991 2569 
2514 1281 1274 1282 
2515 1573 1810 2545 
2516 1332 1526 2577 
2517 2068 2004 2578 
2518 1888 1867 1889 
2519 533 1208 2606 
2520 1273 1272 1274 
2521 1269 1268 1270 
2522 1160 1286 2857 
2523 1530 1531 2853 
2524 1498 1614 1615 
2525 1365 1813 2858 
2526 1576 1605 2561 
2527 1220 1222 2577 
2528 512 513 1350 
2529 379 380 1049 
2530 527 1252 2604 
2531 1960 1961 1962 
2532 2536 2534 2537 
2533 393 1120 2592 
2534 402 1139 2588 
2535 399 1138 2590 
2536 1767 1766 2574 
2537 1820 1819 2206 
2538 2790 1330 2801 
2539 1876 2529 2582 
2540 1760 2193 2584 
2541 1496 2562 2762 
2542 411 412 1161 
2543 2658 2775 2878 
2544 1820 2206 2208 
2545 2564 1265 2587 
2546 2592 2593 2594 
2547 2222 2014 2245 
2548 2545 1810 2560 
2549 1758 1755 2576 
2550 1946 1833 2573 
2551 1498 1497 1614 
2552 2489 2492 2493 
2553 1885 1694 2014 
2554 1999 2216 2578 
2555 1876 1875 1877 
2556 1873 1876 2582 
2557 1755 1754 2576 
2558 2043 2044 2045 
2559 1817 1610 2484 
2560 1885 2014 2222 
2561 1622 1819 1820 
2562 1266 1264 1267 
2563 2002 2001 2003 
2564 299 1023 2548 
2565 299 300 1023 
2566 2535 2534 2536 
2567 1761 1760 2584 
2568 2564 2132 2756 
2569 1605 1694 1885 
2570 1751 2723 3258 
2571 631 1044 2615 
2572 2079 1808 2844 
2573 1261 1264 1265 
2574 1827 1573 2545 
2575 2864 1826 2867 
2576 544 1119 2551 
2577 2546 2545 2547 
2578 1069 1068 1070 
2579 1571 1573 1827 
2580 1417 1867 1888 
2581 1282 1274 2521 
2582 554 555 2952 
2583 1827 2545 2546 
2584 544 545 1119 
2585 1790 1723 1791 
2586 547 548 1037 
2587 1878 1909 2529 
2588 1332 1521 1526 
2589 1261 1263 1264 
2590 2005 2057 2059 
2591 1810 1574 2561 
2592 2425 2182 2426 
2593 1622 1623 1819 
2594 2929 1390 2964 
2595 1998 2140 2570 
2596 1426 1401 2836 
2597 1140 1125 1141 
2598 2081 2080 2289 
2599 561 562 1045 
2600 1620 1621 1622 
2601 1508 1825 2836 
2602 1319 1417 1940 
2603 412 413 2518 
2604 2001 1999 2578 
2605 2047 2460 2898 
2606 1601 1734 1735 
2607 1208 2607 2608 
2608 2138 2137 2496 
2609 300 301 2542 
2610 2719 1123 2720 
2611 1875 2446 2575 
2612 2003 2005 2523 
2613 2264 1958 2265 
2614 1605 1606 1694 
2615 1270 1268 1271 
2616 1873 1875 1876 
2617 1574 1576 2561 
2618 630 631 2615 
2619 1991 1948 2007 
2620 1999 1998 2216 
2621 1335 2613 2729 
2622 526 527 2604 
2623 2650 2850 2855 
2624 2141 1938 2150 
2625 2610 1008 2611 
2626 2499 1146 2500 
2627 383 384 2487 
2628 2639 2640 2798 
2629 2081 2289 2353 
2630 410 411 2525 
2631 1222 1332 2577 
2632 1274 1272 1275 
2633 1832 1830 2080 
2634 2135 2133 2137 
2635 297 1327 2600 
2636 1266 1268 1269 
2637 1832 2080 2081 
2638 1270 1272 1273 
2639 2135 2137 2138 
2640 2636 2123 2800 
2641 1996 1998 1999 
2642 1461 1459 2782 
2643 401 2588 2589 
2644 2130 2132 2133 
2645 1998 1995 2140 
2646 1573 1574 1810 
2647 398 2590 2591 
2648 1540 1557 1836 
2649 2000 1999 2001 
2650 1897 1681 1958 
2651 2533 2534 2535 
2652 1766 1764 1938 
2653 2539 2790 2801 
2654 1897 1958 2264 
2655 1996 1995 1998 
2656 1766 1938 2141 
2657 1735 2040 2041 
2658 1617 1619 1620 
2659 1626 2028 2779 
2660 1897 2264 2524 
2661 1119 545 2554 
2662 1783 2117 2118 
2663 550 551 1028 
2664 1576 1604 1605 
2665 1417 1318 1867 
2666 1571 1572 1573 
2667 1764 1761 2584 
2668 1563 1681 1897 
2669 272 273 2483 
2670 392 393 2592 
2671 2187 2181 2340 
2672 2553 1119 2554 
2673 1722 1490 1723 
2674 1004 2600 2601 
2675 2193 1778 2194 
2676 1995 1992 2569 
2677 1830 1767 2574 
2678 2572 1946 2573 
2679 1625 1641 1642 
2680 1948 1946 2572 
2681 402 403 1139 
2682 398 399 2590 
2683 401 402 2588 
2684 365 366 2740 
2685 399 400 1138 
2686 396 397 1126 
2687 2654 2867 2872 
2688 1623 1625 2579 
2689 393 394 1120 
2690 1691 1692 1705 
2691 1879 1877 2412 
2692 390 391 1118 
2693 387 388 1117 
2694 2539 1233 2790 
2695 384 385 1113 
2696 1856 2349 2350 
2697 1236 531 2605 
2698 1208 534 2607 
2699 2605 532 2606 
2700 2189 2188 3066 
2701 542 543 1328 
2702 1606 1617 2580 
2703 2655 2654 2872 
2704 1526 1521 1600 
2705 2104 2103 2602 
2706 1568 1570 1571 
2707 2103 2613 2738 
2708 297 298 1327 
2709 2134 2133 2135 
2710 324 325 2705 
2711 325 996 2705 
2712 2355 2357 2358 
2713 1897 2524 2758 
2714 1474 343 2610 
2715 1949 1948 1991 
2716 2112 2110 2503 
2717 2018 1905 3075 
2718 1947 1946 1948 
2719 477 1496 2762 
2720 2634 1151 2635 
2721 2108 2107 2109 
2722 2216 1998 2570 
2723 1304 1305 1421 
2724 1760 1758 1778 
2725 2613 1845 2729 
2726 1563 1564 1681 
2727 2507 2508 2509 
2728 1831 1830 1832 
2729 2108 2109 2110 
2730 2206 1819 2207 
2731 1876 1878 2529 
2732 527 528 1252 
2733 2014 1694 2051 
2734 2938 2749 2980 
2735 2456 1881 2457 
2736 530 531 1236 
2737 1938 1764 2584 
2738 1873 1874 1875 
2739 532 533 2606 
2740 533 534 1208 
2741 1760 1778 2193 
2742 536 537 1199 
2743 2080 1830 2574 
2744 465 466 2517 
2745 539 540 1190 
2746 2007 1948 2572 
2747 600 601 2515 
2748 2130 2129 2132 
2749 2614 2131 2748 
2750 1765 1764 1766 
2751 1994 1995 1996 
2752 1622 1621 1623 
2753 2138 2496 2596 
2754 298 299 2548 
2755 1994 1992 1995 
2756 543 544 2551 
2757 2109 2527 2539 
2758 2547 2545 2560 
2759 1885 2222 2514 
2760 1872 1873 2582 
2761 2005 2059 2523 
2762 1945 1833 1946 
2763 2655 1837 2873 
2764 400 401 2589 
2765 397 398 2591 
2766 1820 2208 2480 
2767 2140 1995 2569 
2768 2194 1778 2230 
2769 2163 2614 2748 
2770 1829 1767 1830 
2771 342 343 1474 
2772 1778 1758 2576 
2773 1795 1796 1937 
2774 1264 1263 2530 
2775 1620 1619 1621 
2776 1605 1604 1606 
2777 2106 2107 2108 
2778 1609 1610 1719 
2779 1850 1863 2728 
2780 392 2592 2595 
2781 2130 2133 2134 
2782 2678 2672 2681 
2783 1506 1323 1678 
2784 1573 1572 1574 
2785 2128 2129 2130 
2786 2109 2107 2527 
2787 1142 2721 2722 
2788 1763 1761 1764 
2789 534 535 2607 
2790 1872 1871 1873 
2791 531 532 2605 
2792 1560 1563 2758 
2793 1221 1219 2773 
2794 1004 296 2600 
2795 296 297 2600 
2796 362 363 2520 
2797 564 2662 2663 
2798 370 371 1031 
2799 2133 2132 2564 
2800 365 2740 2741 
2801 2687 2680 2689 
2802 2106 2104 2107 
2803 1349 2636 2800 
2804 1273 1274 1281 
2805 1220 2577 2828 
2806 1627 1628 1629 
2807 2672 2671 2681 
2808 1958 1681 2538 
2809 2671 1491 2681 
2810 2111 2110 2112 
2811 565 1186 2662 
2812 631 632 1044 
2813 1235 578 2645 
2814 366 1032 2740 
2815 2102 1847 2103 
2816 1207 572 2653 
2817 1265 1266 2587 
2818 344 1008 2610 
2819 343 344 2610 
2820 1207 2653 2654 
2821 1235 2645 2646 
2822 1847 1845 2613 
2823 2103 1847 2613 
2824 1142 2722 2723 
2825 627 2719 2721 
2826 1186 2660 2661 
2827 2124 2125 2126 
2828 2680 2679 2689 
2829 2665 2669 2670 
2830 1197 2657 2658 
2831 1784 2621 2622 
2832 1335 2729 2733 
2833 579 2644 2645 
2834 564 565 2662 
2835 1729 2624 2625 
2836 573 2652 2653 
2837 2679 1486 2689 
2838 1564 1568 2597 
2839 1811 2631 2632 
2840 1892 1711 2628 
2841 1209 2649 2650 
2842 1811 1695 2631 
2843 2230 1778 2576 
2844 2562 2508 2762 
2845 1571 1570 1572 
2846 627 628 2719 
2847 1560 1562 1563 
2848 2127 2126 2128 
2849 2107 2104 2602 
2850 567 2659 2660 
2851 579 580 2644 
2852 573 574 2652 
2853 1197 569 2657 
2854 295 1004 2697 
2855 294 295 2697 
2856 1209 575 2649 
2857 1239 2641 2642 
2858 2102 2103 2104 
2859 1491 2671 2708 
2860 1149 2725 2726 
2861 1836 1557 2565 
2862 1281 1282 1304 
2863 624 625 2724 
2864 1786 2015 2621 
2865 2137 2133 2564 
2866 1731 1957 2624 
2867 1030 293 2698 
2868 1715 1918 2627 
2869 1182 563 2663 
2870 624 2724 2725 
2871 1759 1758 1760 
2872 1483 2688 2690 
2873 2665 2667 2669 
2874 2126 2125 2612 
2875 1207 2655 2656 
2876 1699 1892 2630 
2877 568 1197 2659 
2878 578 579 2645 
2879 2639 1262 2640 
2880 572 573 2653 
2881 1850 1852 1863 
2882 2124 2126 2127 
2883 1949 1991 1992 
2884 1486 2679 2691 
2885 1239 581 2641 
2886 1207 2654 2655 
2887 628 1123 2719 
2888 294 2697 2698 
2889 1947 1948 1949 
2890 1235 2647 2648 
2891 1149 623 2725 
2892 1235 2646 2647 
2893 2664 2665 2670 
2894 563 564 2663 
2895 2729 1838 2733 
2896 583 1262 2639 
2897 2015 2619 2620 
2898 1957 2622 2623 
2899 1918 2625 2626 
2900 2664 1493 2665 
2901 1209 2650 2651 
2902 2128 2126 2129 
2903 2613 1335 2738 
2904 1259 1258 2616 
2905 1831 1832 1833 
2906 1786 1804 2015 
2907 1784 1786 2621 
2908 1496 2664 2670 
2909 1811 2632 2633 
2910 1731 1776 1957 
2911 1239 2642 2643 
2912 1729 1731 2624 
2913 1846 1845 1847 
2914 1715 1727 1918 
2915 1804 1870 2619 
2916 1713 1715 2627 
2917 1776 1784 2622 
2918 1727 1729 2625 
2919 2008 2267 2402 
2920 1699 1711 1892 
2921 1257 1258 1259 
2922 1711 1713 2628 
2923 1695 1697 2631 
2924 1697 1699 2630 
2925 567 568 2659 
2926 1186 566 2660 
2927 2015 1804 2619 
2928 2674 2678 2681 
2929 1957 1776 2622 
2930 1257 1259 1260 
2931 481 1491 2708 
2932 1918 1727 2625 
2933 1945 1946 1947 
2934 623 624 2725 
2935 1697 2630 2631 
2936 1260 1259 1261 
2937 1713 2627 2628 
2938 1676 1695 1811 
2939 571 1207 2656 
2940 570 2656 2657 
2941 2683 2687 2689 
2942 2125 2123 2636 
2943 2665 1493 2666 
2944 582 2639 2641 
2945 577 1235 2648 
2946 2277 2131 2614 
2947 576 2648 2649 
2948 2673 2674 2681 
2949 2682 1485 2683 
2950 485 1486 2691 
2951 2682 2683 2689 
2952 626 627 2721 
2953 2665 2666 2667 
2954 1491 2673 2681 
2955 489 1483 2690 
2956 586 587 1283 
2957 583 584 1262 
2958 582 583 2639 
2959 580 581 1239 
2960 577 578 1235 
2961 575 576 2649 
2962 574 575 1209 
2963 569 570 2657 
2964 479 1493 2664 
2965 571 572 1207 
2966 1491 482 2673 
2967 568 569 1197 
2968 565 566 1186 
2969 487 1485 2682 
2970 2684 1485 2690 
2971 57 563 1182 
2972 580 1239 2644 
2973 574 1209 2652 
2974 566 567 2660 
2975 2688 2684 2690 
2976 2666 1493 2708 
2977 2671 2666 2708 
2978 2683 2684 2685 
2979 2674 2675 2676 
2980 2673 1488 2674 
2981 570 571 2656 
2982 2683 1485 2684 
2983 2675 1488 2691 
2984 1643 1690 1691 
2985 2617 1258 2732 
2986 2679 2675 2691 
2987 2674 2676 2678 
2988 581 582 2641 
2989 1486 2682 2689 
2990 2685 2684 2686 
2991 576 577 2648 
2992 2674 1488 2675 
2993 602 603 2727 
2994 2683 2685 2687 
2995 2676 2675 2677 
2996 1842 1840 1845 
2997 1870 1871 1872 
2998 1786 1787 1804 
2999 1804 1805 1870 
3000 1784 1785 1786 
3001 1731 1732 1776 
3002 1776 1777 1784 
3003 1729 1730 1731 
3004 1496 478 2664 
3005 1727 1728 1729 
3006 1881 1879 2463 
3007 483 1488 2673 
3008 1715 1716 1727 
3009 1486 486 2682 
3010 2507 1501 2508 
3011 1713 1714 1715 
3012 2122 2091 2123 
3013 2075 1808 2079 
3014 1711 1712 1713 
3015 1829 1830 1831 
3016 475 476 1501 
3017 477 478 1496 
3018 479 480 1493 
3019 481 482 1491 
3020 1699 1700 1711 
3021 483 484 1488 
3022 485 486 1486 
3023 2089 1891 2090 
3024 487 488 1485 
3025 489 490 1483 
3026 491 492 1478 
3027 493 494 1473 
3028 293 294 2698 
3029 2616 1258 2617 
3030 2667 2666 2668 
3031 2130 2134 2748 
3032 1697 1698 1699 
3033 1845 1840 2729 
3034 2124 2123 2125 
3035 478 479 2664 
3036 482 483 2673 
3037 486 487 2682 
3038 1142 626 2721 
3039 2677 2679 2680 
3040 1873 1871 1874 
3041 1485 488 2690 
3042 1695 1696 1697 
3043 1655 1672 1782 
3044 488 489 2690 
3045 1765 1766 1767 
3046 1488 484 2691 
3047 1655 1782 2637 
3048 2101 1847 2102 
3049 484 485 2691 
3050 1005 337 2692 
3051 337 338 2692 
3052 350 1336 2693 
3053 349 350 2693 
3054 338 1337 2692 
3055 348 349 1007 
3056 279 280 1339 
3057 348 1007 2696 
3058 338 339 1337 
3059 282 283 2695 
3060 283 1345 2695 
3061 281 997 2699 
3062 352 353 1006 
3063 289 1010 2701 
3064 336 337 1005 
3065 295 296 1004 
3066 340 341 1009 
3067 344 345 1008 
3068 346 347 1342 
3069 280 281 2699 
3070 336 1005 2702 
3071 273 274 999 
3072 335 336 2702 
3073 346 1342 2700 
3074 1007 349 2693 
3075 327 328 1343 
3076 1344 335 2702 
3077 285 286 1000 
3078 1008 345 2700 
3079 345 346 2700 
3080 289 290 1010 
3081 347 348 2696 
3082 332 333 998 
3083 1339 280 2699 
3084 283 284 1345 
3085 329 330 1029 
3086 334 335 1344 
3087 287 288 1340 
3088 284 285 2703 
3089 285 1000 2703 
3090 1342 347 2696 
3091 288 289 2701 
3092 292 293 1030 
3093 1345 284 2703 
3094 325 326 996 
3095 281 282 997 
3096 274 275 2706 
3097 277 278 995 
3098 999 274 2706 
3099 997 282 2695 
3100 350 351 1336 
3101 287 1340 2704 
3102 286 287 2704 
3103 275 276 1341 
3104 1000 286 2704 
3105 275 1341 2706 
3106 1340 288 2701 
3107 1261 1259 1263 
3108 2730 2617 2732 
3109 1676 1677 1695 
3110 2686 2684 2688 
3111 2442 2441 2443 
3112 2105 2104 2106 
3113 480 481 2708 
3114 2637 1782 2638 
3115 2668 2671 2672 
3116 2677 2675 2679 
3117 1209 2651 2652 
3118 2106 2108 2618 
3119 1962 2016 2167 
3120 1326 1282 2521 
3121 1872 2582 2583 
3122 1239 2643 2644 
3123 1867 1318 2787 
3124 1493 480 2708 
3125 1638 1476 2772 
3126 444 445 1296 
3127 445 446 2709 
3128 446 447 1346 
3129 447 448 2711 
3130 448 449 1360 
3131 449 450 2710 
3132 450 451 1369 
3133 451 452 2712 
3134 452 453 1389 
3135 453 454 2713 
3136 454 455 1392 
3137 455 456 2714 
3138 456 457 1405 
3139 457 458 2715 
3140 458 459 1408 
3141 459 460 2716 
3142 460 461 1411 
3143 461 462 2717 
3144 462 463 1413 
3145 463 464 2718 
3146 464 465 1414 
3147 1178 602 2727 
3148 1674 1675 1676 
3149 1706 1736 1783 
3150 2668 2666 2671 
3151 1731 1730 1732 
3152 1786 1785 1787 
3153 1784 1777 1785 
3154 1776 1732 1777 
3155 1804 1787 1805 
3156 1729 1728 1730 
3157 1870 1805 1871 
3158 2028 2519 2779 
3159 1727 1716 1728 
3160 1715 1714 1716 
3161 1713 1712 1714 
3162 1711 1700 1712 
3163 1836 2565 2566 
3164 1699 1698 1700 
3165 2440 2336 2441 
3166 2122 2123 2124 
3167 2778 1859 2880 
3168 1697 1696 1698 
3169 2440 2441 2442 
3170 1296 445 2709 
3171 446 1346 2709 
3172 1346 447 2711 
3173 448 1360 2711 
3174 1360 449 2710 
3175 450 1369 2710 
3176 1369 451 2712 
3177 452 1389 2712 
3178 1389 453 2713 
3179 454 1392 2713 
3180 1392 455 2714 
3181 456 1405 2714 
3182 1405 457 2715 
3183 458 1408 2715 
3184 1408 459 2716 
3185 460 1411 2716 
3186 1411 461 2717 
3187 462 1413 2717 
3188 1413 463 2718 
3189 464 1414 2718 
3190 1263 1259 2616 
3191 625 1142 2724 
3192 1695 1677 1696 
3193 628 629 1123 
3194 625 626 1142 
3195 2089 2090 2091 
3196 1246 1248 1348 
3197 622 623 1149 
3198 619 620 1151 
3199 616 617 1155 
3200 613 614 1157 
3201 610 611 1162 
3202 607 608 1167 
3203 1842 1845 1846 
3204 2108 2110 2111 
3205 604 605 1172 
3206 601 602 1178 
3207 1653 1655 2637 
3208 1672 1673 1674 
3209 1257 1255 1258 
3210 1676 1675 1677 
3211 1763 1764 1765 
3212 1247 1245 2733 
3213 1254 1250 1838 
3214 2527 2107 2602 
3215 2335 2336 2440 
3216 1846 1847 2101 
3217 1674 1673 1675 
3218 1716 1714 1824 
3219 1256 1255 1257 
3220 1732 1730 1818 
3221 1142 2723 2724 
3222 1787 1785 1816 
3223 1700 1698 1826 
3224 2466 2468 2469 
3225 1277 1276 1362 
3226 1841 1843 1844 
3227 1839 1838 1840 
3228 1249 1247 1250 
3229 1268 1267 2568 
3230 2129 2126 2612 
3231 1677 1675 1837 
3232 2121 2091 2122 
3233 2335 2314 2336 
3234 1655 1656 1672 
3235 2108 2111 2618 
3236 1262 584 2894 
3237 1563 1562 1564 
3238 1234 1233 2737 
3239 404 405 2759 
3240 1839 1841 2730 
3241 368 369 1329 
3242 1254 1838 1839 
3243 1245 1335 2733 
3244 2127 2128 2131 
3245 1672 1656 1673 
3246 1844 1843 2008 
3247 1242 1234 2737 
3248 1251 1255 1256 
3249 1248 1247 1249 
3250 1841 1844 2730 
3251 1859 1646 1860 
3252 1840 1838 2729 
3253 2008 1843 2115 
3254 2134 2135 2136 
3255 1841 1840 1842 
3256 1244 1242 1347 
3257 1019 364 2741 
3258 2124 2127 2735 
3259 1839 1840 1841 
3260 2121 2122 2143 
3261 2008 2115 2267 
3262 2102 2104 2105 
3263 1294 1288 1361 
3264 1841 1842 1843 
3265 2089 2091 2121 
3266 1251 1254 1255 
3267 1656 1654 1848 
3268 1246 1348 2736 
3269 2508 1501 2762 
3270 1258 1255 2732 
3271 2043 2041 2044 
3272 1642 1641 1643 
3273 1270 1273 2786 
3274 1875 1874 2446 
3275 1251 1250 1254 
3276 364 365 2741 
3277 1655 1654 1656 
3278 1838 1250 2733 
3279 1601 1600 1734 
3280 1249 1250 1251 
3281 2127 2276 2735 
3282 1839 2730 2732 
3283 1248 1249 1349 
3284 1653 1654 1655 
3285 1996 1999 2000 
3286 1246 1247 1248 
3287 1255 1254 2732 
3288 2276 2131 2277 
3289 2143 2122 2735 
3290 2088 1891 2089 
3291 2592 2594 2595 
3292 1254 1839 2732 
3293 2313 2314 2335 
3294 2134 2163 2748 
3295 2115 1843 2734 
3296 1444 1364 2731 
3297 1846 2101 2266 
3298 2808 1256 2814 
3299 2446 2447 2603 
3300 2785 1349 2800 
3301 1240 1849 1850 
3302 1250 1247 2733 
3303 2110 2109 2801 
3304 1850 1851 1852 
3305 1246 1245 1247 
3306 1557 1803 2565 
3307 2122 2124 2735 
3308 2111 2112 2113 
3309 1184 1176 1543 
3310 1557 1558 1803 
3311 2056 1231 2751 
3312 1890 2088 2263 
3313 2127 2131 2276 
3314 1842 1846 2734 
3315 1245 1244 1335 
3316 1843 1842 2734 
3317 1922 1923 1924 
3318 1272 1271 2550 
3319 1819 1623 2579 
3320 1243 1245 1246 
3321 2728 1863 2751 
3322 476 477 2762 
3323 1653 1652 1654 
3324 1694 1606 2580 
3325 2313 2291 2314 
3326 1243 1244 1245 
3327 1890 1858 1891 
3328 1737 1707 1887 
3329 1623 1624 1625 
3330 2006 2004 2068 
3331 37 442 1090 
3332 1846 2266 2734 
3333 1241 1234 1242 
3334 1240 1850 2728 
3335 1852 1853 1854 
3336 1890 1891 2088 
3337 1853 1851 1858 
3338 1978 1976 1979 
3339 1243 1242 1244 
3340 1651 1652 1653 
3341 2051 2580 2581 
3342 1759 1760 1761 
3343 1852 1851 1853 
3344 2000 2001 2002 
3345 2192 2003 2523 
3346 436 437 2750 
3347 1244 1347 2738 
3348 1974 1971 1975 
3349 1232 1229 1233 
3350 1757 1755 1758 
3351 1719 1720 1911 
3352 1606 1616 1617 
3353 2128 2130 2748 
3354 1850 1849 1851 
3355 1681 1564 2597 
3356 1871 1805 2739 
3357 1241 1242 1243 
3358 2555 2554 2557 
3359 2447 1874 2739 
3360 1853 1858 1890 
3361 1240 1241 1849 
3362 1347 1242 2737 
3363 1617 1618 1619 
3364 1335 1244 2738 
3365 2873 1837 2877 
3366 1228 1231 2056 
3367 1262 2894 2897 
3368 1874 1871 2739 
3369 1232 1234 1240 
3370 495 1146 2499 
3371 1969 1664 1970 
3372 1649 1651 1751 
3373 2131 2128 2748 
3374 2071 1821 2890 
3375 1629 1630 1631 
3376 1877 1875 2575 
3377 1813 2451 2858 
3378 1232 1240 2728 
3379 1650 1648 1857 
3380 2759 1299 2760 
3381 1090 442 2543 
3382 1576 1603 1604 
3383 1231 2728 2751 
3384 1993 1992 1994 
3385 1240 1234 1241 
3386 1651 1650 1652 
3387 1978 1979 1980 
3388 1944 1833 1945 
3389 1982 1980 1983 
3390 2566 2565 2567 
3391 2002 2003 2192 
3392 2290 2291 2313 
3393 1574 1575 1576 
3394 1984 1982 1985 
3395 1757 1758 1759 
3396 1826 2651 2859 
3397 1233 1229 2790 
3398 1241 1243 2736 
3399 495 496 1146 
3400 1260 1261 2756 
3401 498 499 1150 
3402 1854 2745 2746 
3403 366 367 1032 
3404 363 364 1019 
3405 1849 1241 2736 
3406 1791 2071 2072 
3407 2026 2351 2367 
3408 1225 1227 1228 
3409 501 502 1154 
3410 1226 1224 1354 
3411 2446 1874 2447 
3412 504 505 1158 
3413 1828 1767 1829 
3414 505 506 2742 
3415 2661 2817 2875 
3416 506 507 2743 
3417 507 508 1165 
3418 2026 1739 2055 
3419 1232 1233 1234 
3420 1481 1480 1482 
3421 1890 2263 2745 
3422 510 511 1170 
3423 1231 1232 2728 
3424 1649 1650 1651 
3425 1568 1569 1570 
3426 1243 1246 2736 
3427 2640 1262 2897 
3428 1224 1221 2773 
3429 1231 1229 1232 
3430 1673 1656 2775 
3431 2090 1891 2781 
3432 1615 1709 1964 
3433 1424 1626 2779 
3434 1557 1541 1558 
3435 1854 1853 2745 
3436 1591 1430 2900 
3437 1858 2763 2781 
3438 1625 1640 1641 
3439 1646 1444 1647 
3440 1853 1890 2745 
3441 1647 1444 1648 
3442 2077 2290 2339 
3443 2509 2508 2510 
3444 1787 1816 2780 
3445 2453 2083 3032 
3446 2736 1348 2763 
3447 1501 476 2762 
3448 2290 2078 2291 
3449 2026 2055 2351 
3450 1658 1738 1942 
3451 1735 1734 2040 
3452 1143 1141 1144 
3453 1858 1851 2763 
3454 1981 1982 1984 
3455 2641 2639 2798 
3456 438 439 1100 
3457 2427 2182 2916 
3458 1985 1982 2749 
3459 435 436 1102 
3460 1649 1648 1650 
3461 1981 1980 1982 
3462 1835 1645 2221 
3463 432 433 1104 
3464 1648 1444 2731 
3465 429 430 1105 
3466 1261 1265 2756 
3467 426 427 1106 
3468 1693 1689 2168 
3469 1564 1567 1568 
3470 2163 2136 2238 
3471 423 424 1108 
3472 2612 2125 2814 
3473 420 421 1109 
3474 1563 1897 2758 
3475 2051 1694 2580 
3476 2538 1681 2597 
3477 2123 2091 2800 
3478 1949 1992 1993 
3479 1658 1333 1659 
3480 2134 2136 2163 
3481 2763 1348 2781 
3482 1809 2076 2077 
3483 1831 1833 1944 
3484 1945 1947 1988 
3485 1753 1670 1754 
3486 1267 1264 2530 
3487 1762 1761 1763 
3488 2207 1819 2579 
3489 1623 1621 1624 
3490 1851 1849 2763 
3491 2739 1805 2780 
3492 1647 1648 1649 
3493 1849 2736 2763 
3494 2077 2078 2290 
3495 1678 1323 2585 
3496 1020 1015 1022 
3497 1982 1983 2749 
3498 1068 1066 1596 
3499 1627 1425 1628 
3500 2510 2562 2563 
3501 1738 1659 1739 
3502 1738 1739 2026 
3503 1765 1767 1828 
3504 1978 1980 1981 
3505 2132 2129 2799 
3506 1443 1444 1646 
3507 2489 1113 2492 
3508 1228 2056 2755 
3509 1228 1227 1229 
3510 1606 1604 1616 
3511 1540 1541 1557 
3512 2077 2076 2078 
3513 1248 1349 2785 
3514 1273 1356 2786 
3515 1227 1226 1330 
3516 2809 2612 2814 
3517 2090 2785 2800 
3518 405 406 1299 
3519 1574 1572 1575 
3520 1102 2264 3237 
3521 2799 2612 2809 
3522 1531 1534 2853 
3523 1857 1648 2731 
3524 1993 1994 1997 
3525 2493 2492 2494 
3526 1228 1229 1231 
3527 1256 1257 2809 
3528 1225 1226 1227 
3529 1944 1945 2744 
3530 1223 1221 1224 
3531 1266 1269 2587 
3532 1828 1829 1886 
3533 1332 1333 1521 
3534 1010 290 2812 
3535 1887 1707 2813 
3536 2510 2508 2562 
3537 1656 1848 2775 
3538 1521 1333 1658 
3539 1993 1997 2196 
3540 1229 1227 2790 
3541 2636 1349 2808 
3542 406 407 2761 
3543 1625 1624 1640 
3544 1218 1216 1355 
3545 1362 1364 1443 
3546 405 1299 2759 
3547 2636 2808 2814 
3548 1449 1448 1450 
3549 1816 1785 2810 
3550 1617 1616 1618 
3551 1854 2746 2874 
3552 1619 1618 1933 
3553 1102 436 2750 
3554 1722 1723 1790 
3555 1888 1889 1935 
3556 1658 1659 1738 
3557 2026 2367 2770 
3558 1898 1917 2281 
3559 2063 1202 2881 
3560 1349 1249 2808 
3561 1762 2011 2243 
3562 1158 505 2742 
3563 1762 1763 2011 
3564 1251 1256 2808 
3565 1759 1761 1762 
3566 2742 506 2743 
3567 507 1165 2743 
3568 1222 1331 1332 
3569 1260 2799 2809 
3570 1163 1099 2432 
3571 1443 1364 1444 
3572 1332 1331 1333 
3573 2196 1997 2197 
3574 1945 1988 2744 
3575 1271 1268 2568 
3576 1691 1690 1692 
3577 1576 1575 1603 
3578 1564 1562 1567 
3579 1974 1975 1976 
3580 1805 1787 2780 
3581 1015 1002 2452 
3582 1882 1883 1884 
3583 1693 2168 2169 
3584 1256 2809 2814 
3585 1600 1521 2805 
3586 2645 2644 2826 
3587 1996 2000 2789 
3588 1987 2278 2326 
3589 1809 2075 2076 
3590 1809 1808 2075 
3591 2371 2370 2372 
3592 2243 2011 2286 
3593 1942 1738 2770 
3594 2756 2132 2799 
3595 1560 1561 1562 
3596 1366 1363 1497 
3597 1358 1323 1506 
3598 1977 1976 1978 
3599 1947 1949 2768 
3600 1732 1818 2819 
3601 2577 1526 2893 
3602 1737 1887 1959 
3603 419 420 2753 
3604 2723 1751 3279 
3605 1763 1765 2767 
3606 1955 2152 2153 
3607 1570 1569 1798 
3608 2412 1877 2575 
3609 1884 1883 2151 
3610 1891 1858 2781 
3611 1969 1970 1971 
3612 1253 2355 2513 
3613 2090 2781 2785 
3614 1145 1144 1187 
3615 2028 2220 2519 
3616 1269 1270 2786 
3617 1883 1866 2166 
3618 1738 2026 2770 
3619 1223 1225 2755 
3620 1354 1224 2773 
3621 1348 1248 2785 
3622 1643 1641 1689 
3623 1757 1759 2769 
3624 2654 2864 2867 
3625 1705 1692 1706 
3626 1331 1223 2755 
3627 1994 1996 2789 
3628 1430 1428 2900 
3629 1222 1223 1331 
3630 1756 2100 2120 
3631 1568 1567 1569 
3632 1227 1330 2790 
3633 2011 1763 2767 
3634 1484 1421 1609 
3635 1275 1272 2550 
3636 1640 1624 2012 
3637 1658 1942 2805 
3638 1753 1755 1756 
3639 1618 1616 2096 
3640 1223 1224 1225 
3641 1572 1570 2792 
3642 2659 1197 2878 
3643 1379 1377 1380 
3644 1974 1976 1977 
3645 1616 1604 2784 
3646 1640 2012 2013 
3647 1807 1809 2807 
3648 1935 1889 2095 
3649 1603 1575 1901 
3650 1260 2756 2799 
3651 1756 1755 1757 
3652 1756 1757 2100 
3653 1621 1619 2791 
3654 987 553 3435 
3655 2642 2641 2798 
3656 1604 1603 2784 
3657 1319 1318 1417 
3658 1988 1947 2768 
3659 1222 1221 1223 
3660 1537 1539 1540 
3661 1225 1224 1226 
3662 1949 1993 2768 
3663 2129 2612 2799 
3664 2109 2539 2801 
3665 2827 2280 3217 
3666 1652 1650 2817 
3667 1619 1933 2791 
3668 2168 1689 2794 
3669 1997 1994 2789 
3670 1603 1901 1902 
3671 1902 2279 2280 
3672 2047 2045 2048 
3673 2065 1600 2805 
3674 2091 2090 2800 
3675 1069 1070 1071 
3676 1765 1828 2767 
3677 1668 1505 1669 
3678 2153 2152 2246 
3679 2233 1768 2234 
3680 1973 1971 1974 
3681 2077 2339 2807 
3682 1818 1730 2829 
3683 1534 1671 1898 
3684 1902 1901 2279 
3685 2221 1645 2774 
3686 1753 1754 1755 
3687 1326 2521 2771 
3688 1225 1228 2755 
3689 1645 1607 2774 
3690 2164 1959 2252 
3691 1273 1281 1356 
3692 1322 1291 1323 
3693 1864 1954 1955 
3694 1570 1798 2792 
3695 1483 490 2841 
3696 491 1478 2841 
3697 1286 1416 1941 
3698 1643 1689 1690 
3699 1561 1559 1861 
3700 1419 1355 1490 
3701 1973 1974 2766 
3702 1569 1567 2010 
3703 1956 1662 2835 
3704 1993 2196 2768 
3705 1629 1628 1630 
3706 418 419 1351 
3707 1783 1736 2117 
3708 1624 1621 2791 
3709 1954 1662 1956 
3710 2908 1955 2918 
3711 2793 1836 2843 
3712 2781 1348 2785 
3713 1387 1380 1388 
3714 2649 2648 2850 
3715 1558 1541 1559 
3716 1716 1824 2840 
3717 1905 1081 2923 
3718 1690 1689 1693 
3719 1882 1866 1883 
3720 1969 1971 1973 
3721 1759 1762 2769 
3722 2315 1807 2807 
3723 1425 1326 2771 
3724 1217 1219 1220 
3725 1415 1361 1509 
3726 1214 2050 2419 
3727 1807 1808 1809 
3728 7 8 2879 
3729 1974 1977 2766 
3730 1249 1251 2808 
3731 1524 1090 2543 
3732 1330 1226 2811 
3733 1540 1539 1541 
3734 1575 1572 2792 
3735 1257 1260 2809 
3736 1479 1480 1481 
3737 2000 2002 2247 
3738 1752 1670 1753 
3739 2096 1616 2784 
3740 1558 1559 1560 
3741 1299 406 2761 
3742 382 1391 2934 
3743 1785 1777 2810 
3744 2100 1757 2769 
3745 1955 1954 2152 
3746 1807 1679 1808 
3747 1226 1354 2811 
3748 2041 2040 2598 
3749 290 291 2812 
3750 2185 2189 2292 
3751 1762 2243 2769 
3752 2238 2136 2933 
3753 2000 2247 2789 
3754 1641 1640 2794 
3755 2120 2100 2248 
3756 1659 2820 2848 
3757 420 1109 2753 
3758 1734 1600 2065 
3759 1865 1866 1882 
3760 2125 2636 2814 
3761 1218 1355 1419 
3762 1753 1756 2764 
3763 1561 1861 1862 
3764 2348 1047 3429 
3765 1689 1641 2794 
3766 1631 1632 1704 
3767 1419 1593 1865 
3768 1663 1968 1972 
3769 1593 1490 1722 
3770 1567 1562 2797 
3771 1613 1800 1801 
3772 1668 1669 1670 
3773 1659 1333 2820 
3774 1968 1664 1969 
3775 1521 1658 2805 
3776 1824 1714 2855 
3777 1562 1561 2797 
3778 2882 1848 2883 
3779 1217 1218 1219 
3780 1809 2077 2807 
3781 2810 1777 2819 
3782 1304 1421 1484 
3783 1484 1662 1864 
3784 1506 1679 1806 
3785 2049 2048 2155 
3786 2343 1790 2757 
3787 1862 1861 2201 
3788 2773 1219 2806 
3789 1756 2120 2764 
3790 1603 1902 2784 
3791 1752 1753 2764 
3792 1790 1791 2757 
3793 2012 1624 2791 
3794 1803 2524 2902 
3795 2653 2652 2864 
3796 1560 1559 1561 
3797 1962 2167 2209 
3798 1777 1732 2819 
3799 1862 2201 2202 
3800 1700 1826 2859 
3801 1204 1202 2063 
3802 1706 1692 1707 
3803 2010 1567 2797 
3804 1220 1221 1222 
3805 1220 1219 1221 
3806 1736 1707 1737 
3807 1806 1807 2315 
3808 1650 1857 2817 
3809 1541 1539 2783 
3810 1419 1490 1593 
3811 1640 2013 2794 
3812 1484 1609 1662 
3813 1706 1707 1736 
3814 1668 1670 1752 
3815 1364 1276 2842 
3816 311 312 1011 
3817 2771 2522 2847 
3818 1737 1959 2164 
3819 1901 1575 2792 
3820 1898 1671 1917 
3821 1211 1213 1214 
3822 1219 1218 2806 
3823 1864 1662 1954 
3824 1865 1593 1866 
3825 1353 1193 2906 
3826 2259 1835 2287 
3827 1178 2727 3010 
3828 1725 1661 1868 
3829 1506 1678 1679 
3830 1933 1618 2802 
3831 2112 2503 2920 
3832 417 418 2818 
3833 2170 1790 2343 
3834 1333 1331 2820 
3835 1401 1403 2836 
3836 2281 1917 2282 
3837 1943 1868 2116 
3838 2646 2645 2826 
3839 2239 2067 2240 
3840 1628 1425 2771 
3841 1826 1698 2867 
3842 1618 2096 2802 
3843 2755 2056 2820 
3844 1331 2755 2820 
3845 2038 1895 2039 
3846 1663 1664 1968 
3847 1837 2655 2872 
3848 1213 1212 2804 
3849 1678 2585 2586 
3850 1663 1633 1664 
3851 2662 1186 2875 
3852 2113 2112 2924 
3853 2096 2784 2827 
3854 1277 1365 2858 
3855 2820 2056 2848 
3856 2657 2656 2873 
3857 1806 2315 2316 
3858 2342 2341 3102 
3859 1677 1837 2872 
3860 1673 2775 2877 
3861 1022 1015 1033 
3862 2784 1902 2827 
3863 1214 1213 1215 
3864 1294 1361 1415 
3865 2205 1911 2211 
3866 1214 1215 2050 
3867 1561 1862 2797 
3868 1652 2817 2883 
3869 2419 2050 2752 
3870 1218 1419 2806 
3871 1351 419 2753 
3872 1215 1213 1216 
3873 1852 1854 2871 
3874 1730 1728 2829 
3875 2946 1794 3005 
3876 1722 1790 2170 
3877 1806 1679 1807 
3878 314 315 1153 
3879 2663 2662 2869 
3880 1631 1630 1632 
3881 1217 1216 1218 
3882 1406 1504 1513 
3883 2660 2659 2882 
3884 1690 1693 2813 
3885 1040 1026 1041 
3886 1537 1538 1539 
3887 1837 1675 2877 
3888 1156 2370 2371 
3889 1861 1559 2783 
3890 1834 1835 2259 
3891 2830 2832 2917 
3892 2458 593 3220 
3893 1281 1304 2816 
3894 2829 1728 2840 
3895 1362 1276 1364 
3896 2731 1364 2842 
3897 3046 1688 3097 
3898 1637 1915 2139 
3899 1214 2419 2803 
3900 1211 1205 1212 
3901 1293 1428 1429 
3902 2035 2034 2036 
3903 1539 1538 1721 
3904 2482 2481 2996 
3905 1692 1690 2813 
3906 2044 2041 2598 
3907 2775 2658 2877 
3908 1719 1911 2205 
3909 1707 1692 2813 
3910 1362 1443 2778 
3911 1728 1716 2840 
3912 490 491 2841 
3913 1356 1281 2816 
3914 1559 1541 2783 
3915 416 417 1967 
3916 2658 2873 2877 
3917 1506 1806 2845 
3918 1355 1216 2804 
3919 1419 1865 2806 
3920 2869 2662 2875 
3921 1429 1430 1431 
3922 1902 2280 2827 
3923 1848 1654 2883 
3924 2255 1006 3313 
3925 1632 1633 1663 
3926 1539 1721 2783 
3927 2166 1866 2822 
3928 1924 1925 1927 
3929 1774 1103 1893 
3930 1667 1668 2788 
3931 1534 1535 1671 
3932 2505 1212 2884 
3933 2650 2649 2850 
3934 1317 1318 1319 
3935 1668 1752 2788 
3936 1538 1536 1869 
3937 308 309 1306 
3938 2056 2751 2848 
3939 2112 2920 2924 
3940 1537 1540 2793 
3941 1304 1484 2816 
3942 1484 1864 2816 
3943 1834 1645 1835 
3944 1215 1216 1217 
3945 1927 1928 1932 
3946 1546 1554 1794 
3947 1739 1659 2848 
3948 2583 2727 2977 
3949 1182 2663 2842 
3950 1211 1212 1213 
3951 2158 1591 2159 
3952 1317 1319 1475 
3953 2040 1734 2824 
3954 1791 2072 2757 
3955 1216 1213 2804 
3956 1632 1630 1633 
3957 1089 1070 2860 
3958 2586 2585 2907 
3959 1593 1722 2822 
3960 1195 1200 1357 
3961 1059 1061 1062 
3962 2739 2780 2897 
3963 1211 1214 2803 
3964 2797 1862 2851 
3965 2817 2661 2883 
3966 1200 1196 1201 
3967 1399 1401 1426 
3968 1667 1505 1668 
3969 1595 1899 1919 
3970 1714 1712 2855 
3971 2010 2797 2851 
3972 1276 1182 2842 
3973 2156 2155 2255 
3974 1127 1129 1284 
3975 2396 1915 2941 
3976 2055 2865 2871 
3977 1352 1193 1353 
3978 1363 1362 2778 
3979 1734 2065 2824 
3980 1866 1593 2822 
3981 2095 2901 2932 
3982 1662 1609 2835 
3983 1497 1363 2778 
3984 2180 2184 2186 
3985 1358 1506 2845 
3986 1722 2170 2822 
3987 418 1351 2818 
3988 1403 1507 1508 
3989 2855 1712 2859 
3990 1615 1614 1709 
3991 2659 2878 2882 
3992 1808 1679 2844 
3993 1210 1211 2803 
3994 1671 1535 2793 
3995 1609 1719 2835 
3996 2029 1285 2190 
3997 1322 1323 1358 
3998 2304 2305 2306 
3999 517 518 2849 
4000 1565 1509 1795 
4001 2055 1739 2865 
4002 1712 1700 2859 
4003 2780 2640 2897 
4004 1294 1415 2787 
4005 1862 2202 2851 
4006 1210 1205 1211 
4007 1361 1288 2909 
4008 1055 1057 2352 
4009 2114 1577 2945 
4010 1307 1302 1367 
4011 1203 1205 1210 
4012 1317 1295 1318 
4013 1125 1090 1524 
4014 1012 1017 2953 
4015 1201 1196 1202 
4016 2654 2653 2864 
4017 2791 1933 2852 
4018 1535 1537 2793 
4019 1504 1505 1667 
4020 1204 2063 2064 
4021 1217 1220 2828 
4022 2050 1215 2828 
4023 2865 1863 2871 
4024 1644 1645 1834 
4025 2101 2102 2903 
4026 1504 1407 1505 
4027 316 317 1666 
4028 2306 2311 2821 
4029 1535 1533 1536 
4030 2033 2032 2034 
4031 1393 1353 1476 
4032 1187 1189 1290 
4033 1770 2464 3050 
4034 1406 1407 1504 
4035 1403 1402 1404 
4036 1508 1607 1644 
4037 2848 2751 2865 
4038 1709 1614 1986 
4039 1739 2848 2865 
4040 1917 1671 2843 
4041 1215 1217 2828 
4042 2139 1915 2396 
4043 1286 1941 2857 
4044 1698 1696 2867 
4045 1507 1404 1660 
4046 1078 1080 1088 
4047 2457 1881 2463 
4048 2773 2806 2876 
4049 1660 1724 2171 
4050 1719 2205 2835 
4051 1795 1937 2815 
4052 1406 1358 1407 
4053 1431 1578 1579 
4054 1537 1536 1538 
4055 1403 1404 1507 
4056 1644 1607 1645 
4057 1953 1702 2060 
4058 2498 2497 2937 
4059 2867 1696 2872 
4060 1203 1204 1205 
4061 1709 1986 2142 
4062 2661 2882 2883 
4063 1678 2586 2844 
4064 1322 1358 1406 
4065 518 519 1169 
4066 2012 2791 2852 
4067 1315 1314 1437 
4068 2567 2565 2902 
4069 2871 1854 2874 
4070 1534 1898 2853 
4071 1404 1402 2765 
4072 1863 1852 2871 
4073 2751 1863 2865 
4074 1696 1677 2872 
4075 1508 1507 1607 
4076 2731 2842 2869 
4077 1454 1456 1468 
4078 1565 1795 1939 
4079 1679 1678 2844 
4080 1237 1159 1285 
4081 1548 1476 1637 
4082 2806 1865 2876 
4083 2547 2560 2962 
4084 1415 1509 1565 
4085 1806 2316 2845 
4086 1857 2731 2869 
4087 1553 1545 2887 
4088 2887 1545 2911 
4089 2842 2663 2869 
4090 1535 1536 1537 
4091 2658 2657 2873 
4092 1064 1061 2395 
4093 2595 2594 2931 
4094 2340 2183 3153 
4095 1035 1597 2986 
4096 1630 1628 2847 
4097 1857 2869 2875 
4098 1509 1361 2961 
4099 1534 1533 1535 
4100 2478 1779 2479 
4101 1406 1513 2846 
4102 1967 417 2818 
4103 1868 1661 2765 
4104 1041 1053 1054 
4105 1445 1388 1446 
4106 1628 2771 2847 
4107 1773 1103 1774 
4108 1395 1397 1398 
4109 1660 1404 1661 
4110 1675 1673 2877 
4111 2351 2055 2874 
4112 1403 1508 2836 
4113 1311 2233 3449 
4114 1813 1934 2451 
4115 1671 2793 2843 
4116 2661 2660 2882 
4117 1633 1630 2847 
4118 1725 1868 1943 
4119 1402 1400 1512 
4120 1867 2787 2889 
4121 2516 3039 3040 
4122 2072 2071 3045 
4123 1212 1205 2884 
4124 1864 1955 2908 
4125 2927 2550 2939 
4126 2260 1052 3368 
4127 1865 1882 2876 
4128 2276 998 3391 
4129 2830 2831 2832 
4130 2271 1793 2272 
4131 2775 1848 2878 
4132 1290 1189 1291 
4133 1654 1652 2883 
4134 2053 1423 2054 
4135 1184 1543 2293 
4136 596 597 1965 
4137 1178 3010 3038 
4138 1531 1533 1534 
4139 1733 2092 2093 
4140 1295 1294 2787 
4141 1321 1291 1322 
4142 1970 1664 2915 
4143 1017 1018 1025 
4144 1321 1322 2846 
4145 1289 1295 1316 
4146 1939 1795 2815 
4147 1907 1781 1951 
4148 594 595 1171 
4149 2817 1857 2875 
4150 1669 1505 2905 
4151 2828 2577 2893 
4152 1686 1685 1687 
4153 1440 1686 2964 
4154 1205 1204 2884 
4155 1407 1358 2845 
4156 2876 1882 2896 
4157 1318 1295 2787 
4158 1195 1196 1200 
4159 2458 1775 3314 
4160 1204 2064 2884 
4161 2046 2047 2898 
4162 1354 2773 2876 
4163 2596 2908 2918 
4164 1316 1295 1317 
4165 1906 1905 2018 
4166 1354 2876 2896 
4167 1290 1291 1321 
4168 1821 2505 2890 
4169 1203 1202 1204 
4170 1401 1402 1403 
4171 3008 1903 3026 
4172 1322 1406 2846 
4173 1402 1512 2765 
4174 2774 1607 2866 
4175 1074 1072 2999 
4176 2878 1848 2882 
4177 1549 1702 1703 
4178 1801 1800 1802 
4179 1598 1589 1599 
4180 2941 2172 3416 
4181 1070 1068 2860 
4182 1919 2218 2776 
4183 1056 2324 2856 
4184 1352 1353 1393 
4185 1598 1599 2834 
4186 2186 2184 2249 
4187 2603 2447 2894 
4188 2269 2174 2270 
4189 2585 1189 2907 
4190 2055 2871 2874 
4191 1195 1194 1196 
4192 1922 1921 1923 
4193 2894 2447 2897 
4194 1083 1087 1371 
4195 2609 1199 3091 
4196 1531 1523 1532 
4197 1548 1637 2886 
4198 1882 1884 2896 
4199 1275 2550 2927 
4200 2619 1870 2930 
4201 2136 2135 2928 
4202 2490 1869 3231 
4203 1592 1553 1908 
4204 1200 1201 1368 
4205 2032 2031 3011 
4206 1872 2583 2930 
4207 2050 2828 2893 
4208 1703 1702 1953 
4209 1192 1185 1193 
4210 1289 1294 1295 
4211 1393 1548 1549 
4212 2447 2739 2897 
4213 998 2276 3238 
4214 1393 1476 1548 
4215 2382 2376 2383 
4216 2847 2522 2915 
4217 1724 1661 1725 
4218 1724 1725 1726 
4219 2845 2316 2905 
4220 2182 2178 2916 
4221 1195 1357 2870 
4222 1187 1144 1189 
4223 1201 1202 1203 
4224 1660 1661 1724 
4225 2727 2583 3010 
4226 1497 2778 2880 
4227 2752 2050 2893 
4228 2558 2009 3103 
4229 2029 2190 2838 
4230 1427 1292 1545 
4231 1084 1966 2944 
4232 2811 1354 2896 
4233 3139 3360 3397 
4234 2757 3058 3384 
4235 1194 1193 1352 
4236 2997 2544 3006 
4237 1908 1553 2887 
4238 1614 1497 2880 
4239 2286 538 3277 
4240 1986 1614 2880 
4241 372 373 2861 
4242 1895 1492 2439 
4243 2159 1591 2900 
4244 1310 1523 1530 
4245 1134 1132 1136 
4246 1531 1532 1533 
4247 1289 1288 1294 
4248 991 2321 2325 
4249 1633 2847 2915 
4250 2355 2358 2513 
4251 2617 2730 2938 
4252 1894 1492 1895 
4253 2008 2402 2943 
4254 1086 1099 1101 
4255 1192 1193 1194 
4256 2565 1803 2902 
4257 2217 1932 2328 
4258 1160 1238 1286 
4259 2948 2568 2956 
4260 1507 1660 2866 
4261 1192 1194 1195 
4262 1607 1507 2866 
4263 3338 2118 3387 
4264 1520 2069 2070 
4265 1549 1548 1702 
4266 1189 1144 2907 
4267 1660 2171 2866 
4268 2102 2105 2903 
4269 1312 1313 3404 
4270 1661 1404 2765 
4271 2325 2321 3200 
4272 518 1169 2849 
4273 1407 2845 2905 
4274 470 471 1412 
4275 1451 1448 3137 
4276 2060 1702 2886 
4277 2515 1178 3038 
4278 2171 1724 2888 
4279 1530 1523 1531 
4280 1907 1951 2009 
4281 1975 1971 2939 
4282 2596 1356 2908 
4283 2053 2054 3037 
4284 1293 1292 1427 
4285 1202 1196 2881 
4286 1583 1581 2830 
4287 2180 2181 2184 
4288 1931 1929 2019 
4289 45 1566 3373 
4290 1429 1428 1430 
4291 2860 2478 3377 
4292 2741 2932 3305 
4293 1196 1194 2881 
4294 2161 553 3452 
4295 2165 2868 3309 
4296 1096 1055 2352 
4297 1479 1481 1779 
4298 1012 994 1013 
4299 1237 1285 2029 
4300 2787 1415 2889 
4301 1682 2426 3451 
4302 1012 1013 1017 
4303 1401 1400 1402 
4304 1702 1548 2886 
4305 2571 1170 3142 
4306 1130 1128 1131 
4307 1191 1192 2870 
4308 2088 2089 2950 
4309 1415 1565 2889 
4310 1284 2031 2032 
4311 2478 2860 3362 
4312 2963 2530 2973 
4313 1286 1287 1416 
4314 1581 1579 1590 
4315 1924 1923 1925 
4316 1565 1939 2901 
4317 1068 1596 2860 
4318 1133 1135 1390 
4319 2389 2097 3206 
4320 1812 2795 2796 
4321 1271 2568 2948 
4322 1287 1238 1288 
4323 2435 1418 2965 
4324 1110 1097 1112 
4325 1177 1185 1191 
4326 2978 2616 2980 
4327 1514 1482 1515 
4328 1356 2816 2908 
4329 1724 1726 2888 
4330 1492 1450 2439 
4331 2263 2692 3251 
4332 1927 1925 1928 
4333 1357 1200 2913 
4334 1188 1187 2453 
4335 1932 1928 2904 
4336 1970 2915 2927 
4337 1505 1407 2905 
4338 1129 1128 1130 
4339 1578 1430 1591 
4340 1637 2139 2886 
4341 1201 1203 2895 
4342 1127 1122 1128 
4343 1465 1466 1467 
4344 1138 3154 3454 
4345 1025 1026 1040 
4346 1191 1185 1192 
4347 1522 1309 1680 
4348 1286 1238 1287 
4349 1054 1055 1096 
4350 1797 2261 2262 
4351 1979 1976 2956 
4352 1147 1173 1175 
4353 430 431 2962 
4354 2304 2303 2305 
4355 1203 1210 2895 
4356 1733 2093 2891 
4357 2449 1555 3026 
4358 1930 1931 1990 
4359 2071 2890 3014 
4360 1174 1148 1176 
4361 1058 1056 2856 
4362 1192 1195 2870 
4363 1194 1352 2881 
4364 3198 2231 3353 
4365 2816 1864 2908 
4366 1427 1545 1546 
4367 1160 1159 1237 
4368 1440 1684 1685 
4369 1368 1201 2895 
4370 1284 1129 2031 
4371 1390 1439 1440 
4372 1137 1136 1159 
4373 2889 1565 2901 
4374 1267 2530 2963 
4375 1915 1916 2941 
4376 1664 1633 2915 
4377 1287 1288 1289 
4378 1608 1577 2114 
4379 1685 1684 2899 
4380 1532 1523 2891 
4381 1293 1427 1428 
4382 2118 2117 3387 
4383 1797 1907 2261 
4384 1687 1822 1823 
4385 1546 1545 1553 
4386 1390 1135 1439 
4387 1546 1794 2946 
4388 1615 1964 3090 
4389 1733 1680 2062 
4390 1175 1292 1293 
4391 2371 2372 2376 
4392 1733 2062 2092 
4393 1990 1931 2084 
4394 1230 3086 3185 
4395 2497 1771 2937 
4396 1904 1081 1905 
4397 1599 1612 1613 
4398 1439 1135 1544 
4399 1955 2153 2918 
4400 1587 1585 1594 
4401 1175 1173 1292 
4402 1398 1397 1399 
4403 1097 1084 2944 
4404 1263 2616 2978 
4405 2138 2596 2918 
4406 1037 2261 3340 
4407 1200 1368 2913 
4408 1431 1430 1578 
4409 1802 1920 1921 
4410 2092 2062 2391 
4411 1799 1612 2052 
4412 1579 1578 2910 
4413 2236 2234 2244 
4414 1144 1141 2907 
4415 1160 1237 1238 
4416 2403 1320 3084 
4417 2328 1932 2904 
4418 538 2286 3334 
4419 1928 1929 1930 
4420 1072 1070 1089 
4421 1797 1781 1907 
4422 1748 1749 2232 
4423 2940 1524 2975 
4424 1134 1136 1137 
4425 1983 1980 2973 
4426 2031 2964 3011 
4427 1098 1110 1111 
4428 2159 3005 3112 
4429 1118 2595 2931 
4430 1137 1159 1160 
4431 1050 1094 1114 
4432 2918 2153 2928 
4433 1522 1680 1733 
4434 2406 2408 3244 
4435 2186 2249 2250 
4436 2138 2918 2928 
4437 1523 1522 2891 
4438 1975 2939 2948 
4439 1046 1042 1198 
4440 270 271 2985 
4441 1578 1591 1812 
4442 2522 1275 2927 
4443 2727 603 2977 
4444 1177 1184 1185 
4445 2920 1884 2924 
4446 3011 1688 3046 
4447 2384 2382 2385 
4448 1704 2469 3330 
4449 604 1172 2977 
4450 2330 1463 2333 
4451 2584 2193 2988 
4452 1066 1064 2837 
4453 1748 1592 1749 
4454 1592 1908 2912 
4455 1440 1439 1684 
4456 1193 1185 2906 
4457 1970 2927 2939 
4458 2519 2220 2996 
4459 1522 1733 2891 
4460 2063 2881 2925 
4461 2462 2350 2921 
4462 2503 2811 2920 
4463 1930 1929 1931 
4464 2135 2138 2928 
4465 1884 2151 2924 
4466 2360 2312 3308 
4467 1173 1148 1174 
4468 1422 1595 2747 
4469 2501 2500 3087 
4470 1812 1591 2158 
4471 2428 2430 2947 
4472 1310 1522 1523 
4473 1399 1400 1401 
4474 1546 1553 1554 
4475 2372 2374 2958 
4476 2984 1502 3141 
4477 1371 1087 1422 
4478 2627 1918 2982 
4479 2150 1938 2988 
4480 2362 3203 3394 
4481 2306 2307 2311 
4482 2439 1452 2885 
4483 1799 2052 2273 
4484 1870 1872 2930 
4485 1793 1598 2834 
4486 2136 2928 2933 
4487 2588 1139 3077 
4488 2543 2544 2997 
4489 1613 1612 1799 
4490 1629 1740 3002 
4491 1393 1549 2925 
4492 2915 2522 2927 
4493 1137 2857 2926 
4494 2843 2566 3000 
4495 2079 2844 2975 
4496 2116 1868 3023 
4497 1928 1925 1929 
4498 1060 1058 1179 
4499 1133 1134 1135 
4500 1125 1524 2940 
4501 1554 1592 1748 
4502 1928 1930 2904 
4503 1467 1471 1472 
4504 981 3248 3360 
4505 2224 3412 3435 
4506 1370 1372 1373 
4507 1687 1685 1822 
4508 1554 1553 1592 
4509 1177 1176 1184 
4510 1174 1176 1177 
4511 2027 1627 3002 
4512 2896 1884 2920 
4513 1314 1188 2453 
4514 1062 1063 1081 
4515 2811 2896 2920 
4516 598 599 3004 
4517 1379 1380 1387 
4518 978 3130 3369 
4519 1599 1589 1612 
4520 1077 1074 1418 
4521 2925 1549 2966 
4522 1134 1137 2926 
4523 1147 1148 1173 
4524 2153 2246 2933 
4525 1590 1579 2910 
4526 2158 2159 2160 
4527 1822 1685 2899 
4528 1512 1400 2914 
4529 1613 1799 1800 
4530 1399 1397 1400 
4531 1581 1590 2830 
4532 1036 1043 1091 
4533 1115 1116 1147 
4534 1352 1393 2925 
4535 2834 2422 2967 
4536 2616 2617 2980 
4537 1127 1128 1129 
4538 2730 1844 2938 
4539 2377 2376 2382 
4540 2586 2940 2975 
4541 2832 2831 2833 
4542 1184 2293 2906 
4543 1098 1111 1121 
4544 1919 1899 2218 
4545 2938 1844 2943 
4546 414 415 3001 
4547 1812 2796 2910 
4548 2371 2376 2377 
4549 1744 1815 2165 
4550 2586 2907 2940 
4551 2881 1352 2925 
4552 1979 2956 2963 
4553 1971 1970 2939 
4554 1528 2776 3378 
4555 1844 2008 2943 
4556 1465 1464 1466 
4557 1499 2515 3063 
4558 1545 1292 2911 
4559 3218 2406 3244 
4560 1121 1111 1122 
4561 381 382 2934 
4562 1237 2029 2909 
4563 1101 1099 1163 
4564 1039 1085 1525 
4565 2515 3038 3063 
4566 1111 1110 1152 
4567 1185 1184 2906 
4568 1423 1422 2747 
4569 2377 2382 2384 
4570 2583 2582 3010 
4571 2374 2414 2958 
4572 1060 1179 1370 
4573 1133 1132 1134 
4574 1749 1592 2912 
4575 1303 1308 1503 
4576 995 2343 3110 
4577 1802 1800 1920 
4578 2019 1929 2949 
4579 2469 2470 3330 
4580 1923 1921 1926 
4581 1975 2948 2956 
4582 1130 1131 1132 
4583 1135 1134 2926 
4584 1292 1173 2911 
4585 1481 1482 1514 
4586 1596 1066 2837 
4587 3207 2700 3455 
4588 1121 1122 1127 
4589 1397 1396 2914 
4590 1797 2262 2960 
4591 1288 1238 2909 
4592 1456 1458 2951 
4593 2063 2925 2966 
4594 1438 1437 1634 
4595 1169 519 2972 
4596 1983 2973 2978 
4597 1147 1116 1148 
4598 372 2861 2954 
4599 1446 1448 1449 
4600 2559 2552 3431 
4601 1428 1427 2946 
4602 2550 1271 2948 
4603 1238 1237 2909 
4604 1886 2609 3091 
4605 1378 1381 1382 
4606 1085 1097 1098 
4607 2089 2121 2950 
4608 1130 1132 1133 
4609 2624 1957 3012 
4610 1315 1528 3378 
4611 407 408 3009 
4612 555 2438 2952 
4613 1165 508 3007 
4614 1427 1546 2946 
4615 2383 2376 2958 
4616 1361 2909 2961 
4617 1780 1781 1797 
4618 2770 1474 3187 
4619 1173 1174 2911 
4620 1387 1388 1445 
4621 2901 1939 2932 
4622 1395 1396 1397 
4623 1084 1038 1966 
4624 1098 1097 1110 
4625 1310 1309 1522 
4626 1095 1051 1180 
4627 1042 1035 2986 
4628 1300 1301 1487 
4629 1812 2158 2795 
4630 2282 1917 3000 
4631 1094 1095 1115 
4632 2073 2323 2393 
4633 1164 1279 1300 
4634 1960 1962 2991 
4635 2094 2232 3392 
4636 1578 1812 2910 
4637 1153 315 2998 
4638 1050 1051 1094 
4639 2939 2550 2948 
4640 1085 1098 2839 
4641 1047 1048 1050 
4642 2116 3084 3276 
4643 1112 1097 2944 
4644 2344 995 3322 
4645 1400 1397 2914 
4646 516 517 3019 
4647 1663 1972 3015 
4648 2374 2413 2414 
4649 1544 1135 2926 
4650 1585 1583 2917 
4651 2473 1704 3015 
4652 1976 1975 2956 
4653 2900 1428 2946 
4654 2830 1590 2831 
4655 2113 2924 2974 
4656 2928 2153 2933 
4657 1115 1095 1116 
4658 520 521 3018 
4659 2272 1793 2834 
4660 1043 1046 1047 
4661 1979 2963 2973 
4662 998 333 3028 
4663 334 1344 3028 
4664 1374 1376 1912 
4665 1683 2941 3416 
4666 1064 2395 2837 
4667 1133 1390 2929 
4668 316 1666 2998 
4669 1517 1551 1552 
4670 2621 2015 3034 
4671 2481 2519 2996 
4672 1452 1454 2885 
4673 1583 2830 2917 
4674 2555 2558 3103 
4675 1704 1632 3015 
4676 1105 430 2962 
4677 1093 2281 3283 
4678 2039 2067 2239 
4679 1422 1577 1595 
4680 2630 2823 3445 
4681 1098 1121 2839 
4682 1499 3063 3083 
4683 1386 1394 1395 
4684 1395 1394 1396 
4685 1394 1385 1602 
4686 2213 2254 3203 
4687 1489 4 3113 
4688 2707 2706 3058 
4689 1065 1067 1325 
4690 314 1153 3020 
4691 2907 1141 2940 
4692 2568 1267 2963 
4693 1510 1471 1550 
4694 1449 1450 1492 
4695 1141 1125 2940 
4696 2318 2070 3085 
4697 2191 2025 3098 
4698 2544 1296 3006 
4699 1063 1065 2923 
4700 2306 2305 2307 
4701 519 520 2972 
4702 3322 1339 3442 
4703 1017 1027 2953 
4704 2854 2191 3098 
4705 986 2445 3182 
4706 1041 1054 2971 
4707 1780 1635 1781 
4708 1516 1515 1517 
4709 1834 2259 2959 
4710 1525 1085 2839 
4711 1894 1895 2038 
4712 2036 2034 2037 
4713 2010 2851 3421 
4714 1467 1466 1471 
4715 1418 1074 2999 
4716 1035 1033 1597 
4717 2064 2063 2966 
4718 2029 2838 2961 
4719 1422 1087 1577 
4720 3130 2250 3369 
4721 1436 3104 3350 
4722 2538 2546 3073 
4723 1514 1516 1913 
4724 1983 2978 2980 
4725 1953 2060 3260 
4726 1594 1585 2917 
4727 2909 2029 2961 
4728 1742 1741 2334 
4729 1980 1979 2973 
4730 2105 2106 3053 
4731 1608 2114 2955 
4732 1937 1796 2968 
4733 1555 2352 3026 
4734 1384 1385 1386 
4735 1094 1051 1095 
4736 1701 20 3108 
4737 1382 1383 1384 
4738 2956 2568 2963 
4739 1129 1130 2929 
4740 1011 312 3041 
4741 1296 2709 3017 
4742 2315 40 3172 
4743 1472 1510 1511 
4744 1083 1082 1086 
4745 1050 1048 1051 
4746 496 497 3057 
4747 1308 1309 1310 
4748 1085 1084 1097 
4749 2324 1052 3228 
4750 2079 2997 3006 
4751 2301 2299 3177 
4752 2712 3029 3036 
4753 2637 2726 3307 
4754 1514 1515 1516 
4755 1549 1703 2966 
4756 1071 1070 1072 
4757 1386 1385 1394 
4758 2709 1346 3021 
4759 1383 1381 1914 
4760 2591 2802 3289 
4761 1047 1046 1048 
4762 3006 1296 3017 
4763 2765 1512 3023 
4764 542 1328 3016 
4765 1595 1577 1608 
4766 3159 2142 3327 
4767 2111 2113 3059 
4768 389 390 3062 
4769 2530 1263 2978 
4770 2991 2209 3349 
4771 3017 2709 3021 
4772 1899 1608 1900 
4773 603 604 2977 
4774 2376 2372 2958 
4775 2549 1023 3071 
4776 1382 1381 1383 
4777 2027 3002 3089 
4778 1374 1096 1375 
4779 1346 2711 3024 
4780 1297 2523 3295 
4781 2983 2825 3070 
4782 1590 2910 2976 
4783 1472 1471 1510 
4784 3154 2852 3454 
4785 2352 1057 3008 
4786 317 318 3055 
4787 2844 2586 2975 
4788 3021 1346 3024 
4789 1954 1956 3056 
4790 1925 1923 2949 
4791 1177 1191 2981 
4792 2203 2399 3302 
4793 2931 2010 3421 
4794 3024 2711 3027 
4795 1904 1905 1906 
4796 1040 1041 2971 
4797 2887 2911 2981 
4798 553 987 3452 
4799 2159 2900 3005 
4800 2711 1360 3027 
4801 1080 1079 1082 
4802 2071 3014 3045 
4803 2052 1612 2957 
4804 2749 1983 2980 
4805 3027 1360 3031 
4806 1086 1101 2945 
4807 1634 1635 1780 
4808 1081 1063 2923 
4809 1918 2626 2982 
4810 1360 2710 3031 
4811 1595 1608 1899 
4812 1378 1377 1379 
4813 424 425 3067 
4814 2265 1958 3073 
4815 3031 2710 3035 
4816 2911 1174 2981 
4817 1929 1925 2949 
4818 1130 1133 2929 
4819 3222 45 3373 
4820 1454 1468 2885 
4821 2686 2443 3029 
4822 2251 1950 3111 
4823 2289 1154 3396 
4824 2710 1369 3035 
4825 1900 2955 3351 
4826 1043 1042 1046 
4827 1376 1375 1377 
4828 1139 403 3079 
4829 3035 1369 3036 
4830 1390 1440 2964 
4831 2705 996 3056 
4832 271 1338 2985 
4833 2198 1910 2199 
4834 2051 2480 3120 
4835 1938 2584 2988 
4836 2973 2530 2978 
4837 404 2759 3079 
4838 1369 2712 3036 
4839 1308 1307 1309 
4840 1587 1594 2957 
4841 1387 1445 1547 
4842 1552 1741 1742 
4843 2768 2196 3065 
4844 1814 2251 3123 
4845 3079 2759 3444 
4846 3196 2255 3313 
4847 2369 375 3044 
4848 1780 1797 2960 
4849 1384 1383 1385 
4850 2054 1423 2747 
4851 2329 1463 2330 
4852 1547 1445 1910 
4853 1054 1374 2971 
4854 1962 2209 2991 
4855 1597 1033 2452 
4856 3029 1389 3049 
4857 1300 1279 1301 
4858 1972 3071 3432 
4859 1059 1062 3008 
4860 1589 1587 2957 
4861 2712 1389 3029 
4862 1278 2214 2942 
4863 1378 1379 1381 
4864 2204 2334 3248 
4865 3206 2195 3333 
4866 2031 1129 2929 
4867 1445 1446 2979 
4868 1923 1926 2949 
4869 1071 1072 1073 
4870 1670 1669 3087 
4871 2694 2693 3060 
4872 2924 2151 2974 
4873 1446 1449 2979 
4874 1036 1042 1043 
4875 1018 1013 1311 
4876 541 542 3016 
4877 1951 3099 3128 
4878 311 1011 3074 
4879 2408 2404 3084 
4880 1033 1015 2452 
4881 1174 1177 2981 
4882 3057 497 3247 
4883 2079 2975 2997 
4884 1376 1377 1378 
4885 1054 1096 1374 
4886 2846 1513 3140 
4887 1083 1086 1087 
4888 2151 1883 3088 
4889 315 316 2998 
4890 2794 2013 3077 
4891 1080 1082 1083 
4892 1449 1492 1665 
4893 1935 2095 3105 
4894 1524 2543 2997 
4895 2960 2285 3030 
4896 1612 1589 2957 
4897 1511 1519 1520 
4898 1057 1059 3008 
4899 1828 1886 3091 
4900 1374 1375 1376 
4901 1198 1042 2986 
4902 1665 1894 2061 
4903 1303 1307 1308 
4904 2832 3042 3043 
4905 1547 1910 2198 
4906 470 1412 3039 
4907 1044 2388 3125 
4908 2831 1590 2976 
4909 1627 1629 3002 
4910 1900 1608 2955 
4911 1412 471 3047 
4912 1495 414 3001 
4913 1301 1279 1302 
4914 1039 1084 1085 
4915 2309 2302 3263 
4916 3005 2278 3112 
4917 2150 2988 3278 
4918 2824 3207 3455 
4919 2491 2093 3271 
4920 2086 2231 2294 
4921 1665 1492 1894 
4922 1917 2843 3000 
4923 2388 2387 3200 
4924 599 1499 3004 
4925 1989 1906 2119 
4926 1017 1025 1027 
4927 1101 1163 1164 
4928 1014 1015 1020 
4929 2328 1285 3366 
4930 500 501 3109 
4931 1378 1382 2983 
4932 2910 2796 2976 
4933 2964 1686 3011 
4934 277 995 3110 
4935 1341 276 3110 
4936 1944 2744 3273 
4937 2084 2445 3252 
4938 2582 2529 3010 
4939 1367 2294 3294 
4940 1324 2520 3013 
4941 1164 1163 1278 
4942 508 509 3007 
4943 1078 1079 1080 
4944 2075 2079 3006 
4945 1303 1302 1307 
4946 2272 2834 2967 
4947 1317 1475 3092 
4948 6 978 3369 
4949 2070 2069 2922 
4950 1577 1087 2945 
4951 1343 328 3114 
4952 329 1029 3114 
4953 2761 407 3009 
4954 2245 2014 3120 
4955 1013 994 3025 
4956 1904 1906 1989 
4957 1374 1912 2971 
4958 1301 1302 1303 
4959 1906 2018 2984 
4960 327 1343 3117 
4961 996 326 3117 
4962 1744 2165 3061 
4963 2411 1092 3157 
4964 1087 1086 2945 
4965 2304 2308 3263 
4966 2947 2430 3182 
4967 3185 3086 3292 
4968 1303 1503 2993 
4969 21 980 3108 
4970 1957 2623 3012 
4971 1747 2022 2086 
4972 1458 2329 2951 
4973 1511 1510 1519 
4974 1520 1519 1855 
4975 1022 1033 1034 
4976 2823 1155 3445 
4977 2075 3006 3017 
4978 352 1006 3126 
4979 1336 351 3126 
4980 2165 1815 3440 
4981 388 389 3124 
4982 3039 1412 3040 
4983 2981 1191 3052 
4984 1556 1717 1718 
4985 1164 1278 1279 
4986 2076 2075 3017 
4987 2120 2248 3016 
4988 517 2849 3019 
4989 313 314 3020 
4990 1632 1663 3015 
4991 1449 1665 2979 
4992 1373 1372 1432 
4993 1297 525 3144 
4994 1001 1002 1014 
4995 1520 2070 3227 
4996 1230 51 3086 
4997 1936 2482 3072 
4998 2200 2057 3151 
4999 2076 3017 3021 
5000 2471 1306 3290 
5001 1516 1517 1710 
5002 2890 2064 3014 
5003 1951 1781 3099 
5004 2234 1768 2919 
5005 1903 1081 1904 
5006 2886 2139 3096 
5007 3010 2529 3038 
5008 3022 1300 3145 
5009 2098 2436 3365 
5010 1953 2707 3352 
5011 512 1350 3142 
5012 2078 2076 3021 
5013 2868 2433 3235 
5014 2147 2213 2362 
5015 1047 2348 3409 
5016 1477 2360 3308 
5017 2516 3040 3407 
5018 526 2604 3144 
5019 1078 1077 1079 
5020 3029 2443 3036 
5021 2194 2230 3057 
5022 1379 1387 2987 
5023 3004 1499 3083 
5024 1780 2960 3030 
5025 1634 1437 1635 
5026 2078 3021 3024 
5027 2034 2032 3046 
5028 30 31 2436 
5029 1389 2713 3049 
5030 2064 2966 3014 
5031 1912 1376 2983 
5032 2394 2287 3448 
5033 1914 1381 2987 
5034 2291 2078 3024 
5035 1298 2429 3051 
5036 3032 2083 3099 
5037 1170 511 3142 
5038 2975 1524 2997 
5039 2069 1855 2423 
5040 2974 2695 3344 
5041 2574 2141 3152 
5042 2291 3024 3027 
5043 2273 2274 3116 
5044 1062 1081 1903 
5045 591 58 3314 
5046 2421 2420 3341 
5047 2686 3029 3049 
5048 1868 2765 3023 
5049 2314 2291 3027 
5050 989 990 1001 
5051 1025 1040 2992 
5052 58 592 3314 
5053 3091 1199 3183 
5054 333 334 3028 
5055 2314 3027 3031 
5056 1092 323 3157 
5057 1034 1036 3068 
5058 2226 2225 2227 
5059 1936 3072 3209 
5060 1963 2149 3160 
5061 1910 1445 2979 
5062 2289 2080 3152 
5063 1002 2437 2452 
5064 1306 2468 3239 
5065 2336 2314 3031 
5066 2341 1934 3102 
5067 1487 1301 2993 
5068 1073 1074 1075 
5069 2966 1703 3014 
5070 2093 2491 3243 
5071 2572 2573 3163 
5072 1034 1033 1035 
5073 2832 2833 3042 
5074 2186 2250 3130 
5075 1527 1012 2953 
5076 2065 2611 3207 
5077 630 2615 3159 
5078 1036 1035 1042 
5079 2336 3031 3035 
5080 2015 2620 3034 
5081 1179 1058 2856 
5082 984 985 989 
5083 324 2705 3157 
5084 2537 2534 3160 
5085 2441 2336 3035 
5086 1039 1038 1084 
5087 2239 2240 2892 
5088 3002 2472 3089 
5089 2529 1909 3038 
5090 1289 1316 3122 
5091 1602 1385 2989 
5092 1065 1325 2923 
5093 313 3020 3041 
5094 1034 1035 1036 
5095 2441 3035 3036 
5096 1123 629 3159 
5097 1381 1379 2987 
5098 3049 2713 3064 
5099 2443 2441 3036 
5100 2742 2007 3361 
5101 1432 1372 1436 
5102 469 470 3039 
5103 2552 2553 3173 
5104 1321 2846 3128 
5105 1073 1072 1074 
5106 2962 2560 3406 
5107 1314 2453 3032 
5108 2013 2012 3154 
5109 1302 1279 2942 
5110 2081 2353 3163 
5111 2280 2279 3224 
5112 1181 985 2393 
5113 1191 2870 3052 
5114 2863 1116 3143 
5115 46 47 2935 
5116 2887 2981 3052 
5117 471 472 3047 
5118 2491 2490 3243 
5119 2567 2750 3299 
5120 2240 2241 3246 
5121 1004 2601 3169 
5122 312 313 3041 
5123 1520 1855 2069 
5124 355 356 3214 
5125 3051 2274 3214 
5126 3023 1512 3244 
5127 1164 1300 3022 
5128 988 44 3222 
5129 1693 2169 3165 
5130 2903 2105 3358 
5131 1062 1903 3008 
5132 1021 1020 1038 
5133 2201 1861 3167 
5134 1859 1860 3202 
5135 2857 1941 3129 
5136 2988 1150 3278 
5137 2713 1392 3064 
5138 1416 1287 3122 
5139 1319 1940 3186 
5140 1370 1179 1372 
5141 2635 1782 3201 
5142 2972 520 3018 
5143 1410 321 3194 
5144 2061 2994 2995 
5145 1110 1112 3119 
5146 1279 1278 2942 
5147 1510 1550 3003 
5148 1635 1437 3032 
5149 428 429 3176 
5150 322 1092 3194 
5151 2119 1906 2984 
5152 1887 2813 3165 
5153 2445 2444 3252 
5154 1387 1547 2987 
5155 2169 3079 3444 
5156 983 2073 2393 
5157 2287 1835 3175 
5158 1376 1378 2983 
5159 1991 2007 3189 
5160 1437 1314 3032 
5161 1383 1914 2989 
5162 3080 1357 3082 
5163 37 1124 3326 
5164 1138 2589 3154 
5165 2685 2686 3049 
5166 3052 2870 3080 
5167 305 10 3328 
5168 2059 2200 3050 
5169 2023 37 3326 
5170 11 319 3320 
5171 1703 1953 3045 
5172 1385 1383 2989 
5173 596 1965 3147 
5174 2610 2611 3187 
5175 2286 2011 3183 
5176 10 306 3328 
5177 1171 595 3147 
5178 318 11 3320 
5179 3056 1956 3370 
5180 2795 1750 3132 
5181 2783 1721 3167 
5182 982 983 984 
5183 3064 1392 3081 
5184 3101 3043 3178 
5185 1171 2456 3220 
5186 2106 2618 3053 
5187 2693 1336 3060 
5188 3038 1909 3063 
5189 1552 1742 1744 
5190 1019 2815 3402 
5191 2391 1049 3401 
5192 2114 3022 3145 
5193 1075 1077 1078 
5194 2114 2945 3022 
5195 3014 1703 3045 
5196 1799 2273 3116 
5197 3101 3178 3241 
5198 1071 1076 3269 
5199 1094 1115 3115 
5200 1898 2281 3211 
5201 2032 3011 3046 
5202 1666 317 3055 
5203 2988 2193 3398 
5204 2219 2027 3089 
5205 422 423 3107 
5206 2696 1007 3205 
5207 2685 3049 3064 
5208 1146 496 3057 
5209 2152 1954 3056 
5210 1301 1303 2993 
5211 2618 2111 3059 
5212 2329 2331 2951 
5213 1447 3134 3137 
5214 1556 1434 1717 
5215 2833 2831 3093 
5216 1311 1013 3025 
5217 2706 1341 3058 
5218 1075 1074 1077 
5219 2148 1893 3054 
5220 1909 1952 3063 
5221 2474 2475 3272 
5222 1966 1038 3033 
5223 1392 2714 3081 
5224 2225 988 2969 
5225 1680 3294 3393 
5226 1412 3047 3437 
5227 2912 3080 3082 
5228 993 1012 1527 
5229 1410 3194 3453 
5230 2965 1418 2999 
5231 2402 1030 3242 
5232 2962 431 3267 
5233 390 1118 3062 
5234 2483 999 3260 
5235 3058 1341 3384 
5236 1503 2854 3098 
5237 2241 2361 3100 
5238 1021 1038 1039 
5239 2467 1788 3328 
5240 2155 2048 3060 
5241 1029 2614 3405 
5242 638 982 2229 
5243 2367 1009 3286 
5244 395 396 3217 
5245 1639 1511 3227 
5246 2086 2022 2231 
5247 1745 1742 1746 
5248 1311 2260 3368 
5249 2687 2685 3064 
5250 2194 3057 3247 
5251 1920 1800 3116 
5252 52 1611 3086 
5253 2061 1894 2994 
5254 2211 1911 3209 
5255 1981 1984 3169 
5256 2719 2720 3225 
5257 1538 1869 3131 
5258 3028 1344 3408 
5259 2263 2088 3285 
5260 515 41 3316 
5261 1409 3139 3397 
5262 1052 1026 3368 
5263 2722 2721 3225 
5264 2037 2034 3046 
5265 2400 2087 3355 
5266 394 395 3224 
5267 2244 2234 2919 
5268 3081 2714 3095 
5269 1040 2971 3069 
5270 1636 1634 3030 
5271 1894 2038 2994 
5272 1988 2768 3065 
5273 41 516 3316 
5274 1105 2962 3406 
5275 29 30 3156 
5276 1908 2887 3052 
5277 2329 2330 2331 
5278 3088 2166 3442 
5279 2073 2 2322 
5280 2009 2558 3340 
5281 1912 2983 3070 
5282 1115 2921 3115 
5283 1108 424 3067 
5284 3063 1952 3083 
5285 2189 3066 3150 
5286 1973 2549 3395 
5287 1687 1823 3158 
5288 1747 2086 3208 
5289 1886 1829 3229 
5290 2188 2187 3164 
5291 1014 1020 1021 
5292 2687 3064 3081 
5293 1831 1944 3229 
5294 2945 1101 3022 
5295 1744 1742 1745 
5296 3050 2464 3295 
5297 1023 2542 3071 
5298 42 522 3319 
5299 1908 3052 3080 
5300 423 1108 3107 
5301 2160 2159 3112 
5302 1519 1510 3003 
5303 2512 2511 3437 
5304 3068 3287 3301 
5305 1773 1774 3388 
5306 425 426 3236 
5307 310 311 3074 
5308 331 332 3238 
5309 2204 3248 3356 
5310 1958 2538 3073 
5311 434 435 3237 
5312 2171 2888 3186 
5313 2429 1926 3343 
5314 2870 1357 3080 
5315 521 42 3319 
5316 1027 1025 2992 
5317 1022 1034 1420 
5318 2714 1405 3095 
5319 2226 2227 2312 
5320 1166 2465 3293 
5321 1855 1519 3037 
5322 1469 2338 3364 
5323 2600 1327 3253 
5324 1952 2455 3083 
5325 57 1960 3311 
5326 2040 2824 3233 
5327 1037 548 3266 
5328 3087 2500 3337 
5329 2418 1477 3308 
5330 562 57 3311 
5331 2404 2403 3084 
5332 2168 2794 3077 
5333 2408 3023 3244 
5334 498 1150 3247 
5335 1869 1536 3231 
5336 977 2254 3365 
5337 2427 2916 3130 
5338 1744 1745 1815 
5339 403 404 3079 
5340 1860 1646 3240 
5341 3128 2846 3140 
5342 35 409 3321 
5343 2680 2687 3081 
5344 529 530 3256 
5345 1101 1164 3022 
5346 1116 1095 3143 
5347 408 35 3321 
5348 2113 2974 3344 
5349 990 1181 2437 
5350 2745 2263 3251 
5351 2606 1208 3273 
5352 2199 1910 3076 
5353 1009 2368 3336 
5354 1179 2856 3104 
5355 2190 2904 3434 
5356 1298 3051 3214 
5357 2760 1299 3254 
5358 1417 1888 3265 
5359 1649 1751 3258 
5360 2524 2264 3389 
5361 3099 2083 3128 
5362 1533 1532 3231 
5363 1779 1481 3166 
5364 3095 1405 3106 
5365 1008 2700 3207 
5366 3072 2532 3209 
5367 2363 2017 3215 
5368 1021 2390 3212 
5369 1128 1122 3259 
5370 2979 1665 3076 
5371 1036 1091 3068 
5372 330 331 3274 
5373 2337 1351 3210 
5374 528 529 3168 
5375 1032 2394 3105 
5376 538 539 3277 
5377 1327 2548 3304 
5378 1150 2988 3398 
5379 440 441 3283 
5380 432 1104 3267 
5381 2547 2962 3267 
5382 342 1474 3286 
5383 1420 1034 3068 
5384 439 440 3284 
5385 2724 2723 3279 
5386 2726 2725 3279 
5387 1754 1670 3087 
5388 2776 2218 3378 
5389 1009 341 3286 
5390 2680 3081 3095 
5391 499 500 3278 
5392 2344 3322 3442 
5393 2262 2261 3266 
5394 40 2499 3172 
5395 1020 1022 3033 
5396 1883 2166 3088 
5397 2514 2222 3406 
5398 3412 987 3435 
5399 994 24 3118 
5400 1514 1913 3166 
5401 2469 2473 3293 
5402 3070 2825 3281 
5403 2852 1933 3261 
5404 1910 2979 3076 
5405 2248 2100 3275 
5406 31 32 3394 
5407 2750 437 3299 
5408 979 55 3381 
5409 510 1170 3296 
5410 2167 2016 3332 
5411 438 1100 3299 
5412 2206 2207 3399 
5413 1740 1631 3330 
5414 1405 2715 3106 
5415 2230 2576 3337 
5416 1653 2637 3307 
5417 2769 2243 3275 
5418 2466 2469 3293 
5419 1751 1651 3307 
5420 2912 1908 3080 
5421 2479 1779 3166 
5422 1049 380 3401 
5423 2734 2266 3310 
5424 1168 3206 3234 
5425 2743 1165 3189 
5426 2279 1901 3303 
5427 279 1339 3322 
5428 995 278 3322 
5429 2767 1828 3091 
5430 1680 1309 3294 
5431 1746 1742 2334 
5432 1986 2880 3202 
5433 2096 2827 3289 
5434 3077 1139 3417 
5435 1635 3032 3099 
5436 1823 1822 3216 
5437 1357 2913 3082 
5438 2677 2680 3095 
5439 537 538 3334 
5440 1337 339 3336 
5441 340 1009 3336 
5442 1306 309 3290 
5443 1710 1517 3061 
5444 2792 1798 3303 
5445 1634 1780 3030 
5446 292 1030 3342 
5447 5 6 3369 
5448 1316 1317 3092 
5449 1372 1179 3104 
5450 2054 2777 3184 
5451 1151 2633 3400 
5452 3133 2188 3164 
5453 1447 2359 3134 
5454 1519 3003 3037 
5455 2632 2631 3445 
5456 433 434 3347 
5457 3106 2715 3121 
5458 2633 2634 3386 
5459 2812 291 3342 
5460 2614 1029 3274 
5461 1721 1538 3131 
5462 1811 2633 3386 
5463 1674 1676 3386 
5464 378 2363 3215 
5465 620 621 3427 
5466 2278 1003 3112 
5467 1155 617 3420 
5468 3105 2394 3448 
5469 3102 1934 3123 
5470 619 1151 3400 
5471 2226 2312 2317 
5472 1594 3043 3101 
5473 2735 2276 3391 
5474 2224 2225 2226 
5475 427 428 3410 
5476 1950 2417 3111 
5477 1285 1159 3366 
5478 2060 2886 3096 
5479 1154 502 3396 
5480 415 36 3329 
5481 2614 2163 3405 
5482 1464 1470 3359 
5483 13 14 3127 
5484 2045 2044 3446 
5485 593 594 3220 
5486 2677 3095 3106 
5487 1504 1667 3325 
5488 2520 1019 3402 
5489 1030 2698 3242 
5490 1905 2923 3075 
5491 2868 3235 3309 
5492 1665 2061 3076 
5493 2224 988 2225 
5494 1969 1973 3395 
5495 2039 2239 3185 
5496 2705 3056 3370 
5497 2556 2555 3103 
5498 2002 2192 3383 
5499 36 416 3329 
5500 1752 2764 3431 
5501 2052 2957 3101 
5502 1822 2899 3090 
5503 2715 1408 3121 
5504 2331 2330 2332 
5505 1307 1367 3294 
5506 2971 1912 3069 
5507 1517 1552 3061 
5508 59 598 3335 
5509 1964 1709 3390 
5510 2250 2249 3113 
5511 3016 1328 3255 
5512 1984 1985 3242 
5513 1657 2516 3407 
5514 3069 1912 3070 
5515 2143 3028 3408 
5516 1253 2513 3326 
5517 2149 2540 3210 
5518 1672 1674 3201 
5519 51 52 3086 
5520 2536 2537 3107 
5521 1126 2591 3289 
5522 2676 2677 3106 
5523 3119 2421 3341 
5524 2338 1502 3135 
5525 1076 1073 3372 
5526 501 1154 3109 
5527 1047 1050 3429 
5528 1003 13 3127 
5529 1453 1451 3141 
5530 3121 1408 3136 
5531 2957 1594 3101 
5532 1477 2418 3385 
5533 2273 2052 3241 
5534 2284 2161 3419 
5535 2024 2191 3211 
5536 1394 1602 3197 
5537 276 277 3110 
5538 2511 3040 3437 
5539 597 59 3335 
5540 1544 2926 3129 
5541 1448 1447 3137 
5542 1324 3013 3252 
5543 993 994 1012 
5544 328 329 3114 
5545 2995 979 3138 
5546 1907 2009 3340 
5547 2676 3106 3121 
5548 2199 3076 3138 
5549 468 38 3345 
5550 39 473 3346 
5551 1781 1635 3099 
5552 2276 2277 3238 
5553 1750 16 3132 
5554 2932 1939 3305 
5555 2437 1181 3066 
5556 326 327 3117 
5557 2410 1477 3385 
5558 381 2934 3401 
5559 1532 2891 3243 
5560 503 2353 3396 
5561 1408 2716 3136 
5562 1636 3030 3078 
5563 17 1107 3132 
5564 2831 2976 3093 
5565 1940 2774 3456 
5566 2069 2423 3048 
5567 2312 1639 3422 
5568 2014 2051 3120 
5569 2243 2286 3277 
5570 2467 307 3239 
5571 2976 2796 3094 
5572 2423 1855 3184 
5573 1359 29 3156 
5574 2362 1409 3397 
5575 2678 2676 3121 
5576 2992 1040 3069 
5577 1934 1814 3123 
5578 1669 2905 3413 
5579 30 2436 3367 
5580 38 469 3345 
5581 472 39 3346 
5582 1636 2922 3048 
5583 2425 2426 3416 
5584 1117 388 3124 
5585 3136 2716 3146 
5586 2701 2266 3291 
5587 1132 1131 3331 
5588 3112 1003 3127 
5589 2615 1044 3125 
5590 2605 2606 3306 
5591 2950 2121 3408 
5592 351 352 3126 
5593 3030 2285 3078 
5594 2083 1321 3128 
5595 2098 1718 2099 
5596 2489 2493 3131 
5597 997 2974 3357 
5598 2678 3121 3136 
5599 1745 1746 1747 
5600 2904 1930 3434 
5601 1287 1289 3122 
5602 2389 1168 3219 
5603 1552 1744 3061 
5604 2183 2398 3153 
5605 1800 1799 3116 
5606 1114 1094 3115 
5607 2716 1411 3146 
5608 2923 1325 3075 
5609 2774 2866 3456 
5610 1152 1110 3119 
5611 2227 2228 2418 
5612 1038 1020 3033 
5613 2120 3016 3255 
5614 1111 1152 3354 
5615 1747 2017 2022 
5616 2549 1973 3304 
5617 1051 1048 3403 
5618 3076 2061 3138 
5619 1937 2968 3371 
5620 1926 1921 3343 
5621 3056 996 3415 
5622 2672 2678 3136 
5623 2378 2386 3264 
5624 2430 986 3182 
5625 1046 1198 3339 
5626 2922 1636 3078 
5627 16 17 3132 
5628 2707 3058 3352 
5629 2391 2062 3198 
5630 1252 528 3168 
5631 22 23 3226 
5632 2227 2225 2228 
5633 2754 1252 3168 
5634 3146 1411 3161 
5635 1639 3227 3422 
5636 3066 2188 3133 
5637 1903 1904 3174 
5638 2767 3091 3183 
5639 3007 509 3296 
5640 511 512 3142 
5641 2499 2501 3172 
5642 984 989 1168 
5643 1611 53 3317 
5644 1667 2788 3173 
5645 2916 2186 3130 
5646 19 1701 3195 
5647 1516 1710 3162 
5648 3026 1903 3174 
5649 2277 2614 3274 
5650 2672 3136 3146 
5651 1436 1372 3104 
5652 1022 1420 3033 
5653 1107 18 3195 
5654 525 526 3144 
5655 2922 2069 3048 
5656 23 1769 3226 
5657 1091 1043 3409 
5658 2222 2245 3176 
5659 2162 2318 3085 
5660 2694 3060 3446 
5661 2380 2381 3426 
5662 1411 2717 3161 
5663 2009 1951 3140 
5664 2281 2282 3283 
5665 1350 2498 3268 
5666 2379 2378 3257 
5667 3013 1937 3371 
5668 2007 2572 3361 
5669 2668 2672 3146 
5670 595 596 3147 
5671 2821 1325 3270 
5672 2703 1000 3441 
5673 3142 1350 3268 
5674 2974 2151 3357 
5675 1471 1466 3425 
5676 3161 2717 3171 
5677 1748 2232 3375 
5678 1325 1067 3270 
5679 2057 2058 3151 
5680 2795 2158 3443 
5681 15 1750 3230 
5682 3252 3013 3371 
5683 2815 1019 3305 
5684 2080 2574 3152 
5685 2926 2857 3129 
5686 2668 3146 3161 
5687 2070 2922 3363 
5688 2160 3112 3127 
5689 308 1306 3239 
5690 1300 1487 3145 
5691 2955 2114 3145 
5692 2245 3120 3410 
5693 1977 2601 3253 
5694 1596 2275 3362 
5695 2044 2598 3205 
5696 2717 1413 3171 
5697 1518 2415 3426 
5698 2558 1037 3340 
5699 2936 1016 3246 
5700 2594 1798 3288 
5701 1049 2391 3198 
5702 1095 1180 3143 
5703 2187 2340 3249 
5704 3015 1972 3155 
5705 2299 2310 3177 
5706 1432 1436 3193 
5707 323 324 3157 
5708 3194 2211 3453 
5709 3171 1413 3179 
5710 2012 2852 3154 
5711 2534 1963 3160 
5712 629 630 3159 
5713 1747 1746 2017 
5714 2667 2668 3161 
5715 1688 1687 3158 
5716 2353 2289 3396 
5717 2025 2513 3297 
5718 2573 2081 3163 
5719 1750 2795 3443 
5720 2147 2362 3397 
5721 3092 2167 3332 
5722 2932 2740 3380 
5723 3093 2976 3094 
5724 2264 2265 3237 
5725 3294 2294 3393 
5726 2059 3050 3295 
5727 2510 3192 3199 
5728 2667 3161 3171 
5729 2294 1367 3323 
5730 1721 3131 3438 
5731 2813 1693 3165 
5732 2061 2995 3138 
5733 1413 2718 3179 
5734 3192 1414 3199 
5735 1943 2116 3276 
5736 1973 2766 3304 
5737 2697 1004 3169 
5738 2197 2754 3168 
5739 3179 2718 3192 
5740 1102 2750 3389 
5741 1861 2783 3167 
5742 1988 3065 3306 
5743 4 5 3113 
5744 3107 1108 3399 
5745 1782 1672 3201 
5746 2139 2396 3374 
5747 1904 1989 3174 
5748 2553 2556 3173 
5749 2449 3026 3174 
5750 2540 2337 3210 
5751 2669 2667 3171 
5752 2726 2637 3430 
5753 2774 1940 3265 
5754 3189 1165 3424 
5755 310 3074 3290 
5756 2229 982 3234 
5757 2669 3171 3179 
5758 2266 2101 3291 
5759 1018 1311 3368 
5760 980 22 3226 
5761 2986 1597 3164 
5762 2563 2669 3179 
5763 2316 2315 3172 
5764 2947 3182 3382 
5765 1951 3128 3140 
5766 1835 2221 3175 
5767 2750 2902 3389 
5768 429 1105 3176 
5769 2152 3056 3415 
5770 3139 981 3360 
5771 2119 2984 3141 
5772 2387 2325 3200 
5773 2393 2323 3150 
5774 2782 1469 3315 
5775 2198 2990 3436 
5776 3125 1964 3390 
5777 2718 1414 3192 
5778 3062 1118 3421 
5779 2452 2437 3133 
5780 3071 2542 3432 
5781 2330 2333 3148 
5782 2563 3179 3192 
5783 2068 2571 3268 
5784 3082 2157 3180 
5785 1926 2947 3382 
5786 1547 2198 3436 
5787 1913 1516 3162 
5788 2221 2774 3265 
5789 3097 1688 3158 
5790 2017 2204 3215 
5791 3060 1336 3414 
5792 2011 2767 3183 
5793 3060 2048 3446 
5794 979 2995 3317 
5795 54 979 3317 
5796 1474 2610 3187 
5797 3100 2361 3428 
5798 2396 2985 3374 
5799 1754 3087 3337 
5800 2303 2301 3300 
5801 2569 1991 3189 
5802 2155 3060 3414 
5803 2168 3077 3417 
5804 2509 2510 3199 
5805 3259 2400 3355 
5806 2215 1815 3208 
5807 1481 1514 3166 
5808 1942 2770 3187 
5809 3287 2082 3301 
5810 2348 2347 3213 
5811 1475 1319 3186 
5812 1717 1434 3193 
5813 3131 2493 3438 
5814 3094 2796 3418 
5815 2509 3199 3204 
5816 2209 2167 3191 
5817 2510 2563 3192 
5818 3257 2378 3264 
5819 2511 2509 3204 
5820 321 322 3194 
5821 2618 3059 3441 
5822 2358 2357 3190 
5823 3085 2070 3363 
5824 2611 1008 3207 
5825 3164 2187 3249 
5826 18 19 3195 
5827 2038 2039 3185 
5828 3085 2284 3419 
5829 1414 2517 3199 
5830 3058 2072 3352 
5831 2095 2932 3380 
5832 2381 2379 3221 
5833 1337 2746 3251 
5834 1149 2638 3411 
5835 2993 1503 3181 
5836 2097 2195 3206 
5837 1749 3180 3196 
5838 1000 3053 3441 
5839 998 3028 3391 
5840 1597 3133 3164 
5841 2437 3066 3133 
5842 2536 3107 3399 
5843 307 308 3239 
5844 2473 3015 3155 
5845 2965 2999 3298 
5846 1798 1569 3288 
5847 3138 979 3170 
5848 3043 3042 3178 
5849 1749 2912 3180 
5850 1434 1432 3193 
5851 356 1298 3214 
5852 3199 2517 3204 
5853 2233 2235 3449 
5854 2073 2322 2323 
5855 1014 1021 3212 
5856 621 3223 3427 
5857 2517 1657 3204 
5858 2766 1977 3253 
5859 1007 2694 3205 
5860 2232 1749 3196 
5861 2435 3162 3235 
5862 1181 2393 3150 
5863 2634 2635 3201 
5864 1597 2452 3133 
5865 2880 1859 3202 
5866 2949 1926 3382 
5867 2312 2227 3308 
5868 1396 1394 3197 
5869 1920 3051 3343 
5870 2265 3073 3347 
5871 1911 1936 3209 
5872 1198 3153 3339 
5873 1569 2010 3288 
5874 594 1171 3220 
5875 43 988 2224 
5876 1010 2812 3310 
5877 2464 1297 3295 
5878 1769 3178 3226 
5879 1019 2741 3305 
5880 2812 2115 3310 
5881 2824 2065 3207 
5882 2326 1748 3375 
5883 1351 2753 3210 
5884 3077 2013 3439 
5885 1316 3092 3332 
5886 1470 3177 3359 
5887 2334 2144 3248 
5888 1985 2402 3242 
5889 1107 3094 3418 
5890 2456 2458 3220 
5891 3090 1964 3216 
5892 2853 1898 3211 
5893 1726 1725 3312 
5894 2142 1986 3327 
5895 396 1126 3217 
5896 2013 3154 3439 
5897 2777 2776 3379 
5898 3248 2144 3360 
5899 2572 3163 3361 
5900 1682 9 3423 
5901 2990 1914 3436 
5902 2010 2931 3288 
5903 3105 2095 3380 
5904 1168 989 3219 
5905 3066 1181 3150 
5906 1396 3197 3218 
5907 2101 2903 3291 
5908 3094 1107 3195 
5909 2776 1528 3379 
5910 1120 394 3224 
5911 2260 1311 3449 
5912 3190 2357 3318 
5913 1420 3068 3301 
5914 2721 2719 3225 
5915 3037 2054 3184 
5916 2237 2236 3350 
5917 2914 1396 3218 
5918 3172 2501 3413 
5919 3186 1940 3456 
5920 1725 1943 3312 
5921 2062 1680 3393 
5922 14 15 3230 
5923 1829 1831 3229 
5924 2912 3082 3180 
5925 2879 1682 3451 
5926 2224 2226 3412 
5927 2953 3257 3264 
5928 2903 1340 3291 
5929 1328 2559 3255 
5930 2934 1391 3271 
5931 1536 1533 3231 
5932 3315 1469 3364 
5933 2598 2040 3233 
5934 2282 3000 3284 
5935 3120 1106 3410 
5936 1000 2704 3358 
5937 56 1773 3381 
5938 1855 3037 3184 
5939 2468 2467 3239 
5940 3213 1091 3409 
5941 2549 3071 3395 
5942 1313 1315 3378 
5943 2423 3184 3379 
5944 426 1106 3236 
5945 1089 2860 3377 
5946 435 1102 3237 
5947 3028 2143 3391 
5948 2228 2225 2969 
5949 332 998 3238 
5950 1511 1520 3227 
5951 2986 3164 3249 
5952 2235 2260 3449 
5953 2160 3127 3230 
5954 2444 1324 3252 
5955 9 992 3423 
5956 1646 1647 3240 
5957 2692 1337 3251 
5958 2332 3148 3149 
5959 2638 1149 3430 
5960 3114 1029 3405 
5961 2154 2082 3287 
5962 1470 2782 3300 
5963 1152 3302 3354 
5964 3045 1953 3352 
5965 2302 2304 3263 
5966 2860 1596 3362 
5967 497 498 3247 
5968 2144 2145 3360 
5969 2210 3025 3118 
5970 2569 3189 3424 
5971 3235 1710 3309 
5972 598 3004 3335 
5973 2815 1937 3402 
5974 2332 2330 3148 
5975 2316 3172 3413 
5976 1139 3079 3417 
5977 2746 2745 3251 
5978 1745 1747 3208 
5979 3360 2145 3397 
5980 2601 2600 3253 
5981 3240 1647 3258 
5982 2092 2934 3271 
5983 2571 3142 3268 
5984 2381 3281 3426 
5985 1512 2914 3244 
5986 1503 3098 3181 
5987 2513 2358 3297 
5988 622 1149 3411 
5989 2272 2944 3450 
5990 1611 2994 3292 
5991 530 1236 3256 
5992 2072 3045 3352 
5993 1726 3312 3349 
5994 1299 2761 3254 
5995 2764 2120 3255 
5996 2702 1005 3285 
5997 2891 2093 3243 
5998 2082 2271 3301 
5999 2856 2324 3262 
6000 2914 3218 3244 
6001 2214 1280 3440 
6002 2475 2476 3272 
6003 3104 2856 3262 
6004 999 2707 3260 
6005 1914 2987 3436 
6006 1647 1649 3258 
6007 621 622 3411 
6008 2399 2400 3302 
6009 2286 3183 3334 
6010 3069 3070 3280 
6011 992 2396 3433 
6012 2145 2147 3397 
6013 3001 415 3329 
6014 1320 2474 3276 
6015 1940 1417 3265 
6016 2951 2331 3428 
6017 1001 1014 3212 
6018 1933 2802 3261 
6019 2199 3138 3170 
6020 548 549 3266 
6021 1131 1128 3259 
6022 2825 1518 3281 
6023 431 432 3267 
6024 1528 2423 3379 
6025 1208 2608 3273 
6026 2284 3085 3363 
6027 24 25 3118 
6028 2331 3100 3428 
6029 3178 1769 3241 
6030 1067 1069 3270 
6031 3156 30 3367 
6032 1069 1071 3269 
6033 2931 2594 3288 
6034 1029 330 3274 
6035 996 3117 3415 
6036 539 1190 3277 
6037 1815 1745 3208 
6038 2100 2769 3275 
6039 2362 2213 3203 
6040 2465 2466 3293 
6041 2588 3077 3439 
6042 1150 499 3278 
6043 2725 2724 3279 
6044 3000 1100 3284 
6045 2088 2950 3285 
6046 2615 3125 3390 
6047 341 342 3286 
6048 2093 2092 3271 
6049 1100 439 3284 
6050 309 310 3290 
6051 1340 2701 3291 
6052 1152 3119 3341 
6053 3025 994 3118 
6054 2523 2059 3295 
6055 3073 1104 3347 
6056 2357 2356 3351 
6057 2802 2096 3289 
6058 441 1093 3283 
6059 2151 3088 3357 
6060 2950 2702 3285 
6061 2516 468 3345 
6062 1165 3007 3424 
6063 3127 14 3230 
6064 509 510 3296 
6065 473 2030 3346 
6066 1124 1253 3326 
6067 1967 2818 3282 
6068 1775 591 3314 
6069 437 438 3299 
6070 1336 3126 3414 
6071 2317 2312 3422 
6072 522 1770 3319 
6073 2038 3185 3292 
6074 1069 3269 3270 
6075 2548 2549 3304 
6076 2420 2203 3341 
6077 3247 1150 3398 
6078 1409 34 3139 
6079 981 377 3356 
6080 2228 2969 2970 
6081 1027 2992 3221 
6082 2744 1988 3306 
6083 1937 3013 3402 
6084 53 54 3317 
6085 3009 408 3321 
6086 1901 2792 3303 
6087 1771 515 3316 
6088 1651 1653 3307 
6089 3061 2165 3309 
6090 3004 1965 3335 
6091 1788 305 3328 
6092 1822 3090 3216 
6093 3096 2139 3374 
6094 1045 562 3311 
6095 2115 2734 3310 
6096 2241 3100 3188 
6097 2318 2317 3422 
6098 2366 1312 3404 
6099 319 2531 3320 
6100 3170 979 3381 
6101 2852 3261 3454 
6102 1939 2815 3305 
6103 2999 1089 3298 
6104 409 1772 3321 
6105 989 1001 3219 
6106 3059 2113 3344 
6107 3215 2204 3356 
6108 2892 2240 3245 
6109 2969 988 3222 
6110 2493 2495 3438 
6111 2363 1049 3353 
6112 984 1168 3234 
6113 278 279 3322 
6114 3053 1000 3358 
6115 3166 1913 3376 
6116 2720 1123 3327 
6117 1309 1307 3294 
6118 1468 2951 3428 
6119 1956 2411 3370 
6120 2016 2342 3332 
6121 3157 2705 3370 
6122 3162 1710 3235 
6123 2953 1027 3257 
6124 1631 1704 3330 
6125 2086 2294 3323 
6126 2087 2217 3355 
6127 3227 2318 3422 
6128 1198 2986 3249 
6129 2227 2418 3308 
6130 3167 1721 3438 
6131 516 3019 3316 
6132 3165 2169 3444 
6133 1513 1504 3325 
6134 1960 2991 3311 
6135 1199 537 3334 
6136 2576 1754 3337 
6137 3051 2429 3343 
6138 2343 2757 3384 
6139 3055 318 3320 
6140 2396 2941 3433 
6141 339 340 3336 
6142 1136 1132 3331 
6143 1966 3348 3450 
6144 3018 521 3319 
6145 416 1967 3329 
6146 291 292 3342 
6147 3233 2824 3455 
6148 1001 3212 3219 
6149 1967 3001 3329 
6150 2695 1345 3344 
6151 2532 1410 3453 
6152 1026 1018 3368 
6153 1104 433 3347 
6154 2105 3053 3358 
6155 2172 2425 3416 
6156 1913 2965 3376 
6157 2333 2410 3385 
6158 1341 3110 3384 
6159 2699 997 3357 
6160 2207 2536 3399 
6161 2305 2303 3315 
6162 1965 597 3335 
6163 3071 1968 3395 
6164 1527 2953 3264 
6165 2418 2228 3250 
6166 2058 2937 3324 
6167 1158 2742 3361 
6168 1136 3331 3366 
6169 2261 1907 3340 
6170 2211 3209 3453 
6171 1122 1111 3354 
6172 1032 3105 3380 
6173 2199 3170 3388 
6174 2541 3155 3432 
6175 2518 1495 3387 
6176 2560 2514 3406 
6177 2795 3132 3418 
6178 2740 1032 3380 
6179 3348 2271 3450 
6180 2944 1966 3450 
6181 2426 2427 3451 
6182 2287 3175 3448 
6183 1159 1136 3366 
6184 1676 1811 3386 
6185 2084 3252 3371 
6186 2247 2002 3383 
6187 2902 2524 3389 
6188 1921 1920 3343 
6189 2143 2735 3391 
6190 3184 2777 3379 
6191 3007 2140 3424 
6192 380 381 3401 
6193 3154 2589 3439 
6194 2052 3101 3241 
6195 2193 2194 3398 
6196 502 503 3396 
6197 55 56 3381 
6198 2542 2541 3432 
6199 618 619 3400 
6200 2635 1151 3427 
6201 1709 2142 3390 
6202 3079 2169 3417 
6203 1048 1046 3339 
6204 1966 3033 3348 
6205 1968 1969 3395 
6206 2121 2143 3408 
6207 1495 3338 3387 
6208 2163 2238 3405 
6209 1180 1051 3403 
6210 618 3400 3420 
6211 1106 427 3410 
6212 2169 2168 3417 
6213 2478 2479 3377 
6214 1027 3221 3257 
6215 2140 2569 3424 
6216 2019 2949 3382 
6217 2246 2152 3415 
6218 617 618 3420 
6219 1151 620 3427 
6220 2637 2638 3430 
6221 2700 1342 3455 
6222 2589 2588 3439 
6223 1149 2726 3430 
6224 2590 1138 3454 
6225 2358 3181 3297 
6226 2759 2760 3444 
6227 1772 3009 3321 
6228 2631 2630 3445 
6229 2271 2272 3450 
6230 2994 2038 3292 
6231 1050 1114 3429 
6232 3151 2058 3324 
6233 2305 3315 3364 
6234 1550 1471 3425 
6235 2788 1752 3431 
6236 2991 1045 3311 
6237 1073 1075 3372 
6238 1930 1990 3434 
6239 2255 2155 3414 
6240 1466 1464 3359 
6241 2238 3114 3405 
6242 3312 2476 3349 
6243 2048 2045 3446 
6244 1043 1047 3409 
6245 2905 2316 3413 
6246 3221 2992 3280 
6247 3170 1773 3388 
6248 1495 3001 3338 
6249 3163 1158 3361 
6250 2965 3298 3376 
6251 982 984 3234 
6252 1770 3018 3319 
6253 3153 2398 3339 
6254 3019 1771 3316 
6255 2307 2305 3364 
6256 2796 2795 3418 
6257 2866 2171 3456 
6258 1118 2931 3421 
6259 3039 2516 3345 
6260 2941 1683 3433 
6261 3068 1091 3287 
6262 2992 3069 3280 
6263 2030 3047 3346 
6264 3156 2099 3447 
6265 2985 1338 3374 
6266 2198 2199 3388 
6267 2381 3221 3280 
6268 3088 2699 3357 
6269 2171 3186 3456 
6270 1710 3061 3309 
6271 3086 1611 3292 
6272 1345 3059 3344 
6273 2158 2160 3443 
6274 3182 2019 3382 
6275 3098 2025 3297 
6276 2099 3156 3367 
6277 469 3039 3345 
6278 1338 3096 3374 
6279 3221 2379 3257 
6280 3047 472 3346 
6281 3117 2246 3415 
6282 2531 3055 3320 
6283 3177 2310 3359 
6284 3155 1972 3432 
6285 3040 2511 3407 
6286 2294 2231 3393 
6287 2479 3166 3376 
6288 3013 2520 3402 
6289 2228 2970 3250 
6290 3040 1412 3437 
6291 1016 3245 3246 
6292 3230 1750 3443 
6293 2226 2317 3412 
6294 1359 3156 3447 
6295 1943 3272 3312 
6296 3126 2255 3414 
6297 2922 3078 3363 
6298 3245 2240 3246 
6299 3110 2343 3384 
6300 3033 1420 3348 
6301 2955 3145 3318 
6302 2324 3228 3262 
6303 3183 1199 3334 
6304 3203 977 3394 
6305 3250 2333 3385 
6306 3223 621 3411 
6307 3181 3098 3297 
6308 3145 1487 3318 
6309 2987 1547 3436 
6310 3132 1107 3418 
6311 1773 3170 3381 
6312 2970 2969 3373 
6313 3053 2618 3441 
6314 1487 3190 3318 
6315 3078 2284 3363 
6316 2232 3196 3313 
6317 1935 3105 3448 
6318 2348 3213 3409 
6319 2495 3167 3438 
6320 2303 3300 3315 
6321 2411 3157 3370 
6322 3228 2237 3262 
6323 43 2224 3435 
6324 2760 3165 3444 
6325 1683 3423 3433 
6326 43 44 988 
6327 3300 2782 3315 
6328 2418 3250 3385 
6329 2160 3230 3443 
6330 1049 3198 3353 
6331 3209 2532 3453 
6332 3175 1935 3448 
6333 3298 1089 3377 
6334 1420 3301 3348 
6335 3272 2476 3312 
6336 3423 992 3433 
6337 3302 2400 3354 
6338 2969 3222 3373 
6339 2479 3298 3377 
6340 2511 3204 3407 
6341 3204 1657 3407 
6342 3282 2118 3338 
6343 2194 3247 3398 
6344 3298 2479 3376 
6345 1131 3259 3355 
6346 3223 2635 3427 
6347 2638 3223 3411 
6348 2232 3313 3392 
6349 3301 2271 3348 
6350 3313 1006 3392 
6351 2162 3085 3419 
6352 1342 3233 3455 
6353 3261 2590 3454 
6354 3281 1518 3426 
6355 33 34 1409 
6356 2162 3419 3452 
6357 3419 2161 3452 
6358 553 43 3435 
6359 32 33 1409 
6360 32 1409 2362 
6361 34 377 981 
6362 34 981 3139 
2 2 2 1430
6363 88 3480 3550 
6364 3477 85 3546 
6365 3469 255 3544 
6366 140 3486 3574 
6367 3466 212 3467 
6368 3472 263 3473 
6369 157 3481 3482 
6370 3481 160 3483 
6371 3482 3481 3570 
6372 3481 3483 3570 
6373 587 586 926 
6374 586 925 926 
6375 152 3570 3571 
6376 586 585 925 
6377 585 924 925 
6378 585 584 924 
6379 3459 171 3596 
6380 523 522 870 
6381 599 598 937 
6382 584 923 924 
6383 584 583 923 
6384 722 355 3586 
6385 583 922 923 
6386 171 3458 3596 
6387 583 582 922 
6388 582 921 922 
6389 582 581 921 
6390 514 861 862 
6391 3517 240 3519 
6392 784 417 783 
6393 599 937 938 
6394 581 920 921 
6395 467 466 826 
6396 320 319 687 
6397 305 304 673 
6398 773 407 772 
6399 581 580 920 
6400 566 243 906 
6401 523 870 871 
6402 580 919 920 
6403 580 579 919 
6404 600 599 938 
6405 579 918 919 
6406 474 473 832 
6407 579 578 918 
6408 524 523 871 
6409 578 917 918 
6410 578 577 917 
6411 184 3461 3590 
6412 577 916 917 
6413 407 406 772 
6414 577 576 916 
6415 600 938 939 
6416 576 915 916 
6417 466 825 826 
6418 576 575 915 
6419 187 3462 3589 
6420 418 417 784 
6421 575 914 915 
6422 514 513 861 
6423 575 574 914 
6424 772 406 771 
6425 688 320 687 
6426 673 304 672 
6427 601 600 939 
6428 574 913 914 
6429 524 871 872 
6430 3461 187 3589 
6431 574 573 913 
6432 573 912 913 
6433 466 465 825 
6434 573 572 912 
6435 572 911 912 
6436 785 418 784 
6437 572 571 911 
6438 525 524 872 
6439 513 860 861 
6440 321 320 688 
6441 304 303 672 
6442 601 939 940 
6443 571 910 911 
6444 571 570 910 
6445 406 405 771 
6446 570 909 910 
6447 474 832 833 
6448 570 569 909 
6449 602 601 940 
6450 569 908 909 
6451 569 568 908 
6452 771 405 770 
6453 3458 174 3595 
6454 568 907 908 
6455 465 824 825 
6456 568 567 907 
6457 525 872 873 
6458 567 906 907 
6459 567 566 906 
6460 602 940 941 
6461 419 418 785 
6462 3460 184 3590 
6463 526 525 873 
6464 689 321 688 
6465 672 303 671 
6466 465 464 824 
6467 475 474 833 
6468 513 512 860 
6469 405 404 770 
6470 603 602 941 
6471 786 419 785 
6472 770 404 769 
6473 322 321 689 
6474 303 302 671 
6475 603 941 942 
6476 526 873 874 
6477 512 859 860 
6478 464 823 824 
6479 3559 244 3597 
6480 604 603 942 
6481 151 3578 3602 
6482 102 3506 3531 
6483 3492 71 3532 
6484 527 526 874 
6485 404 403 769 
6486 420 419 786 
6487 464 463 823 
6488 604 942 943 
6489 475 833 834 
6490 769 403 768 
6491 322 689 690 
6492 671 302 670 
6493 174 3457 3595 
6494 512 511 859 
6495 527 874 875 
6496 605 604 943 
6497 243 559 905 
6498 787 420 786 
6499 528 527 875 
6500 403 402 768 
6501 463 822 823 
6502 323 322 690 
6503 302 301 670 
6504 605 943 944 
6505 511 858 859 
6506 476 475 834 
6507 768 402 767 
6508 606 605 944 
6509 463 462 822 
6510 3490 136 3527 
6511 528 875 876 
6512 421 420 787 
6513 564 563 3529 
6514 606 944 945 
6515 402 401 767 
6516 323 690 691 
6517 670 301 669 
6518 529 528 876 
6519 511 510 858 
6520 788 421 787 
6521 562 561 3529 
6522 607 606 945 
6523 462 821 822 
6524 767 401 766 
6525 553 219 3521 
6526 476 834 835 
6527 324 323 691 
6528 301 300 669 
6529 529 876 877 
6530 607 945 946 
6531 462 461 821 
6532 510 857 858 
6533 559 558 905 
6534 401 400 766 
6535 422 421 788 
6536 608 607 946 
6537 530 529 877 
6538 219 553 900 
6539 766 400 765 
6540 167 168 3557 
6541 477 476 835 
6542 692 324 691 
6543 669 300 668 
6544 608 946 947 
6545 461 820 821 
6546 789 422 788 
6547 530 877 878 
6548 510 509 857 
6549 218 3562 3606 
6550 3489 124 3633 
6551 609 608 947 
6552 400 399 765 
6553 461 460 820 
6554 3566 74 3598 
6555 531 530 878 
6556 325 324 692 
6557 300 299 668 
6558 269 3560 3605 
6559 558 904 905 
6560 609 947 948 
6561 765 399 764 
6562 509 856 857 
6563 423 422 789 
6564 191 832 3554 
6565 3466 3523 3563 
6566 610 609 948 
6567 531 878 879 
6568 477 835 836 
6569 99 3568 3601 
6570 460 819 820 
6571 3472 3525 3561 
6572 193 3522 3551 
6573 742 122 3538 
6574 3563 3523 3606 
6575 399 398 764 
6576 3530 220 3600 
6577 673 74 3565 
6578 99 687 3567 
6579 693 325 692 
6580 668 299 667 
6581 827 166 3539 
6582 423 789 790 
6583 3561 3525 3605 
6584 610 948 949 
6585 532 531 879 
6586 509 508 856 
6587 218 870 3562 
6588 460 459 819 
6589 764 398 763 
6590 178 828 3533 
6591 831 179 3535 
6592 269 937 3560 
6593 611 610 949 
6594 205 864 3542 
6595 532 879 880 
6596 326 325 693 
6597 299 298 667 
6598 478 477 836 
6599 1 638 3607 
6600 136 137 3527 
6601 930 244 3558 
6602 424 423 790 
6603 398 397 763 
6604 151 775 3577 
6605 611 949 950 
6606 508 855 856 
6607 240 241 3519 
6608 459 818 819 
6609 558 557 904 
6610 533 532 880 
6611 180 181 3572 
6612 612 611 950 
6613 763 397 762 
6614 424 790 791 
6615 694 326 693 
6616 667 298 666 
6617 459 458 818 
6618 191 3555 3599 
6619 612 950 951 
6620 508 507 855 
6621 533 880 881 
6622 397 396 762 
6623 478 836 837 
6624 613 612 951 
6625 425 424 791 
6626 534 533 881 
6627 458 817 818 
6628 976 60 3607 
6629 327 326 694 
6630 298 297 666 
6631 762 396 761 
6632 638 976 3607 
6633 507 854 855 
6634 613 951 952 
6635 534 881 882 
6636 557 903 904 
6637 396 395 761 
6638 458 457 817 
6639 425 791 792 
6640 45 44 3530 
6641 614 613 952 
6642 479 478 837 
6643 695 327 694 
6644 297 665 666 
6645 507 506 854 
6646 535 534 882 
6647 761 395 760 
6648 614 952 953 
6649 457 816 817 
6650 32 3527 3528 
6651 426 425 792 
6652 615 614 953 
6653 395 394 760 
6654 535 882 883 
6655 328 327 695 
6656 297 296 665 
6657 178 3534 3603 
6658 506 853 854 
6659 457 456 816 
6660 479 837 838 
6661 615 953 954 
6662 426 792 793 
6663 760 394 759 
6664 536 535 883 
6665 557 556 903 
6666 219 220 3530 
6667 616 615 954 
6668 506 505 853 
6669 696 328 695 
6670 665 296 664 
6671 456 815 816 
6672 394 393 759 
6673 536 883 884 
6674 427 426 793 
6675 616 954 955 
6676 480 479 838 
6677 759 393 758 
6678 456 455 815 
6679 537 536 884 
6680 505 852 853 
6681 617 616 955 
6682 329 328 696 
6683 296 295 664 
6684 427 793 794 
6685 393 392 758 
6686 617 955 956 
6687 455 814 815 
6688 537 884 885 
6689 505 504 852 
6690 428 427 794 
6691 697 329 696 
6692 664 295 663 
6693 758 392 757 
6694 556 902 903 
6695 480 838 839 
6696 618 617 956 
6697 3480 92 3640 
6698 3542 3552 3553 
6699 538 537 885 
6700 455 454 814 
6701 618 956 957 
6702 392 391 757 
6703 92 3479 3640 
6704 504 851 852 
6705 428 794 795 
6706 538 885 886 
6707 55 3519 3580 
6708 454 813 814 
6709 330 329 697 
6710 295 294 663 
6711 619 618 957 
6712 757 391 756 
6713 3470 251 3643 
6714 504 503 851 
6715 429 428 795 
6716 619 957 958 
6717 481 480 839 
6718 539 538 886 
6719 556 555 902 
6720 22 3520 3586 
6721 391 390 756 
6722 454 453 813 
6723 698 330 697 
6724 663 294 662 
6725 620 619 958 
6726 539 886 887 
6727 503 850 851 
6728 756 390 755 
6729 429 795 796 
6730 453 812 813 
6731 620 958 959 
6732 81 3477 3666 
6733 481 839 840 
6734 390 389 755 
6735 503 502 850 
6736 540 539 887 
6737 430 429 796 
6738 331 330 698 
6739 294 293 662 
6740 621 620 959 
6741 453 452 812 
6742 540 887 888 
6743 271 270 639 
6744 354 353 721 
6745 755 389 754 
6746 621 959 960 
6747 242 901 3581 
6748 699 331 698 
6749 662 293 661 
6750 452 811 812 
6751 502 849 850 
6752 430 796 797 
6753 389 388 754 
6754 555 901 902 
6755 622 621 960 
6756 541 540 888 
6757 640 271 639 
6758 353 720 721 
6759 502 501 849 
6760 482 481 840 
6761 431 430 797 
6762 622 960 961 
6763 754 388 753 
6764 452 451 811 
6765 541 888 889 
6766 332 331 699 
6767 293 292 661 
6768 388 387 753 
6769 451 810 811 
6770 555 554 901 
6771 482 840 841 
6772 501 848 849 
6773 623 622 961 
6774 431 797 798 
6775 3467 215 3468 
6776 197 3464 3465 
6777 3473 266 3474 
6778 272 271 640 
6779 353 352 720 
6780 501 500 848 
6781 542 541 889 
6782 623 961 962 
6783 700 332 699 
6784 661 292 660 
6785 432 431 798 
6786 251 3469 3643 
6787 753 387 752 
6788 542 889 890 
6789 451 450 810 
6790 641 272 640 
6791 352 719 720 
6792 192 489 847 
6793 387 386 752 
6794 624 623 962 
6795 450 809 810 
6796 500 192 848 
6797 500 499 192 
6798 624 962 963 
6799 3486 144 3669 
6800 490 489 192 
6801 432 798 799 
6802 3464 199 3564 
6803 178 3533 3534 
6804 543 542 890 
6805 445 165 805 
6806 433 432 799 
6807 333 332 700 
6808 292 291 660 
6809 483 482 841 
6810 752 386 751 
6811 543 890 891 
6812 386 385 751 
6813 625 624 963 
6814 450 449 809 
6815 273 272 641 
6816 352 351 719 
6817 144 3485 3669 
6818 333 700 701 
6819 660 291 659 
6820 445 444 165 
6821 3475 81 3666 
6822 483 841 842 
6823 449 808 809 
6824 625 963 964 
6825 433 799 800 
6826 434 433 800 
6827 642 273 641 
6828 351 718 719 
6829 751 385 750 
6830 544 543 891 
6831 385 384 750 
6832 626 625 964 
6833 544 891 892 
6834 449 448 808 
6835 626 964 965 
6836 448 807 808 
6837 334 333 701 
6838 291 290 659 
6839 435 434 801 
6840 434 800 801 
6841 750 384 749 
6842 384 383 749 
6843 274 273 642 
6844 351 350 718 
6845 702 334 701 
6846 659 290 658 
6847 545 544 892 
6848 484 483 842 
6849 627 626 965 
6850 436 435 802 
6851 448 447 807 
6852 545 892 893 
6853 627 965 966 
6854 447 806 807 
6855 435 801 802 
6856 643 274 642 
6857 718 350 717 
6858 484 842 843 
6859 441 440 3604 
6860 437 436 803 
6861 749 383 748 
6862 383 382 748 
6863 438 437 804 
6864 439 438 165 
6865 436 802 803 
6866 628 627 966 
6867 446 805 806 
6868 546 545 893 
6869 447 446 806 
6870 628 966 967 
6871 335 334 702 
6872 290 289 658 
6873 437 803 804 
6874 546 893 894 
6875 165 438 804 
6876 748 382 747 
6877 382 381 747 
6878 703 335 702 
6879 658 289 657 
6880 138 743 3587 
6881 275 274 643 
6882 350 349 717 
6883 629 628 967 
6884 446 445 805 
6885 644 275 643 
6886 717 349 716 
6887 629 967 968 
6888 485 484 843 
6889 485 843 844 
6890 547 546 894 
6891 747 381 746 
6892 381 380 746 
6893 547 894 895 
6894 630 629 968 
6895 336 335 703 
6896 289 288 657 
6897 380 379 745 
6898 746 380 745 
6899 630 968 969 
6900 704 336 703 
6901 657 288 656 
6902 276 275 644 
6903 349 348 716 
6904 548 547 895 
6905 723 356 722 
6906 356 355 722 
6907 548 895 896 
6908 645 276 644 
6909 716 348 715 
6910 199 3463 3564 
6911 379 378 744 
6912 745 379 744 
6913 486 844 845 
6914 724 357 723 
6915 631 630 969 
6916 357 356 723 
6917 970 631 969 
6918 486 485 844 
6919 378 377 743 
6920 725 358 724 
6921 358 357 724 
6922 744 378 743 
6923 726 359 725 
6924 549 548 896 
6925 549 896 897 
6926 359 358 725 
6927 288 287 656 
6928 337 336 704 
6929 656 287 655 
6930 705 337 704 
6931 727 360 726 
6932 632 631 970 
6933 487 845 846 
6934 742 375 741 
6935 360 359 726 
6936 971 632 970 
6937 376 375 742 
6938 728 361 727 
6939 646 277 645 
6940 715 347 714 
6941 277 276 645 
6942 348 347 715 
6943 741 374 740 
6944 361 360 727 
6945 729 362 728 
6946 375 374 741 
6947 740 373 739 
6948 488 846 847 
6949 362 361 728 
6950 730 363 729 
6951 739 372 738 
6952 374 373 740 
6953 487 486 845 
6954 550 897 898 
6955 731 364 730 
6956 550 549 897 
6957 363 362 729 
6958 738 371 737 
6959 168 3459 3557 
6960 732 365 731 
6961 373 372 739 
6962 737 370 736 
6963 733 366 732 
6964 633 632 971 
6965 364 363 730 
6966 736 369 735 
6967 972 633 971 
6968 734 367 733 
6969 735 368 734 
6970 372 371 738 
6971 365 364 731 
6972 371 370 737 
6973 655 286 654 
6974 706 338 705 
6975 366 365 732 
6976 370 369 736 
6977 367 366 733 
6978 369 368 735 
6979 368 367 734 
6980 287 286 655 
6981 338 337 705 
6982 647 278 646 
6983 714 346 713 
6984 488 487 846 
6985 551 898 899 
6986 278 277 646 
6987 347 346 714 
6988 551 550 898 
6989 489 488 847 
6990 973 634 972 
6991 634 633 972 
6992 654 285 653 
6993 707 339 706 
6994 552 899 900 
6995 648 279 647 
6996 713 345 712 
6997 552 551 899 
6998 974 635 973 
6999 286 285 654 
7000 339 338 706 
7001 635 634 973 
7002 279 278 647 
7003 346 345 713 
7004 653 284 652 
7005 340 707 708 
7006 649 280 648 
7007 712 344 711 
7008 553 552 900 
7009 975 636 974 
7010 636 635 974 
7011 652 283 651 
7012 341 708 709 
7013 285 284 653 
7014 340 339 707 
7015 650 281 649 
7016 711 343 710 
7017 651 282 650 
7018 710 342 709 
7019 280 279 648 
7020 345 344 712 
7021 976 637 975 
7022 637 636 975 
7023 284 283 652 
7024 341 340 708 
7025 281 280 649 
7026 344 343 711 
7027 638 637 976 
7028 283 282 651 
7029 342 341 709 
7030 282 281 650 
7031 343 342 710 
7032 443 442 3604 
7033 3549 87 3550 
7034 86 3545 3546 
7035 55 3517 3519 
7036 256 3543 3544 
7037 3558 244 3559 
7038 204 205 3553 
7039 191 3554 3555 
7040 3565 74 3566 
7041 99 3567 3568 
7042 3488 376 3538 
7043 743 377 3587 
7044 559 243 3588 
7045 181 3460 3572 
7046 3579 2 3607 
7047 151 3577 3578 
7048 165 444 3537 
7049 3488 122 3489 
7050 376 742 3538 
7051 3573 139 3574 
7052 34 33 3528 
7053 243 566 3588 
7054 560 559 3588 
7055 3 2 3579 
7056 901 554 3581 
7057 3525 3474 3605 
7058 439 165 3537 
7059 3523 3468 3606 
7060 3535 179 3536 
7061 721 100 3641 
7062 73 639 3642 
7063 192 499 3524 
7064 490 192 3524 
7065 781 152 3571 
7066 3463 202 3667 
7067 863 193 3551 
7068 936 257 3547 
7069 256 931 3543 
7070 869 206 3548 
7071 86 674 3545 
7072 686 87 3549 
7073 774 139 3573 
7074 164 782 3569 
7075 566 565 3588 
7076 60 61 3579 
7077 22 21 3487 
7078 3540 166 3557 
7079 3487 119 3668 
7080 3536 179 3572 
7081 554 56 3580 
7082 100 101 3531 
7083 72 73 3532 
7084 3539 166 3540 
7085 2 1 3607 
7086 245 3471 3597 
7087 56 55 3580 
7088 23 22 3586 
7089 55 54 3517 
7090 3462 190 3599 
7091 164 3569 3570 
7092 122 123 3489 
7093 75 3476 3598 
7094 241 242 3519 
7095 355 23 3586 
7096 25 3488 3489 
7097 268 269 3605 
7098 3557 3459 3596 
7099 217 218 3606 
7100 120 121 3520 
7101 499 498 3524 
7102 377 3528 3587 
7103 3478 98 3601 
7104 3572 3460 3590 
7105 122 3488 3538 
7106 3547 257 3561 
7107 3484 150 3602 
7108 3457 177 3603 
7109 3548 206 3563 
7110 497 496 3594 
7111 3463 3553 3564 
7112 137 138 3527 
7113 14 13 3506 
7114 8 7 3492 
7115 3506 13 3531 
7116 8 3492 3532 
7117 493 492 3594 
7118 3589 3462 3599 
7119 41 3522 3552 
7120 491 490 3524 
7121 563 562 3529 
7122 32 3490 3527 
7123 442 441 3604 
7124 3595 3457 3603 
7125 26 3489 3633 
7126 3570 36 3571 
7127 3537 443 3604 
7128 3522 41 3551 
7129 3575 3471 3576 
7130 48 47 3491 
7131 15 14 3511 
7132 29 28 3514 
7133 31 30 3496 
7134 50 49 3497 
7135 53 52 3504 
7136 52 51 3495 
7137 7 6 3498 
7138 19 18 3499 
7139 21 20 3513 
7140 5 4 3493 
7141 20 19 3503 
7142 4 3 3510 
7143 16 15 3505 
7144 17 16 3509 
7145 6 5 3508 
7146 18 17 3512 
7147 28 27 3502 
7148 47 46 3501 
7149 54 53 3515 
7150 27 26 3500 
7151 46 45 3507 
7152 49 48 3516 
7153 51 50 3518 
7154 32 31 3490 
7155 30 29 3494 
7156 3470 3575 3576 
7157 639 270 3642 
7158 354 721 3641 
7159 832 473 3554 
7160 440 3537 3604 
7161 58 591 3558 
7162 598 59 3560 
7163 3584 3476 3585 
7164 687 319 3567 
7165 305 673 3565 
7166 38 468 3539 
7167 870 522 3562 
7168 473 39 3554 
7169 522 42 3562 
7170 495 494 3526 
7171 3582 3479 3583 
7172 10 305 3565 
7173 319 11 3567 
7174 937 598 3560 
7175 3552 3522 3564 
7176 409 35 3577 
7177 831 3535 3639 
7178 3535 472 3639 
7179 469 38 3533 
7180 469 3533 3638 
7181 3533 828 3638 
7182 39 472 3535 
7183 3475 3584 3585 
7184 516 3542 3649 
7185 3542 864 3649 
7186 516 41 3542 
7187 775 409 3577 
7188 492 3591 3594 
7189 3558 591 3671 
7190 930 3558 3671 
7191 3478 3582 3583 
7192 3591 497 3594 
7193 3539 468 3674 
7194 3471 3575 3597 
7195 3476 3584 3598 
7196 491 3524 3591 
7197 3592 3485 3593 
7198 444 443 3537 
7199 827 3539 3674 
7200 3524 498 3591 
7201 12 354 3641 
7202 270 9 3642 
7203 100 3531 3641 
7204 3532 73 3642 
7205 493 496 3526 
7206 3484 3592 3593 
7207 3582 3478 3601 
7208 440 439 3537 
7209 9 8 3532 
7210 13 12 3531 
7211 554 3580 3581 
7212 118 3487 3622 
7213 221 3507 3600 
7214 3520 22 3668 
7215 22 3487 3668 
7216 3553 3463 3667 
7217 492 491 3591 
7218 3592 3484 3602 
7219 3540 3557 3596 
7220 3536 3572 3590 
7221 514 862 3670 
7222 561 560 3609 
7223 498 497 3591 
7224 62 3510 3608 
7225 3546 3566 3584 
7226 3568 3550 3582 
7227 3471 247 3576 
7228 3529 561 3609 
7229 783 417 3672 
7230 3501 224 3630 
7231 3507 222 3616 
7232 233 3495 3619 
7233 127 3502 3618 
7234 231 3518 3636 
7235 3499 113 3623 
7236 235 3504 3615 
7237 64 3493 3621 
7238 239 3517 3611 
7239 129 3514 3612 
7240 3498 69 3632 
7241 116 3513 3624 
7242 3516 228 3620 
7243 104 3511 3625 
7244 3514 130 3629 
7245 3496 134 3613 
7246 3509 109 3627 
7247 3504 236 3610 
7248 3508 67 3634 
7249 227 3516 3614 
7250 110 3512 3627 
7251 3511 105 3617 
7252 3505 107 3635 
7253 3513 117 3622 
7254 3515 238 3611 
7255 68 3498 3634 
7256 3512 111 3628 
7257 229 3497 3620 
7258 108 3509 3635 
7259 3493 65 3631 
7260 131 3494 3629 
7261 106 3505 3617 
7262 3491 226 3614 
7263 237 3515 3610 
7264 66 3508 3631 
7265 112 3499 3628 
7266 70 3492 3632 
7267 3503 115 3624 
7268 3506 103 3625 
7269 3510 63 3621 
7270 135 3490 3613 
7271 114 3503 3623 
7272 3500 126 3618 
7273 3518 232 3619 
7274 3497 230 3636 
7275 3502 128 3612 
7276 3495 234 3615 
7277 225 3491 3630 
7278 223 3501 3616 
7279 249 3470 3576 
7280 564 3529 3609 
7281 3531 12 3641 
7282 9 3532 3642 
7283 133 3496 3626 
7284 125 3500 3633 
7285 3494 132 3626 
7286 3544 3559 3575 
7287 467 826 3674 
7288 565 564 3609 
7289 3527 138 3528 
7290 3476 77 3585 
7291 3479 94 3583 
7292 496 493 3594 
7293 248 249 3576 
7294 247 248 3576 
7295 3458 3595 3596 
7296 41 515 3551 
7297 3461 3589 3590 
7298 407 773 3677 
7299 3534 3595 3603 
7300 3555 3589 3599 
7301 60 3579 3607 
7302 77 78 3585 
7303 78 79 3585 
7304 95 96 3583 
7305 94 95 3583 
7306 120 3520 3668 
7307 3485 146 3593 
7308 587 926 3676 
7309 36 415 3571 
7310 3528 138 3587 
7311 79 3475 3585 
7312 96 3478 3583 
7313 25 24 3488 
7314 147 148 3593 
7315 146 147 3593 
7316 515 514 3670 
7317 417 416 3672 
7318 416 36 3569 
7319 826 827 3674 
7320 415 781 3571 
7321 408 407 3677 
7322 830 831 3639 
7323 472 471 3639 
7324 3637 830 3639 
7325 471 3637 3639 
7326 829 830 3637 
7327 471 470 3637 
7328 3637 470 3638 
7329 829 3637 3638 
7330 828 829 3638 
7331 470 469 3638 
7332 35 408 3573 
7333 934 935 3644 
7334 596 595 3644 
7335 932 933 3645 
7336 594 593 3645 
7337 3644 935 3650 
7338 596 3644 3650 
7339 934 3644 3646 
7340 3644 595 3646 
7341 3645 933 3646 
7342 594 3645 3646 
7343 59 597 3547 
7344 932 3645 3648 
7345 3645 593 3648 
7346 936 3547 3650 
7347 3547 597 3650 
7348 866 867 3647 
7349 519 518 3647 
7350 313 312 3652 
7351 680 681 3652 
7352 3543 931 3648 
7353 592 3543 3648 
7354 592 58 3543 
7355 3647 518 3651 
7356 866 3647 3651 
7357 680 3652 3653 
7358 3652 312 3653 
7359 3647 867 3659 
7360 519 3647 3659 
7361 42 521 3548 
7362 3652 681 3661 
7363 313 3652 3661 
7364 517 516 3649 
7365 864 865 3649 
7366 595 594 3646 
7367 933 934 3646 
7368 518 517 3651 
7369 593 592 3648 
7370 597 596 3650 
7371 3548 521 3660 
7372 931 932 3648 
7373 935 936 3650 
7374 869 3548 3660 
7375 312 311 3653 
7376 679 680 3653 
7377 865 866 3651 
7378 679 3653 3658 
7379 3653 311 3658 
7380 306 3545 3654 
7381 3545 674 3654 
7382 3656 677 3657 
7383 306 10 3545 
7384 309 3656 3657 
7385 307 306 3654 
7386 308 307 3655 
7387 674 675 3654 
7388 676 677 3656 
7389 310 3657 3658 
7390 310 309 3657 
7391 311 310 3658 
7392 677 678 3657 
7393 678 679 3658 
7394 3657 678 3658 
7395 307 3654 3655 
7396 3655 676 3656 
7397 309 308 3656 
7398 675 676 3655 
7399 3654 675 3655 
7400 308 3655 3656 
7401 867 868 3659 
7402 520 519 3659 
7403 521 520 3660 
7404 314 313 3661 
7405 681 682 3661 
7406 868 869 3660 
7407 314 3661 3662 
7408 3661 682 3662 
7409 315 3662 3663 
7410 315 314 3662 
7411 682 683 3662 
7412 3662 683 3663 
7413 3549 318 3665 
7414 686 3549 3665 
7415 316 315 3663 
7416 683 684 3663 
7417 11 318 3549 
7418 317 316 3664 
7419 316 3663 3664 
7420 318 317 3665 
7421 684 685 3664 
7422 3663 684 3664 
7423 685 686 3665 
7424 317 3664 3665 
7425 3664 685 3665 
7426 3659 868 3660 
7427 520 3659 3660 
7428 517 3649 3651 
7429 3649 865 3651 
7430 926 927 3676 
7431 927 928 3675 
7432 928 929 3673 
7433 929 930 3671 
7434 410 409 3678 
7435 414 413 3681 
7436 412 411 3679 
7437 410 3678 3680 
7438 777 778 3679 
7439 781 415 3682 
7440 414 780 3682 
7441 3678 776 3680 
7442 780 781 3682 
7443 775 776 3678 
7444 780 414 3681 
7445 409 775 3678 
7446 3679 411 3680 
7447 778 412 3679 
7448 779 780 3681 
7449 413 412 3683 
7450 777 3679 3680 
7451 776 777 3680 
7452 778 779 3683 
7453 412 778 3683 
7454 779 413 3683 
7455 413 779 3681 
7456 411 410 3680 
7457 415 414 3682 
7458 591 590 3671 
7459 590 589 3673 
7460 589 588 3675 
7461 588 587 3676 
7462 3671 590 3673 
7463 3673 589 3675 
7464 3675 588 3676 
7465 927 3675 3676 
7466 928 3673 3675 
7467 929 3671 3673 
7468 773 774 3677 
7469 468 467 3674 
7470 863 3551 3670 
7471 782 783 3672 
7472 862 863 3670 
7473 148 3484 3593 
7474 44 3521 3530 
7475 774 3573 3677 
7476 3521 219 3530 
7477 202 203 3667 
7478 3569 782 3672 
7479 3578 3574 3592 
7480 3573 408 3677 
7481 3551 515 3670 
7482 416 3569 3672 
7483 42 3563 3606 
7484 59 3561 3605 
7485 3473 3474 3525 
7486 3465 3464 3522 
7487 3467 3468 3523 
7488 3556 3536 3590 
7489 266 267 3474 
7490 195 196 3465 
7491 215 216 3468 
7492 3541 3540 3596 
7493 3534 3541 3595 
7494 3555 3556 3589 
7495 179 180 3572 
7496 119 120 3668 
7497 3542 41 3552 
7498 3507 45 3600 
7499 3533 38 3534 
7500 3579 61 3608 
7501 169 170 3459 
7502 188 189 3462 
7503 3487 21 3622 
7504 172 173 3458 
7505 185 186 3461 
7506 3554 39 3555 
7507 90 91 3480 
7508 246 247 3471 
7509 45 3530 3600 
7510 82 83 3477 
7511 76 77 3476 
7512 93 94 3479 
7513 249 250 3470 
7514 264 265 3473 
7515 197 198 3464 
7516 213 214 3467 
7517 58 3558 3559 
7518 39 3535 3536 
7519 3479 3582 3640 
7520 10 3565 3566 
7521 560 3588 3609 
7522 3575 3470 3643 
7523 3567 11 3568 
7524 166 167 3557 
7525 38 3539 3540 
7526 142 143 3486 
7527 155 156 3482 
7528 161 162 3483 
7529 3562 42 3606 
7530 3560 59 3605 
7531 145 146 3485 
7532 11 3549 3550 
7533 3519 242 3580 
7534 3584 3475 3666 
7535 3520 121 3586 
7536 3580 242 3581 
7537 175 176 3457 
7538 182 183 3460 
7539 3545 10 3546 
7540 3510 3 3608 
7541 3543 58 3544 
7542 3588 565 3609 
7543 79 80 3475 
7544 96 97 3478 
7545 252 253 3469 
7546 261 262 3472 
7547 200 201 3463 
7548 210 211 3466 
7549 46 3507 3616 
7550 47 3501 3630 
7551 3495 51 3619 
7552 19 3499 3623 
7553 3502 27 3618 
7554 3518 50 3636 
7555 3493 4 3621 
7556 3517 54 3611 
7557 3504 52 3615 
7558 49 3516 3620 
7559 7 3498 3632 
7560 3511 14 3625 
7561 3514 28 3612 
7562 3513 20 3624 
7563 6 3508 3634 
7564 17 3509 3627 
7565 29 3514 3629 
7566 53 3504 3610 
7567 31 3496 3613 
7568 3512 17 3627 
7569 15 3511 3617 
7570 3516 48 3614 
7571 54 3515 3611 
7572 3497 49 3620 
7573 16 3505 3635 
7574 21 3513 3622 
7575 3505 15 3617 
7576 3498 6 3634 
7577 18 3512 3628 
7578 48 3491 3614 
7579 3494 29 3629 
7580 3490 31 3613 
7581 5 3493 3631 
7582 3515 53 3610 
7583 3492 7 3632 
7584 3509 16 3635 
7585 3508 5 3631 
7586 20 3503 3624 
7587 14 3506 3625 
7588 3499 18 3628 
7589 3503 19 3623 
7590 4 3510 3621 
7591 27 3500 3618 
7592 51 3518 3619 
7593 50 3497 3636 
7594 28 3502 3612 
7595 3491 47 3630 
7596 52 3495 3615 
7597 3501 46 3616 
7598 3577 35 3578 
7599 158 159 3481 
7600 148 149 3484 
7601 30 3494 3626 
7602 3500 26 3633 
7603 3496 30 3626 
7604 3485 3592 3669 
7605 3534 38 3541 
7606 3584 3566 3598 
7607 3575 3559 3597 
7608 35 3573 3574 
7609 3568 3582 3601 
7610 3555 39 3556 
7611 3578 3592 3602 
7612 3553 3552 3564 
7613 3569 36 3570 
7614 11 3550 3568 
7615 3546 10 3566 
7616 59 3547 3561 
7617 42 3548 3563 
7618 3544 58 3559 
7619 132 133 3626 
7620 124 125 3633 
7621 3522 3464 3564 
7622 44 43 3521 
7623 39 3536 3556 
7624 38 3540 3541 
7625 35 3574 3578 
7626 3 3579 3608 
7627 177 178 3603 
7628 3595 3541 3596 
7629 3589 3556 3590 
7630 224 225 3630 
7631 63 64 3621 
7632 228 229 3620 
7633 234 235 3615 
7634 103 104 3625 
7635 69 70 3632 
7636 113 114 3623 
7637 105 106 3617 
7638 107 108 3635 
7639 117 118 3622 
7640 130 131 3629 
7641 115 116 3624 
7642 134 135 3613 
7643 230 231 3636 
7644 236 237 3610 
7645 232 233 3619 
7646 111 112 3628 
7647 65 66 3631 
7648 67 68 3634 
7649 238 239 3611 
7650 109 110 3627 
7651 226 227 3614 
7652 222 223 3616 
7653 126 127 3618 
7654 128 129 3612 
7655 61 62 3608 
7656 244 245 3597 
7657 220 221 3600 
7658 74 75 3598 
7659 150 151 3602 
7660 98 99 3601 
7661 190 191 3599 
7662 3582 3550 3640 
7663 3546 3584 3666 
7664 3544 3575 3643 
7665 3592 3574 3669 
7666 43 553 3521 
7667 62 63 3510 
7668 64 65 3493 
7669 66 67 3508 
7670 68 69 3498 
7671 70 71 3492 
7672 102 103 3506 
7673 104 105 3511 
7674 106 107 3505 
7675 108 109 3509 
7676 110 111 3512 
7677 112 113 3499 
7678 114 115 3503 
7679 116 117 3513 
7680 118 119 3487 
7681 123 124 3489 
7682 125 126 3500 
7683 127 128 3502 
7684 129 130 3514 
7685 131 132 3494 
7686 133 134 3496 
7687 135 136 3490 
7688 221 222 3507 
7689 223 224 3501 
7690 225 226 3491 
7691 227 228 3516 
7692 229 230 3497 
7693 231 232 3518 
7694 233 234 3495 
7695 235 236 3504 
7696 237 238 3515 
7697 239 240 3517 
7698 494 493 3526 
7699 496 495 3526 
7700 24 376 3488 
7701 26 25 3489 
7702 33 32 3528 
7703 377 34 3528 
7704 441 442 37 
7705 494 495 40 
7706 562 563 57 
7707 71 72 3532 
7708 75 76 3476 
7709 80 81 3475 
7710 81 82 3477 
7711 83 84 3477 
7712 84 85 3477 
7713 85 86 3546 
7714 87 88 3550 
7715 88 89 3480 
7716 89 90 3480 
7717 91 92 3480 
7718 92 93 3479 
7719 97 98 3478 
7720 101 102 3531 
7721 121 722 3586 
7722 139 140 3574 
7723 140 141 3486 
7724 141 142 3486 
7725 143 144 3486 
7726 144 145 3485 
7727 149 150 3484 
7728 152 153 3482 
7729 152 3482 3570 
7730 153 154 3482 
7731 154 155 3482 
7732 156 157 3482 
7733 157 158 3481 
7734 159 160 3481 
7735 160 161 3483 
7736 162 163 3483 
7737 163 164 3483 
7738 3483 164 3570 
7739 168 169 3459 
7740 170 171 3459 
7741 171 172 3458 
7742 173 174 3458 
7743 174 175 3457 
7744 176 177 3457 
7745 181 182 3460 
7746 183 184 3460 
7747 184 185 3461 
7748 186 187 3461 
7749 187 188 3462 
7750 189 190 3462 
7751 193 194 3465 
7752 193 3465 3522 
7753 194 195 3465 
7754 196 197 3465 
7755 198 199 3464 
7756 199 200 3463 
7757 201 202 3463 
7758 203 204 3667 
7759 204 3553 3667 
7760 205 3542 3553 
7761 206 207 3563 
7762 207 208 3563 
7763 208 209 3466 
7764 208 3466 3563 
7765 209 210 3466 
7766 211 212 3466 
7767 212 213 3467 
7768 214 215 3467 
7769 216 217 3468 
7770 3468 217 3606 
7771 245 246 3471 
7772 250 251 3470 
7773 251 252 3469 
7774 253 254 3469 
7775 254 255 3469 
7776 255 256 3544 
7777 257 258 3561 
7778 258 259 3561 
7779 259 260 3472 
7780 259 3472 3561 
7781 260 261 3472 
7782 262 263 3472 
7783 263 264 3473 
7784 265 266 3473 
7785 267 268 3474 
7786 3474 268 3605 
7787 3466 3467 3523 
7788 3469 3544 3643 
7789 3472 3473 3525 
7790 3477 3546 3666 
7791 3550 3480 3640 
7792 3574 3486 3669 
$EndElements
